0	数据分析师	将台路	21:00发布	15k-25k	15k-25k 经验3-5年 / 本科	用户研究 需求分析 数据分析 用户增长	“五险一金 免费工作餐 定期体检”	移动互联网,文娱丨内容 / 不需要融资 / 15-50人	百变大侦探
1	数据分析师	望京	19:09发布	10k-20k	10k-20k 经验1-3年 / 本科	竞品分析 SaaS 企业软件	“风控独角兽、飞速发展、待遇给力”	企业服务,数据服务 / C轮 / 150-500人	数美
2	数据分析专员	立水桥	20:37发布	10k-15k	10k-15k 经验1-3年 / 本科	SQL python Linux系统	“午晚餐；六险一金；高效协作的团队；信息共享；”	移动互联网 / 不需要融资 / 50-150人	琥珀创想
3	数据分析师	朝阳区	19:21发布	8k-15k	8k-15k 经验不限 / 不限	企业服务 信息安全 需求分析 竞品分析 数据分析	“五险一金 双休 每年两次国内外游 弹性工作”	金融 / 未融资 / 50-150人	盛业恒泰投资
4	数据分析	朝阳区	19:16发布	15k-30k	15k-30k 经验3-5年 / 本科	大数据 数据挖掘	“大平台,核心部门,领导好”	信息安全 / 不需要融资 / 500-2000人	360os
5	数据分析	朝阳区	19:22发布	15k-30k	15k-30k 经验1-3年 / 本科	SQL Python	“试用期全薪 季度奖金 节日福利”	移动互联网 / B轮 / 50-150人	流体网络
6	数据分析师	三元桥	19:26发布	15k-20k	15k-20k 经验1-3年 / 本科	视频 产品策划 需求分析 数据分析	“互联网公司”	移动互联网,文娱丨内容 / 上市公司 / 50-150人	欢喜传媒
7	数据分析师	西二旗	14:26发布	10k-20k	10k-20k 经验5-10年 / 本科	数据分析 BI	“国际化团队”	硬件 / 上市公司 / 2000人以上	小米集团
8	数据分析师	朝阳区	19:00发布	15k-20k	15k-20k 经验1-3年 / 不限	直播	“上市公司，大神团队”	文娱丨内容 / 上市公司 / 500-2000人	映客
9	数据分析师	朝阳区	16:35发布	15k-25k	15k-25k 经验1-3年 / 本科	大数据 汽车 Python MySQL R	“发展空间 学习成长 扁平化管理”	移动互联网,电商 / 不需要融资 / 150-500人	邦邦汽服
10	数据分析师	小关	17:41发布	11k-20k	11k-20k 经验不限 / 本科	数据分析	“成熟团队，上升空间”	移动互联网 / 上市公司 / 2000人以上	世纪佳缘
11	数据分析师	朝阳区	18:24发布	15k-30k	15k-30k 经验3-5年 / 本科	数据分析 可视化 BI SQL	“牛人团队，期权股票”	移动互联网,文娱丨内容 / B轮 / 150-500人	一览科技
12	数据分析	呼家楼	18:23发布	12k-15k	12k-15k 经验不限 / 本科	数据整理	“弹性办公 周末双休 带薪年假”	金融 / 未融资 / 50-150人	盛业恒泰投资
13	数据分析师	朝外	18:32发布	15k-20k	15k-20k 经验1-3年 / 本科	可视化 数据分析 数据运营 BI	“五险一金,爱心早餐,商业保险”	移动互联网 / B轮 / 150-500人	有咖互动
14	数据分析	小关	17:40发布	15k-25k	15k-25k 经验3-5年 / 本科	社交 sql	“六险一金,成熟团队,上升空间”	移动互联网 / 上市公司 / 2000人以上	世纪佳缘
15	高级数据分析师	北京	20:02发布	25k-50k	25k-50k 经验3-5年 / 本科	Python R 游戏数据分析 数据量庞大	“数据量大，全面，有数据工程团队支撑，数据驱动”	移动互联网 / 不需要融资 / 150-500人	乐信圣文
16	数据分析实习生	海淀区	3天前发布	3k-5k	3k-5k 经验不限 / 本科	教育 数据分析 深入了解业务 沟通能力	“沉淀技术，能力提升，团队氛围好”	企业服务 / D轮及以上 / 500-2000人	拉勾网
17	高级数据分析师	海淀区	2020-12-24	20k-30k	20k-30k 经验1-3年 / 本科	数据分析	“平台广阔”	汽车丨出行 / 不需要融资 / 2000人以上	滴滴
18	数据分析专家	海淀区	2020-12-23	20k-40k	20k-40k 经验3-5年 / 本科	汽车 数据分析 SQL	“待遇优渥，发展空间大”	汽车丨出行 / 不需要融资 / 2000人以上	滴滴
19	数据分析师	朝阳区	2020-12-24	25k-50k	25k-50k 经验5-10年 / 本科	电商	“良好的发展前景”	消费生活 / D轮及以上 / 500-2000人	小红书
20	数据分析专家	燕莎	21:06发布	35k-55k	35k-55k 经验5-10年 / 本科	电商 决策能力 业务流程管理	“美女多,有期权,即将上市,大牛多”	移动互联网,电商 / 上市公司 / 2000人以上	伊澳科技
21	数据分析师	朝阳区	19:51发布	25k-45k	25k-45k 经验3-5年 / 本科	数据分析 数据运营	“发展空间 福利待遇”	移动互联网,金融 / B轮 / 500-2000人	小帮规划
22	数据分析实习生	CBD	19:28发布	3k-4k	3k-4k 经验1年以下 / 本科	数仓建模 SQL 数据分析	“专业度高 扁平管理 大牛带队”	企业服务,教育 / C轮 / 500-2000人	51社保网
23	数据分析师	朝阳区	19:34发布	18k-28k	18k-28k 经验1-3年 / 本科	安全数据 Hadoop Hive Spark	“不打卡 股票期权”	企业服务,信息安全 / 天使轮 / 15-50人	探真科技
24	数据分析师	望京	19:09发布	8k-15k	8k-15k 经验在校/应届 / 本科	大数据 云计算 SaaS BI 内容产品	“风控独角兽、飞速发展、待遇给力”	企业服务,数据服务 / C轮 / 150-500人	数美
25	数据分析实习生	立水桥	20:37发布	4k-5k	4k-5k 经验在校/应届 / 本科	工具软件 移动互联网 数据分析	“导师制；双休；交通补；餐补”	移动互联网 / 不需要融资 / 50-150人	琥珀创想
26	数据分析实习生	酒仙桥	16:19发布	10k-20k	10k-20k 经验不限 / 本科	电商 Hive MySQL	“成长空间 零食下午茶”	电商 / C轮 / 500-2000人	微店
27	数据分析师	来广营	18:34发布	18k-30k	18k-30k 经验3-5年 / 本科	云计算 大数据 需求分析 数据分析 BI	“弹性时间，氛围舒适”	数据服务 / 未融资 / 50-150人	鲸灵数据
28	数据分析师	朝阳区	17:38发布	15k-30k	15k-30k 经验5-10年 / 本科	大数据 SQLServer Hive 数据分析	“数据产品”	移动互联网,消费生活 / 不需要融资 / 50-150人	本木医疗
29	数据分析师	海淀区	10:03发布	15k-30k	15k-30k 经验3-5年 / 本科	直播 数据分析	“五险一金+餐补 地铁周边 弹性打卡，周末双休”	教育 / 未融资 / 50-150人	场圈招聘
30	数据分析师	中关村	17:21发布	16k-25k	16k-25k 经验3-5年 / 本科	数据分析	“季度奖 年终多薪 八险一金 弹性工作”	汽车丨出行 / 上市公司 / 2000人以上	汽车之家
31	数据分析师	中关村	17:55发布	15k-25k	15k-25k 经验1-3年 / 本科	教育 数据分析 用户增长	“数据大牛 2-4月年终奖 六险一金”	教育 / 上市公司 / 2000人以上	好未来
32	数据分析师	海淀区	18:39发布	15k-25k	15k-25k 经验5-10年 / 硕士	数据分析 SaaS SQL 数据处理	“补充医疗 餐补 交通补助 节日福利”	移动互联网,数据服务 / 未融资 / 50-150人	龙盾数据
33	高级数据分析师	三里屯	16:49发布	15k-30k	15k-30k 经验3-5年 / 本科	Hive	“公司平台好 发展空间大”	文娱丨内容 / 天使轮 / 15-50人	COGO开果
34	数据分析师	海淀区	18:05发布	20k-40k	20k-40k 经验3-5年 / 本科	数据分析	“免费三餐 发展空间”	房产家居 / 上市公司 / 2000人以上	贝壳
35	数据分析师	朝阳区	18:12发布	20k-35k	20k-35k 经验3-5年 / 本科	SQL	“国家高新技术企业认定 年终奖金 五险一金”	教育,数据服务 / 未融资 / 50-150人	北京平方佳企业管理有限公司
36	数据分析师	酒仙桥	16:19发布	12k-20k	12k-20k 经验1-3年 / 本科	电商 互联网金融 数据分析	“成长空间 零食下午茶”	电商 / C轮 / 500-2000人	微店
37	数据分析师	望京	15:59发布	9k-15k	9k-15k 经验不限 / 本科	大数据 数据库 数据分析	“大数据 多绩效 BI 数据仓储”	数据服务,信息安全 / C轮 / 50-150人	柏睿数据
38	数据分析师	西北旺	15:07发布	13k-25k	13k-25k 经验3-5年 / 本科	数据分析	“环境好,健身房,图书馆”	文娱丨内容 / 上市公司 / 2000人以上	新浪网
39	高级数据分析师	朝阳区	17:09发布	20k-40k	20k-40k 经验5-10年 / 本科	医疗健康	“全额五险一金，年终奖丰厚”	医疗健康 / B轮 / 150-500人	唯医骨科
40	数据分析经理	朝阳区	20:15发布	25k-50k	25k-50k 经验3-5年 / 本科	数据分析 行业分析	“带薪年假、团队大牛、领导nice”	教育 / B轮 / 500-2000人	鲸鱼外教培优
41	数据分析师	五道口	16:29发布	8k-12k	8k-12k 经验不限 / 大专	分类信息 企业服务 运营 数据分析 销售支持	“上市企业，重点业务”	移动互联网,企业服务 / 不需要融资 / 2000人以上	安居客
42	数据分析师	西三旗	16:13发布	15k-25k	15k-25k 经验1-3年 / 本科	电商 数据分析	“弹性工作、工作氛围好、六险一金、成长机会大”	移动互联网,消费生活 / B轮 / 500-2000人	转转
43	数据分析师	五道口	15:37发布	15k-30k	15k-30k 经验1-3年 / 本科	教育 数据分析	“紫光股份内初创的教育板块，发展上升期公司”	教育,软件开发 / 上市公司 / 150-500人	紫光教育
44	数据分析师	团结湖	16:01发布	15k-25k	15k-25k 经验1-3年 / 本科	商业 数据分析 SPSS SQL	“科技驱动；午餐晚餐；六险一金；地铁周边”	移动互联网,金融 / 不需要融资 / 150-500人	洋钱罐
45	高级数据分析师	西三旗	14:36发布	15k-25k	15k-25k 经验3-5年 / 本科	电商	“成长空间；六险一金”	移动互联网,消费生活 / B轮 / 500-2000人	转转
46	数据分析专家	海淀区	19:03发布	30k-40k	30k-40k 经验5-10年 / 本科	旅游	“团队大牛多；16薪起；行业TOP；发展前景好”	旅游 / 不需要融资 / 2000人以上	去哪儿网
47	高级数据分析师	奥运村	14:01发布	25k-50k	25k-50k 经验5-10年 / 硕士	游戏 算法 数据分析 数据架构	“六险一金，年终奖，年度旅游”	移动互联网 / 上市公司 / 150-500人	壳木软件
48	数据分析师	海淀区	13:42发布	10k-18k	10k-18k 经验1-3年 / 本科	大数据 SQL 数据分析	“工作稳定，福利全面，人性化管理”	通讯电子 / 不需要融资 / 150-500人	中国电信增值业务运营中心
49	高级数据分析师	朝阳区	15:26发布	20k-40k	20k-40k 经验3-5年 / 本科	教育 Hive MySQL Python	“15薪、不加班、教育项目有前景”	移动互联网,游戏 / 上市公司 / 2000人以上	完美世界
50	数据分析师	中关村	15:34发布	20k-30k	20k-30k 经验3-5年 / 本科	数据分析	“核心业务”	文娱丨内容 / 上市公司 / 2000人以上	爱奇艺
51	数据分析师	朝阳区	19:00发布	20k-40k	20k-40k 经验3-5年 / 不限	社交	“上市公司，大神团队”	文娱丨内容 / 上市公司 / 500-2000人	映客
52	数据分析实习生	团结湖	18:41发布	2k-4k	2k-4k 经验在校/应届 / 本科	移动互联网 大数据	“团队氛围好 下午茶”	移动互联网,社交 / C轮 / 500-2000人	亚创
53	数据分析师	海淀区	14:27发布	15k-30k	15k-30k 经验3-5年 / 不限	运营	“免费班车”	硬件 / 上市公司 / 2000人以上	小米集团
54	数据分析	燕莎	18:26发布	4k-6k	4k-6k 经验在校/应届 / 本科	企业服务 移动互联网 需求分析	“团队niec”	移动互联网,企业服务 / B轮 / 150-500人	亿欧
55	数据分析师	西北旺	11:27发布	10k-20k	10k-20k 经验3-5年 / 本科	数据分析	“七险一金,年底双薪,节日福利”	物流丨运输,软件开发 / D轮及以上 / 500-2000人	福佑卡车
56	数据分析营销课讲师	海淀区	2020-12-22	15k-30k	15k-30k 经验3-5年 / 本科	教育 有提成	“领导Nice 高薪职业”	企业服务 / D轮及以上 / 500-2000人	拉勾网
57	数据分析实习生	海淀区	18:04发布	5k-8k	5k-8k 经验在校/应届 / 本科	教育 移动互联网 Python MySQL	“创新市场；快速增长；十四薪；”	移动互联网,教育 / A轮 / 150-500人	天天乐学
58	资深数据分析师	海淀区	17:12发布	28k-48k	28k-48k 经验5-10年 / 硕士	游戏 数据分析	“高福利 六险一金 扁平化”	移动互联网,游戏 / 不需要融资 / 500-2000人	乐元素游戏
59	数据分析师	北苑	16:41发布	8k-13k	8k-13k 经验在校/应届 / 本科	跨境电商 数据 SAS SQL	“大咖带教、上升空间大”	企业服务 / D轮及以上 / 150-500人	Flash express
60	数据分析师	朝阳区	13:05发布	15k-20k	15k-20k 经验3-5年 / 本科	用户增长 数据分析	“公司发展前景广阔”	软件开发 / 不需要融资 / 15-50人	磐恒科技
61	数据分析师	通州区	14:08发布	20k-35k	20k-35k 经验5-10年 / 本科	电商 移动互联网 数据分析 excel HIVEQL数据库	“福利待遇、发展前景”	电商 / 上市公司 / 2000人以上	京东集团
62	数据分析师	海淀区	15:46发布	15k-20k	15k-20k 经验3-5年 / 本科	工具软件 游戏 数据分析	“六险一金、年终奖、生日会、团建聚餐”	移动互联网,游戏 / A轮 / 50-150人	开心灿烂
63	数据分析师	昌平区	14:20发布	20k-40k	20k-40k 经验3-5年 / 本科	数据分析	“通勤班车；员工食堂；福利待遇好”	金融 / 不需要融资 / 2000人以上	泰康保险集团
64	资深数据分析师	海淀区	13:36发布	15k-25k	15k-25k 经验1-3年 / 本科	数据分析	“大平台 多团队 对接多部门 接触多领域”	企业服务,移动互联网 / 不需要融资 / 2000人以上	微创软件
65	高级数据分析师	清河	12:46发布	15k-25k	15k-25k 经验3-5年 / 本科	大数据 商业 数据分析	“六险一金,三餐免费,免费下午茶,各种团建”	移动互联网 / 上市公司 / 2000人以上	金山办公软件
66	数据分析师	朝阳区	11:39发布	12k-20k	12k-20k 经验1-3年 / 本科	数据分析	“平台好,领导好,扁平化,福利好”	教育 / A轮 / 150-500人	土豆雅思
67	数据分析师	望京	14:08发布	20k-40k	20k-40k 经验1-3年 / 本科	数据分析	“领导nic,福利多多,团队氛围好”	移动互联网,文娱丨内容 / B轮 / 150-500人	一览科技
68	电商数据分析	国贸	21:25发布	15k-30k	15k-30k 经验3-5年 / 本科	电商 新零售 数据分析 行业分析 市场竞争分析 消费者分析	“七险一金，免费三餐，弹性上班，带薪假期”	移动互联网,社交 / C轮 / 150-500人	果壳
69	广告数据分析师	朝阳区	20:29发布	12k-18k	12k-18k 经验3-5年 / 本科	数据分析 市场分析 行业分析	“团队稳定 五险一金 福利团建 领导nice”	社交 / 不需要融资 / 150-500人	花椒直播
70	数据分析师	上地	12:46发布	15k-25k	15k-25k 经验1-3年 / 本科	数据分析 SQL 商业 数据库	“免费三餐,免费健身房”	移动互联网 / 上市公司 / 2000人以上	金山办公软件
71	高级数据分析师	知春路	16:12发布	25k-45k	25k-45k 经验在校/应届 / 本科	数据分析	“六险一金 免费下午茶 晚餐”	移动互联网,社交 / B轮 / 150-500人	美篇
72	数据分析岗 (MJ000404)	朝阳区	21:05发布	15k-30k	15k-30k 经验3-5年 / 本科	互联网金融	“学习机会 发展空间”	金融 / 不需要融资 / 150-500人	百信银行
73	商业数据分析师	朝阳区	20:15发布	11k-22k	11k-22k 经验3-5年 / 本科	教育 数据分析 数据运营	“扁平化管理、快速晋升通道”	教育 / B轮 / 500-2000人	鲸鱼外教培优
74	数据分析师	海淀区	10:43发布	15k-22k	15k-22k 经验3-5年 / 本科	游戏	“发展空间大，团队实力强”	游戏 / 上市公司 / 2000人以上	金山世游
75	数据分析实习生	牡丹园	15:44发布	2k-4k	2k-4k 经验在校/应届 / 本科	数据分析	“学习空间大,公司氛围好,发展前景好”	移动互联网,数据服务 / 不需要融资 / 50-150人	e调研
76	数据分析实习生	三元桥	16:00发布	5k-7k	5k-7k 经验在校/应届 / 本科	数据分析	“人性化管理,业内大佬”	医疗丨健康,数据服务 / 未融资 / 15-50人	法伯宏业
77	数据分析师	西城区	10:22发布	13k-20k	13k-20k 经验1-3年 / 本科	SQLServer	“绩效奖金带薪年假弹性工作技能培训岗位晋升”	移动互联网,消费生活 / 不需要融资 / 500-2000人	哗啦啦
78	数据分析师	五道口	10:22发布	15k-25k	15k-25k 经验3-5年 / 本科	增长黑客 数据分析 数据运营	“舒适工作环境 诱惑薪酬福利 良好文化氛围”	移动互联网 / 不需要融资 / 150-500人	酷划在线
79	数据建模岗	车公庄	19:57发布	10k-20k	10k-20k 经验1-3年 / 本科	深度学习	“互联网 七险一金 团建旅游”	移动互联网,金融 / A轮 / 150-500人	民生易贷
80	数据分析师	西北旺	11:27发布	20k-35k	20k-35k 经验3-5年 / 本科	物流 移动互联网	“薪资高+发展好”	物流丨运输,软件开发 / D轮及以上 / 500-2000人	福佑卡车
81	数据分析师	北京大学	10:05发布	15k-20k	15k-20k 经验3-5年 / 本科	互联网 数据分析 用户研究	“公司平台、员工福利、晋升空间”	文娱丨内容 / 上市公司 / 2000人以上	新浪网
82	数据分析师	双榆树	15:28发布	20k-40k	20k-40k 经验3-5年 / 本科	数据分析 用户研究 内容产品	“顶配大厂”	移动互联网 / D轮及以上 / 2000人以上	快手
83	数据分析师	望京	11:42发布	30k-40k	30k-40k 经验5-10年 / 本科	数据分析	“六险一金”	企业服务,广告营销 / 不需要融资 / 500-2000人	丽兹行
84	高级数据分析师	西二旗	11:19发布	20k-40k	20k-40k 经验3-5年 / 本科	数据分析	“发展前景好”	文娱丨内容 / D轮及以上 / 2000人以上	快手
85	数据分析师	朝阳区	09:59发布	13k-25k	13k-25k 经验3-5年 / 本科	大数据 数据分析	“行业情景好，公司发展快，团队氛围好”	游戏,数据服务 / A轮 / 15-50人	数数科技
86	数据分析师	大兴区	09:48发布	15k-30k	15k-30k 经验5-10年 / 本科	口腔医疗 数据分析 数据挖掘	“公司重点项目 核心团队支持 发展空间大”	医疗丨健康 / B轮 / 150-500人	美立刻
87	BI数据分析顾问- Tableau	三元桥	19:38发布	10k-15k	10k-15k 经验3-5年 / 本科	大数据 数据分析	“五险一金，年底双薪，优秀团队”	文娱丨内容 / 未融资 / 500-2000人	慧科讯业
88	数据分析师	亦庄	09:48发布	15k-30k	15k-30k 经验5-10年 / 不限	医疗健康 用户研究 数据分析	“平台好 公司重点项目 发展机会多”	医疗丨健康 / B轮 / 150-500人	美立刻
89	高级数据分析师	朝阳区	11:23发布	25k-50k	25k-50k 经验5-10年 / 本科	数据分析	“六险一金/弹性工作/扁平管理”	移动互联网,数据服务 / B轮 / 150-500人	易观
90	数据分析师	朝阳区	11:23发布	25k-50k	25k-50k 经验3-5年 / 本科	BI 商业 增长黑客 数据运营	“六险一金/弹性工作/扁平管理”	移动互联网,数据服务 / B轮 / 150-500人	易观
91	数据分析师(可转产品经理）	朝阳区	18:56发布	15k-25k	15k-25k 经验1-3年 / 本科	SQL	“平台稳定+成长晋升+技术驱动+股票激励”	移动互联网 / 上市公司 / 500-2000人	安居客
92	游戏数据分析	海淀区	20:28发布	10k-15k	10k-15k 经验1-3年 / 本科	游戏 数据分析 数据运营	“全球化项目,氛围好,免费用餐,股票期权”	游戏 / 不需要融资 / 150-500人	新创娱游
93	数据分析师	望京	10:09发布	15k-30k	15k-30k 经验3-5年 / 本科	电商 移动互联网 SQL Tableau	“技术大牛 扁平化”	社交,文娱丨内容 / D轮及以上 / 500-2000人	Keep
94	数据分析	昌平区	10:38发布	17k-25k	17k-25k 经验3-5年 / 本科	节日礼物 技能培训 股票期权 免费班车	“行业独角兽 核心业务”	消费生活 / D轮及以上 / 2000人以上	58到家
95	高级数据分析师	西城区	10:22发布	25k-45k	25k-45k 经验3-5年 / 本科	Python	“带薪年假 专业培训 五险 双休”	移动互联网,消费生活 / 不需要融资 / 500-2000人	哗啦啦
96	数据分析实习生	朝阳区	14:03发布	4k-5k	4k-5k 经验在校/应届 / 本科	MySQL	“周末双休”	移动互联网,金融 / A轮 / 150-500人	币世界
97	数据分析师	朝阳区	10:19发布	15k-25k	15k-25k 经验1-3年 / 本科	互联网金融 Python	“领导nice 成长空间大 团队氛围好 免费体检”	人工智能,软件开发 / D轮及以上 / 500-2000人	鲸算科技
98	风险经理（数据建模）	海淀区	19:57发布	15k-25k	15k-25k 经验3-5年 / 本科	风控 风险管理	“补充医疗,定期体检,团队旅游,大咖团队”	移动互联网,金融 / A轮 / 150-500人	民生易贷
99	数据分析师	望京	10:43发布	13k-15k	13k-15k 经验1-3年 / 本科	数据分析 SQL	“免费课程”	教育 / 上市公司 / 2000人以上	尚德机构
100	数据分析师	西城区	10:34发布	20k-30k	20k-30k 经验3-5年 / 本科	教育	“团队氛围超nice，发展空间大”	教育 / A轮 / 2000人以上	豌豆思维
101	15k高薪聘金融数据分析师 双休 五险	朝阳区	19:25发布	8k-15k	8k-15k 经验不限 / 不限	期货 操盘手 外汇 证券	“双休 带薪年假 节日福利 员工旅游”	金融 / 未融资 / 150-500人	储慧国际咨询
102	数据分析师	朝阳区	10:39发布	20k-30k	20k-30k 经验3-5年 / 本科	金融	“周末双休、弹性工作、五险一金、绩效奖金”	金融 / 上市公司 / 500-2000人	360数科
103	数据分析师	双井	10:47发布	23k-35k	23k-35k 经验5-10年 / 本科	互联网金融 银行 数据分析 数据处理	“待遇好，有发展”	移动互联网,金融 / 不需要融资 / 150-500人	幸福消费金融
104	数据分析	朝阳区	10:30发布	15k-30k	15k-30k 经验1-3年 / 本科	移动互联网 数据仓库 SQL python	“双休 五险一金 技术氛围好 福利待遇好”	移动互联网 / B轮 / 50-150人	流体网络
105	数据分析师	中关村	09:30发布	10k-20k	10k-20k 经验不限 / 本科	教育 数据分析	“行业**；发展前景大。”	教育 / 上市公司 / 2000人以上	新东方教育科技集团
106	15k高薪聘金融数据分析师 双休 五险	朝阳区	19:25发布	8k-15k	8k-15k 经验不限 / 不限	期货 操盘手 外汇 证券	“双休 带薪年假 节日福利 员工旅游”	金融 / 未融资 / 150-500人	储慧国际咨询
107	高级数据分析师(J10800)	马甸	20:28发布	20k-35k	20k-35k 经验3-5年 / 本科	教育 数据分析 BI SQL	“发展成长快，团队大牛多”	移动互联网 / C轮 / 2000人以上	伴鱼
108	高级商业数据分析师(J10796)	马甸	20:28发布	20k-40k	20k-40k 经验3-5年 / 本科	教育 数据分析 数据运营 SQL Python	“发展成长快，团队大牛多”	移动互联网 / C轮 / 2000人以上	伴鱼
109	数据分析专家 (MJ000038)	学院路	20:20发布	30k-50k	30k-50k 经验5-10年 / 本科	社交 数据分析 增长黑客 数据运营	“持续盈利 发展好 用户过亿数据量大 福利好”	移动互联网,社交 / B轮 / 150-500人	美篇
110	游戏运营-数据分析	亚运村	20:34发布	6k-12k	6k-12k 经验1-3年 / 本科	游戏 数据分析 游戏运营	“优秀团队,提升空间”	移动互联网 / 不需要融资 / 15-50人	十方途创
111	数据分析师	海淀区	10:54发布	10k-15k	10k-15k 经验1-3年 / 硕士	数据分析	“六险一金”	移动互联网,数据服务 / A轮 / 15-50人	人人云图
112	高级数据分析师	南礼士路	09:57发布	20k-30k	20k-30k 经验3-5年 / 本科	金融 Python	“行业前景好，发展前景佳，团队氛围好”	金融 / 不需要融资 / 500-2000人	天弘基金
113	数据分析师	西北旺	09:45发布	25k-45k	25k-45k 经验5-10年 / 本科	数据分析	“大牛团队 发展前景 薪资客观”	金融 / 不需要融资 / 500-2000人	欧科云链集团
114	资深/数据分析专家【品牌与增长】	昌平区	19:08发布	30k-60k	30k-60k 经验5-10年 / 本科	数据分析 数据运营 商业 可视化	“六险一金、绩效奖金，股票激励”	教育 / 上市公司 / 2000人以上	跟谁学-高途课堂
115	数据分析师	昌平区	11:36发布	20k-40k	20k-40k 经验5-10年 / 本科	数据分析 数据	“福利薪资优厚，晋升发展空间大”	教育 / 上市公司 / 2000人以上	跟谁学-高途课堂
116	资深业务数据分析师	朝阳区	19:14发布	20k-40k	20k-40k 经验不限 / 不限	数据分析	“创新业务，发展空间大”	消费生活 / 上市公司 / 2000人以上	美团
117	数据分析师	百子湾	09:36发布	10k-15k	10k-15k 经验不限 / 不限	数据分析	“周末双休/ 定期团建/ 全勤奖/ 带团队/”	金融,其他 / 未融资 / 150-500人	磐程科技
118	金融数据分析师	朝阳区	19:04发布	8k-15k	8k-15k 经验在校/应届 / 本科	金融 数据分析 二级市场 外汇	“弹性工作 五险一金 周末双休”	金融 / 未融资 / 150-500人	储慧国际咨询
119	数据分析师	常营	10:27发布	12k-15k	12k-15k 经验1-3年 / 本科	竞品分析 用户分析 舆情分析 定量分析	“五险一金+补充医疗保险+定期体检+出国游”	文娱丨内容 / 未融资 / 15-50人	有糖营销
120	数据分析	苹果园	09:39发布	6k-10k	6k-10k 经验在校/应届 / 本科	通信/网络设备	“各种补助”	移动互联网,其他 / D轮及以上 / 500-2000人	分享通信
121	数据分析专家	海淀区	04:10发布	15k-30k	15k-30k 经验3-5年 / 本科	数据分析	“六险一金,租房补贴,免费三餐,弹性工作”	文娱丨内容 / D轮及以上 / 2000人以上	字节跳动
122	数据分析师	海淀区	08:51发布	20k-40k	20k-40k 经验3-5年 / 本科	大数据 数据分析	“加班少，待遇好。”	软件开发 / 未融资 / 500-2000人	仁葆福
123	商业数据分析师 Business Data Analyst	建国门	17:26发布	10k-20k	10k-20k 经验3-5年 / 本科	商业 数据分析	“超长假期 扁平管理 发展空间大”	移动互联网,企业服务 / A轮 / 50-150人	印象笔记
124	数据分析师	中关村	2020-12-09	20k-40k	20k-40k 经验5-10年 / 本科	商业 数据分析 BI	“平台大 氛围好 福利优”	汽车丨出行 / 上市公司 / 2000人以上	汽车之家
125	BI数据分析工程师	望京	17:17发布	10k-20k	10k-20k 经验3-5年 / 本科	教育 数据分析 数据库 BI	“五险一金，公司免费食堂，交通补助，年终奖”	硬件,教育 / C轮 / 150-500人	小叶子The ONE
126	营销事业部-数据分析师	五道口	18:34发布	15k-30k	15k-30k 经验3-5年 / 本科	数据分析 市场分析 渠道 代理商	“团队专业度和氛围好，有发展空间”	工具 / 上市公司 / 2000人以上	搜狗
127	BI数据分析师0530	东城区	19:02发布	15k-30k	15k-30k 经验1-3年 / 本科	互联网金融	“免费餐饮,免费健身,弹性工作”	移动互联网 / 不需要融资 / 150-500人	蓝诺微银
128	业务顾问（广告数据分析）	望京	17:01发布	12k-18k	12k-18k 经验3-5年 / 本科	大数据 广告营销 媒介 SAE	“行业TOP;团队氛围，晋升空间；福利待遇”	数据服务,广告营销 / D轮及以上 / 2000人以上	明略科技集团
129	商业数据分析师	朝阳区	17:30发布	14k-25k	14k-25k 经验3-5年 / 本科	企业服务 大数据 行业分析 市场分析 市场竞争分析 消费者分析	“核心岗位、双休、弹性工作”	数据服务 / B轮 / 150-500人	DataStory
130	数据分析	定福庄	07:31发布	3k-6k	3k-6k 经验在校/应届 / 本科	电商 旅游 数据挖掘 数据处理	“福利多，提升快”	移动互联网,数据服务 / B轮 / 50-150人	优捷信达
131	02316O-数据分析专家（用户增长方向）	海淀区	00:00发布	25k-50k	25k-50k 经验3-5年 / 本科	数据分析	“五险一金,绩效奖金,员工旅游,高温补贴”	金融 / 上市公司 / 2000人以上	平安人寿
132	资深/数据分析专家【品牌与增长】	昌平区	19:08发布	30k-60k	30k-60k 经验5-10年 / 本科	数据分析 数据运营 商业 可视化	“六险一金、绩效奖金，股票激励”	教育 / 上市公司 / 2000人以上	跟谁学-高途课堂
133	数据分析师实习生	西北旺	15:40发布	3k-4k	3k-4k 经验在校/应届 / 本科	大数据 运营 数据分析 python	“互联网金融大平台，团队能力出众，成长空间大。”	金融 / A轮 / 2000人以上	度小满金融
134	数据分析师-市场营销部 (MJ004986)	中关村	17:25发布	15k-25k	15k-25k 经验3-5年 / 本科	旅游 用户留存 用户增长 数据建设	“氛围好”	旅游 / 不需要融资 / 2000人以上	去哪儿网
135	风险数据分析岗	朝外	18:47发布	15k-25k	15k-25k 经验3-5年 / 硕士	资信评估 风险分析	“队友优秀，福利待遇好，公司业务稳定”	金融 / 不需要融资 / 2000人以上	阳光产险信保事业部
136	数据分析主管/经理	朝阳区	17:18发布	15k-26k	15k-26k 经验3-5年 / 本科	数据分析	“上市公司 平台大 发展好”	企业服务 / 上市公司 / 2000人以上	微盟
137	数据分析师 (MJ000178)	燕莎	18:11发布	10k-20k	10k-20k 经验在校/应届 / 本科	社交 游戏	“快速发展 福利完善”	移动互联网 / A轮 / 150-500人	MICO
138	资深业务数据分析师	朝阳区	19:14发布	20k-40k	20k-40k 经验不限 / 不限	数据分析	“创新业务，发展空间大”	消费生活 / 上市公司 / 2000人以上	美团
139	游戏数据分析师	颐和园	17:34发布	12k-16k	12k-16k 经验1-3年 / 本科	游戏 数据分析 活动运营 游戏运营 市场	“五险一金 全勤奖 免费班车 带薪年假”	移动互联网,游戏 / 不需要融资 / 150-500人	奇客创想
140	行业大数据分析主管	三里屯	18:24发布	20k-40k	20k-40k 经验5-10年 / 本科	大数据 广告营销 商业 数据库 数据分析 行业研究	“大平台，发展好，工作环境赞”	文娱丨内容 / 上市公司 / 2000人以上	微博
141	高级数据分析专家	西北旺	17:53发布	45k-90k	45k-90k 经验5-10年 / 本科	BI分析 数据分析 商业分析	“发展空间大，不加班”	硬件,数据服务 / 不需要融资 / 150-500人	圣达龙翔
142	数据建模工程师	朝阳区	18:03发布	20k-35k	20k-35k 经验3-5年 / 本科	数仓建模 ETL	“500强 八险一金 15天年假 work-life balance”	数据服务 / 上市公司 / 2000人以上	哈里伯顿中国
143	数据分析师-信息安全	朝阳区	16:34发布	15k-30k	15k-30k 经验3-5年 / 本科	信息安全 数据分析	“58集团中台部门/信息安全深度领域”	移动互联网 / 上市公司 / 500-2000人	安居客
144	（高级）数据分析师	北苑	16:23发布	15k-30k	15k-30k 经验5-10年 / 本科	电商 移动互联网 数据分析 数据运营 SQL	“公司靠谱,产品靠谱,领导靠谱,团队靠谱”	消费生活 / D轮及以上 / 2000人以上	58到家
145	校招-数据分析师0555	东城区	19:02发布	15k-25k	15k-25k 经验在校/应届 / 本科	数据分析	“免费餐饮,免费健身,弹性工作”	移动互联网 / 不需要融资 / 150-500人	蓝诺微银
146	高级游戏数据分析师	朝阳区	17:46发布	20k-40k	20k-40k 经验3-5年 / 本科	游戏	“六险一金绩效奖金年终奖餐补话费补助”	文娱丨内容 / 未融资 / 150-500人	纵横文学
147	研究员（数据分析师）	朝阳区	16:25发布	8k-15k	8k-15k 经验1-3年 / 本科	行业分析 市场分析 市场竞争分析 消费者分析	“行业TOP;团队氛围，晋升空间；福利待遇”	数据服务,广告营销 / D轮及以上 / 2000人以上	明略科技集团
148	风控数据分析师	朝阳区	16:06发布	15k-25k	15k-25k 经验不限 / 本科	金融 策略设计 风控	“打不卡 技术大牛 成长快”	数据服务,软件开发 / 不需要融资 / 500-2000人	一零跃动
149	数据分析岗	亦庄	15:53发布	15k-30k	15k-30k 经验5-10年 / 本科	数据分析 行业分析	“绩效奖金，五险一金，免费班车，午餐补助”	电商 / 上市公司 / 2000人以上	京东集团
150	数据分析师-北京	学院路	17:04发布	20k-30k	20k-30k 经验5-10年 / 本科	企业服务 大数据 行业研究 分析师 策略设计	“大数据项目 互联网行业 职位晋升快”	数据服务 / C轮 / 500-2000人	神策数据
151	医学数据分析师	朝阳区	17:09发布	12k-18k	12k-18k 经验在校/应届 / 本科	sql	“公司前景好，团队氛围好，薪酬福利完善”	医疗健康 / B轮 / 150-500人	唯医骨科
152	商业数据分析师	大山子	16:57发布	7k-8k	7k-8k 经验1年以下 / 本科	广告营销 商业 数据分析 数据运营 BI	“行业前景、带薪年假、员工体检、免费班车”	移动互联网,广告营销 / 不需要融资 / 500-2000人	蓝标传媒
153	资深数据分析专员	海淀区	18:00发布	20k-25k	20k-25k 经验1-3年 / 本科	数据分析 SQL POWER BI	“六险一金”	企业服务,移动互联网 / 不需要融资 / 2000人以上	微创软件
154	数据分析师（策略） (MJ000934)	安定门	16:59发布	20k-40k	20k-40k 经验3-5年 / 本科	数据分析 C2C B端产品 运营策略	“六险一金 领导NICE 丰富团建 氛围好”	移动互联网,金融 / C轮 / 500-2000人	轻松集团
155	大数据分析师	白石桥	15:01发布	15k-20k	15k-20k 经验3-5年 / 本科	数仓建模 Python 数据分析	“业务前景好 发展空间大”	移动互联网,数据服务 / 不需要融资 / 150-500人	中创三优
156	商业数据分析师	团结湖	15:35发布	10k-15k	10k-15k 经验1-3年 / 本科	电商 新零售 增长黑客 数据分析 数据运营	“股票期权 免费晚餐 上班不打卡 周末双休”	移动互联网,医疗丨健康 / A轮 / 50-150人	LemonBox
157	资深数据分析-BJ	双井	14:36发布	15k-30k	15k-30k 经验3-5年 / 本科	广告营销 大数据 Python SQL	“扁平化管理;平台好”	移动互联网,广告营销 / D轮及以上 / 150-500人	深演智能
158	电商业务分析（高级数据分析师） (MJ008046)	海淀区	14:56发布	15k-25k	15k-25k 经验3-5年 / 本科	电商	“大牛云集、七险一金、定期体检、餐补、领导好”	工具 / D轮及以上 / 2000人以上	作业帮
159	助理数据分析师	海淀区	18:39发布	4k-7k	4k-7k 经验在校/应届 / 本科	EXCEL函数 office办公软件	“餐补 交通补助 节日福利 周末双休”	移动互联网,数据服务 / 未融资 / 50-150人	龙盾数据
160	商业搜索研发部_PMO&数据分析	海淀区	14:26发布	15k-30k	15k-30k 经验不限 / 本科	项目管理 PMO 数据分析	“发展前景”	工具 / 上市公司 / 2000人以上	百度
161	高德-数据分析专家/数据产品	望京	15:45发布	25k-40k	25k-40k 经验5-10年 / 本科	数据分析	“大平台 阳光团队”	工具 / 上市公司 / 2000人以上	阿里巴巴-高德
162	商业数据分析师	惠新西街	15:44发布	10k-20k	10k-20k 经验1-3年 / 本科	电商 企业服务 商业 数据分析	“职业和技能上升空间大”	移动互联网,社交 / 上市公司 / 150-500人	孔明科技
163	商业数据分析经理 (MJ000206)	海淀区	15:01发布	25k-40k	25k-40k 经验不限 / 本科	移动互联网 营销 数据分析 行业分析 市场分析	“氛围OPEN 弹性工作 晋升迅速 下午茶”	移动互联网,教育 / C轮 / 150-500人	翼鸥教育
164	数据分析师 - 商业策略方向	海淀区	13:57发布	15k-30k	15k-30k 经验3-5年 / 本科	策略	“发展空间广”	移动互联网,电商 / 上市公司 / 2000人以上	易车公司
165	行业高级数据分析师	西二旗	15:02发布	20k-40k	20k-40k 经验5-10年 / 本科	云计算 大数据 模式识别 机器学习 工业数据 Python/R	“扁平管理、五险一金、带薪年假、股票期权”	移动互联网,数据服务 / B轮 / 50-150人	寄云科技
166	数据科学家（资深：数据分析、建模）	朝阳区	14:53发布	40k-60k	40k-60k 经验5-10年 / 本科	Python 数据分析 数据建模	“大牛带队、硅谷风格、双休”	工具 / B轮 / 150-500人	石墨文档
167	数据分析主管(J17284)	中关村	15:06发布	25k-50k	25k-50k 经验不限 / 本科	教育 数据分析 财务分析 商业分析	“大平台 前景好”	教育 / 上市公司 / 2000人以上	新东方
168	数据分析主管	建国门	17:26发布	20k-30k	20k-30k 经验5-10年 / 本科	Hive SQL	“超长年假 发展空间大 硅谷基因”	移动互联网,企业服务 / A轮 / 50-150人	印象笔记
169	数据分析师（中台）	四季青	14:31发布	20k-40k	20k-40k 经验5-10年 / 本科	云计算	“上市公司”	移动互联网 / 上市公司 / 150-500人	CDS
170	遥感数据分析工程师	望京	11:05发布	10k-20k	10k-20k 经验3-5年 / 本科	大数据 数据分析	“技术大牛”	企业服务,数据服务 / A轮 / 15-50人	泽泰征信
171	数据分析实习	酒仙桥	18:38发布	3k-4k	3k-4k 经验在校/应届 / 不限	商业	“项目前景好，领导nice，弹性工作”	社交,金融 / 上市公司 / 2000人以上	人人公司
172	高级数据分析师（数据经理）(J10346)	东直门	14:18发布	20k-30k	20k-30k 经验3-5年 / 本科	数据分析	“大数据独角兽公司 福利好 老板专业”	移动互联网 / C轮 / 500-2000人	TalkingData
173	数据分析工程师	中关村	14:46发布	20k-30k	20k-30k 经验3-5年 / 本科	数仓建模 Spark	“六险一金、上升空间”	移动互联网,消费生活 / D轮及以上 / 500-2000人	途家民宿
174	数据分析师（流媒体方向）	西二旗	15:28发布	20k-40k	20k-40k 经验1-3年 / 本科	大数据 数据分析	“大平台、数据量大、团队福利好”	文娱丨内容 / D轮及以上 / 2000人以上	快手
175	数据分析产品	南邵	14:06发布	20k-25k	20k-25k 经验3-5年 / 本科	地图 可视化 数据分析	“六险一金”	汽车丨出行,数据服务 / 不需要融资 / 150-500人	腾讯大地通途
176	数据分析师(智能出行）	望京	13:28发布	15k-30k	15k-30k 经验1-3年 / 不限	SQLServer	“加班少 氛围好 福利健全 发展空间大”	汽车丨出行 / D轮及以上 / 150-500人	嘀嗒出行
177	高级数据分析师	海淀区	1天前发布	30k-40k	30k-40k 经验5-10年 / 本科	数据分析	“不加班，薪资高”	数据服务,物联网 / 不需要融资 / 500-2000人	嘉实云通
178	数据分析师(J11146)	西直门	13:57发布	25k-35k	25k-35k 经验3-5年 / 本科	汽车 媒体 数据分析	“领导nice 工作环境稳定”	移动互联网,电商 / 上市公司 / 2000人以上	易车公司
179	数据分析师 (MJ001000)	朝阳区	12:08发布	15k-30k	15k-30k 经验3-5年 / 本科	SQL tableau python 供应链	“成熟且小而精的创业团队”	社交,文娱丨内容 / D轮及以上 / 500-2000人	Keep
180	大数据分析师	海淀区	16:56发布	20k-35k	20k-35k 经验5-10年 / 本科	ETL Hive	“持牌金融机构 年底双薪”	金融,移动互联网 / 不需要融资 / 2000人以上	马上消费
181	数据分析师 (MJ000328)	望京	10:10发布	10k-20k	10k-20k 经验不限 / 本科	金融 Python	“核心部门，核心产品，数据平台”	金融 / C轮 / 500-2000人	百融云创
182	数据分析挖掘工程师	望京	15:03发布	8k-16k	8k-16k 经验1-3年 / 本科	大数据 其他 数据分析 数据挖掘 数据仓库 数据架构	“智慧城市+大数据”	数据服务 / 上市公司 / 2000人以上	东方国信
183	商业广告数据分析	西北旺	11:18发布	15k-30k	15k-30k 经验3-5年 / 本科	节日礼物 技能培训 免费班车 带薪年假	“平台大,团队氛围好,福利好”	电商 / 上市公司 / 2000人以上	网易
184	高级数据分析工程师	西城区	13:32发布	25k-45k	25k-45k 经验5-10年 / 本科	数据建模 机器学习 深度学习	“六险二金 食堂 旅游基金 工会福利”	移动互联网,其他 / 不需要融资 / 500-2000人	中邮信息科技（北京）有限公司
185	数据分析运营经理	五道口	11:43发布	15k-25k	15k-25k 经验1-3年 / 本科	数据分析 用户运营	“平台发展”	社交 / 上市公司 / 2000人以上	腾讯
186	数据分析师（商业分析师方向）	甘家口	11:49发布	15k-25k	15k-25k 经验3-5年 / 不限	数据分析 商业分析 商业数据分析	“双休,补充医疗”	广告营销 / 上市公司 / 500-2000人	新意互动
187	销售数据分析师	酒仙桥	11:39发布	15k-25k	15k-25k 经验1-3年 / 本科	BI	“平台好,领导好,扁平化,福利好”	教育 / A轮 / 150-500人	土豆雅思
188	数据分析师(校招)	朝阳区	16:06发布	12k-15k	12k-15k 经验在校/应届 / 硕士	Python MySQL 数仓建模	“技术氛围好 团队年轻 有活力”	数据服务,软件开发 / 不需要融资 / 500-2000人	一零跃动
189	数据分析师（数据策略方向）	朝阳区	10:58发布	15k-30k	15k-30k 经验3-5年 / 本科	电商 汽车 商业 SQL SPSS 数据分析	“股票期权,独角兽,领导好,团队好”	消费生活 / D轮及以上 / 2000人以上	车好多集团
190	腾讯视频电商数据分析师	无	11:43发布	25k-35k	25k-35k 经验5-10年 / 本科	电商 市场分析 数据分析	“发展前景”	社交 / 上市公司 / 2000人以上	腾讯
191	资深数据分析师 (MJ000196)	望京	10:10发布	15k-30k	15k-30k 经验3-5年 / 本科	后端	“六险一金”	金融 / C轮 / 500-2000人	百融云创
192	数据分析师（长期驻外）	朝阳区	10:47发布	15k-18k	15k-18k 经验3-5年 / 本科	金融 SQL HIVE python 机器学习	“领导好，学习新知识”	移动互联网,金融 / 不需要融资 / 150-500人	幸福消费金融
193	数据分析师（数据解决方案顾问方向）	甘家口	11:49发布	15k-25k	15k-25k 经验1-3年 / 本科	数据产品 数据分析 数据能力构建	“双休,补充医疗”	广告营销 / 上市公司 / 500-2000人	新意互动
194	数据建模工程师	海淀区	11:51发布	20k-40k	20k-40k 经验5-10年 / 本科	数据建模	“五险一金 试用期全额”	金融 / B轮 / 2000人以上	中科金
195	HR数据分析师	朝阳区	09:42发布	15k-30k	15k-30k 经验5-10年 / 本科	游戏 数据分析 BI	“地铁周边 团队nice”	移动互联网,游戏 / 上市公司 / 2000人以上	完美世界
196	数据分析师 (MJ007935)	上地	11:12发布	20k-35k	20k-35k 经验3-5年 / 本科	数据分析	“七险一金，免费三餐，绩效奖金，弹性工作”	工具 / D轮及以上 / 2000人以上	作业帮
197	数据建模工程师(J10500)	八大处	11:35发布	25k-35k	25k-35k 经验3-5年 / 本科	金融 征信	“六险一金；市内班车”	金融 / 上市公司 / 500-2000人	随行付支付有限公司
198	美团优选-数据分析	朝阳区	11:01发布	20k-30k	20k-30k 经验3-5年 / 本科	数据分析 Python SQL SPSS	“大平台，”	消费生活 / 上市公司 / 2000人以上	美团
199	数据分析负责人	五道口	11:45发布	30k-60k	30k-60k 经验5-10年 / 本科	社交 电商	“弹性工作”	社交 / D轮及以上 / 500-2000人	知乎
200	商业数据分析师	望京	09:52发布	16k-28k	16k-28k 经验3-5年 / 本科	新零售 大数据 商业 BI 数据运营 数据分析	“上升空间大，团队氛围好”	移动互联网 / 不需要融资 / 150-500人	米雅
201	人力资源数据分析师	西北旺	10:42发布	30k-60k	30k-60k 经验5-10年 / 本科	教育 可视化 数据分析 BI	“行业趋势，盈利模式，空间，支持，团队氛围”	移动互联网,教育 / 上市公司 / 2000人以上	跟谁学
202	遥感算法数据分析师	望京	11:05发布	15k-30k	15k-30k 经验3-5年 / 硕士	深度学习 计算机视觉 图像处理 算法	“技术大牛”	企业服务,数据服务 / A轮 / 15-50人	泽泰征信
203	数据分析（用户增长）	亚运村	10:30发布	20k-40k	20k-40k 经验3-5年 / 本科	数据分析	“大平台、领导nice、福利好”	文娱丨内容 / 上市公司 / 500-2000人	阅文集团
204	高级数据分析经理（HR领域）	海淀区	10:42发布	40k-60k	40k-60k 经验5-10年 / 本科	教育 互联网 数据分析 ROI 驾驶舱 数字化	“在线教育赛道，头部企业，空间，可配股”	移动互联网,教育 / 上市公司 / 2000人以上	跟谁学
205	数据分析师	东大桥	1天前发布	15k-25k	15k-25k 经验3-5年 / 本科	电商 社交 可视化 数据分析 数据运营 数据库	“**C2M,六险一金,盈利平台,活跃团队”	电商 / 不需要融资 / 150-500人	必要商城
206	数据分析工程师	望京	10:08发布	15k-25k	15k-25k 经验1-3年 / 本科	数据分析	“公司有前景,平台大,领导好,六险一金”	汽车丨出行 / 上市公司 / 2000人以上	理想汽车
207	安全大数据分析师	海淀区	10:16发布	30k-50k	30k-50k 经验10年以上 / 本科	信息安全 数据分析	“薪资福利，公司氛围好”	信息安全 / B轮 / 50-150人	中科物安
208	数据分析工程师	朝阳区	09:37发布	6k-12k	6k-12k 经验1-3年 / 大专	物流 地图 mapinfo	“集团公司 晋升空间大 学习机会多”	其他 / 不需要融资 / 2000人以上	跨越速运
209	市场数据分析实习生	双井	13:30发布	2k-3k	2k-3k 经验在校/应届 / 本科	数据分析	“互联网食品独角兽，可口可乐投资”	消费生活 / D轮及以上 / 150-500人	乐纯酸奶
210	商业数据分析专家	望京	10:08发布	30k-50k	30k-50k 经验5-10年 / 本科	电商 MySQL 策略 数据分析 商业分析	“公司有前景,平台大,领导好,六险一金”	汽车丨出行 / 上市公司 / 2000人以上	理想汽车
211	人力资源数据分析师	西二旗	09:00发布	35k-60k	35k-60k 经验5-10年 / 本科	人力资源 数据分析 SQL	“周末双休 弹性工作制 平台稳定 发展空间较大”	硬件,数据服务 / 不需要融资 / 150-500人	圣达龙翔
212	媒介专员（数据分析）	朝阳区	10:34发布	8k-15k	8k-15k 经验1-3年 / 本科	广告营销 媒介 广告协调 互联网广告 微博运营	“大平台、扁平化管理”	移动互联网 / 上市公司 / 2000人以上	新浪微博
213	数据分析	车公庄	1天前发布	15k-25k	15k-25k 经验3-5年 / 本科	移动互联网 直播 数据运营 BI SQL	“五险一金，定期体检，带薪年假，扁平管理”	移动互联网,社交 / D轮及以上 / 500-2000人	六间房
214	临近地铁 金融数据分析师	百子湾	09:37发布	8k-15k	8k-15k 经验在校/应届 / 不限	数据分析	“周末双休 团队分红 定期团建”	金融,其他 / 未融资 / 150-500人	磐程科技
215	商业数据分析师-华北	望京	11:43发布	20k-40k	20k-40k 经验3-5年 / 本科	大数据 工具软件 B2B SaaS 项目管理 数据分析	“地铁周边／硅谷文化／五险一金／牛人共事”	企业服务,数据服务 / B轮 / 150-500人	GrowingIO
216	数据分析岗	宋家庄	07:10发布	30k-50k	30k-50k 经验5-10年 / 本科	大数据 MySQL	“饭补 交通补 通讯补 年终奖 下午茶”	金融 / 不需要融资 / 150-500人	横琴人寿
217	数据分析师	东城区	1天前发布	25k-40k	25k-40k 经验5-10年 / 本科	移动互联网 数据分析 需求分析 用户增长	“核心部门核心岗位”	消费生活 / 未融资 / 2000人以上	泰便利
218	数据分析（中级）	朝阳区	09:25发布	6k-12k	6k-12k 经验在校/应届 / 本科	广告营销 大数据 数据仓库 数据挖掘 数据分析 数据报告	“海外业务，创新业务，国内领先，未来可期！”	移动互联网 / 不需要融资 / 15-50人	凝视数科（北京）科技有限公司
219	数据分析师 - 视频方向	安贞	2020-12-09	25k-40k	25k-40k 经验3-5年 / 本科	数据分析	“数据分析 核心团队 战略项目”	消费生活 / D轮及以上 / 500-2000人	小红书
220	Java开发工程师（数据分析方向）	柳芳	10:30发布	6k-10k	6k-10k 经验在校/应届 / 硕士	工具软件	“七险一金 双休 免费食堂 晋升通道”	数据服务,移动互联网 / 不需要融资 / 50-150人	华热科技
221	数据分析师	科技园区	1天前发布	10k-15k	10k-15k 经验在校/应届 / 本科	数据分析	“五险一金，双休不加班，晋升大，有人带”	金融,数据服务 / 未融资 / 50-150人	荣乾兴茂
222	数据分析师/数据分析专家	海淀区	09:20发布	6k-12k	6k-12k 经验不限 / 硕士	Python SVM 神经网络 R/S Plu	“团队实力，带薪年假，上升潜力”	医疗丨健康,数据服务 / A轮 / 15-50人	北京万灵盘古科技有限公司
223	临床数据分析员	西北旺	09:50发布	7k-12k	7k-12k 经验不限 / 本科	医疗健康 移动互联网	“六险一金 节日福利 餐补 带薪年假”	其他 / 不需要融资 / 150-500人	艾迪泰科
224	093131-数据分析师	朝阳区	00:00发布	15k-25k	15k-25k 经验3-5年 / 本科	金融 移动互联网 商业 BI 可视化 数据分析	“五险一金,绩效奖金,采暖补贴,带薪年假”	金融 / 未融资 / 500-2000人	平安健康保险
225	数据分析师	丰台区	1天前发布	15k-20k	15k-20k 经验1年以下 / 本科	金融 数据分析	“晋升大，福利好。可带团队”	金融 数据服务 / 未融资 / 50-150人	华鼎科技
226	数据分析师 (MJ000624)	西北旺	09:45发布	12k-20k	12k-20k 经验在校/应届 / 本科	数仓建模 数据挖掘 数据架构	“弹性工作制 六险一金 内部培训”	金融 / 不需要融资 / 500-2000人	欧科云链集团
227	高级数据分析师-在线教育	海淀区	08:00发布	15k-25k	15k-25k 经验不限 / 不限	节日礼物 技能培训 免费班车 带薪年假	“在线教育”	电商 / 上市公司 / 2000人以上	网易
228	临床数据分析员	西北旺	09:50发布	7k-12k	7k-12k 经验在校/应届 / 本科	医疗健康	“六险一金 带薪年假 餐补 节日福利”	其他 / 不需要融资 / 150-500人	艾迪泰科
229	数据分析师	望京	2天前发布	15k-30k	15k-30k 经验3-5年 / 本科	Python	“千万级流量”	旅游 / 上市公司 / 2000人以上	同程旅行
230	数据分析师 (MJ000675)	望京	2020-12-09	15k-25k	15k-25k 经验1-3年 / 本科	SQL python hive	“优秀的团队、发展空间大”	文娱丨内容 / 上市公司 / 2000人以上	凤凰网
231	1121UJ-资深数据分析师（北京）	海淀区	00:00发布	18k-36k	18k-36k 经验5-10年 / 本科	数据分析 SQLServer	“五险一金,绩效奖金,带薪年假,定期体检”	金融 / 上市公司 / 2000人以上	平安科技
232	海外-商业数据分析师（北京）--3778	中关村	1天前发布	25k-45k	25k-45k 经验3-5年 / 本科	电商 视频 用户增长 数据分析	“晋升空间,新业务”	文娱丨内容 / 上市公司 / 2000人以上	爱奇艺
233	数据分析师	中关村	3天前发布	10k-15k	10k-15k 经验3-5年 / 本科	医疗健康 大数据	“广阔的发展,创业公司,融洽的办公”	医疗丨健康,数据服务 / A轮 / 50-150人	无极慧通
234	金融数据分析师	丰台区	1天前发布	8k-15k	8k-15k 经验在校/应届 / 本科	互联网金融	“福利好”	金融,物联网 / 未融资 / 50-150人	云玺明铖
235	数据分析师	朝阳门	3天前发布	10k-15k	10k-15k 经验1-3年 / 本科	大数据 企业服务 BI 可视化	“环境好,不加班,大公司”	企业服务 / 不需要融资 / 2000人以上	信永中和
236	数据分析师	中关村	3天前发布	9k-14k	9k-14k 经验1-3年 / 本科	数据库 可视化 数据分析 SQL	“出国游学机会”	教育 / 上市公司 / 2000人以上	新东方
237	高级数据分析师	中关村	3天前发布	15k-30k	15k-30k 经验1-3年 / 本科	医疗健康 大数据	“广阔的发展,创业公司,融洽的办公”	医疗丨健康,数据服务 / A轮 / 50-150人	无极慧通
238	数据分析师	左家庄	3天前发布	20k-40k	20k-40k 经验不限 / 本科	数据分析 数据产品	“知名电商 发展空间大 福利丰厚 弹性制”	移动互联网,电商 / 上市公司 / 2000人以上	当当网
239	数据分析师	上地	3天前发布	25k-40k	25k-40k 经验不限 / 本科	移动互联网 数据分析 商业 数据运营 BI	“六险一金 超长年假 产业互联网独角兽”	房产家居 / 上市公司 / 2000人以上	贝壳
240	高级数据分析师	朝外	3天前发布	25k-45k	25k-45k 经验3-5年 / 本科	SQL	“牛人云集、机会多，三餐免费，”	移动互联网,社交 / D轮及以上 / 150-500人	探探
241	数据分析师	昌平区	3天前发布	15k-30k	15k-30k 经验不限 / 本科	可视化 预算能力 数据分析	“15薪/双休/行业发展潜力大”	教育 / 上市公司 / 2000人以上	好未来
242	数据分析师	大望路	3天前发布	20k-35k	20k-35k 经验3-5年 / 本科	数据分析 数据运营 可视化	“六险一金 年度体检 企业医生 弹性工作”	移动互联网,文娱丨内容 / D轮及以上 / 150-500人	思维造物
243	金融数据分析	丰台区	1天前发布	15k-25k	15k-25k 经验不限 / 大专	金融 电商	“发展前景，福利待遇”	金融 数据服务 / 未融资 / 50-150人	华鼎科技
244	数据分析专员	朝阳区	3天前发布	8k-15k	8k-15k 经验在校/应届 / 本科	数据分析	“氛围好，福利好”	移动互联网,游戏 / D轮及以上 / 150-500人	唱吧-玩音乐，就上唱吧！
245	数据分析师	朝阳门	3天前发布	8k-12k	8k-12k 经验在校/应届 / 本科	信息安全 大数据	“环境好,不加班,大公司”	企业服务 / 不需要融资 / 2000人以上	信永中和
246	数据分析师	南邵	2020-12-24	15k-25k	15k-25k 经验3-5年 / 本科	数据分析	“团队氛围好,发展潜力大”	金融 / 未融资 / 500-2000人	微财数科
247	数据分析师	西三旗	2020-12-24	10k-15k	10k-15k 经验1-3年 / 本科	SPSS SQL 数据分析	“独角兽企业，D轮融资，班车接送”	电商 / D轮及以上 / 500-2000人	易点租
248	数据分析师	海淀区	2020-12-24	15k-25k	15k-25k 经验3-5年 / 本科	SQL mysql hive Tableau	“发展前景”	移动互联网 / 上市公司 / 500-2000人	闪送
249	高级数据分析师	海淀区	2020-12-24	25k-40k	25k-40k 经验5-10年 / 本科	数据分析 SQL	“免费早餐，班车，”	文娱丨内容 / 上市公司 / 2000人以上	微博
250	数据分析师	安定门	2020-12-24	18k-30k	18k-30k 经验5-10年 / 本科	SPSS SQL	“绩效奖金 五险一金 弹性工时 核心业务”	移动互联网 / 不需要融资 / 150-500人	高域海汇
251	高级数据分析师	朝阳区	2020-12-24	25k-35k	25k-35k 经验5-10年 / 本科	业务分析 经营分析 目标增长	“地铁周边 五险一金 补充医疗”	金融 / D轮及以上 / 2000人以上	水滴 WATERDROP INC
252	高级数据分析师	朝阳区	2020-12-24	30k-40k	30k-40k 经验5-10年 / 本科	MySQL 数据分析	“地铁周边 五险一金 补充医疗”	金融 / D轮及以上 / 2000人以上	水滴 WATERDROP INC
253	数据分析师	九棵树	3天前发布	10k-20k	10k-20k 经验3-5年 / 本科	电商 移动互联网 商业 增长黑客 数据分析 数据运营	“领导好 同事好 环境好 待遇好”	移动互联网,电商 / 不需要融资 / 50-150人	万润
254	资深数据分析师	上地	3天前发布	25k-35k	25k-35k 经验3-5年 / 硕士	教育	“老板 Nice，成长快，免费英语学习福利”	移动互联网,教育 / 上市公司 / 2000人以上	51Talk 无忧英语
255	高级数据分析师	丰台区	2020-12-24	20k-35k	20k-35k 经验3-5年 / 本科	政府 社会治理 Java Python 数据仓库 数据挖掘	“双休 三节福利 年终”	人工智能 / B轮 / 50-150人	高创保安
256	数据分析师	海淀区	2020-12-24	18k-25k	18k-25k 经验3-5年 / 本科	数据分析 SQL tableau	“工作氛围好 发挥空间大 带薪年假”	移动互联网 / 上市公司 / 500-2000人	闪送
257	数据分析师	西三旗	3天前发布	15k-20k	15k-20k 经验1-3年 / 本科	数据分析 sql	“六险一金 周末双休”	物联网,数据服务 / D轮及以上 / 500-2000人	G7
258	业务数据分析	朝阳区	2天前发布	20k-30k	20k-30k 经验3-5年 / 本科	电商 本地生活 用户增长 数据分析 SQL	“弹性工作 大牛带队 团队优秀 晋升空间”	消费生活 / D轮及以上 / 2000人以上	车好多集团
259	资深数据分析师/数据科学家	海淀区	2天前发布	20k-35k	20k-35k 经验3-5年 / 本科	大数据 云计算	“团队实力强，发展前景好”	数据服务 / A轮 / 50-150人	偶数科技
260	高级数据分析师（增长）	海淀区	2天前发布	25k-50k	25k-50k 经验3-5年 / 本科	算法工程师 Python 数据分析	“免费三餐,全额五险一金,升降办公桌椅”	移动互联网 / 不需要融资 / 150-500人	乐信圣文
261	数据分析师	朝阳区	2020-12-23	15k-30k	15k-30k 经验3-5年 / 本科	天然气 可视化报表开发	“知名上市企业，实力雄厚，五险一金，双休”	企业服务 / 上市公司 / 2000人以上	新奥燃气
262	数据分析专家	酒仙桥	3天前发布	20k-35k	20k-35k 经验5-10年 / 本科	渠道 移动端用户核心	“技术中台，核心团队”	信息安全 / 上市公司 / 2000人以上	360
263	数据分析师	顺义区	2020-12-23	12k-16k	12k-16k 经验不限 / 本科	数据分析	“六险一金 班车 餐补 发展前景”	医疗丨健康 / 未融资 / 50-150人	助乐家
264	数据分析师	望京	2020-12-24	30k-45k	30k-45k 经验5-10年 / 本科	大数据 数据分析	“五险一金补充医疗保险定期体检年终奖股票期”	消费生活 / C轮 / 2000人以上	松果出行
265	数据分析师	东城区	2020-12-22	10k-20k	10k-20k 经验3-5年 / 本科	社交 游戏 数据分析 用户增长 用户研究	“七险一金 弹性工作不打卡 零食不限量供应”	社交 / B轮 / 500-2000人	玩吧
266	数据分析实习生	珠市口	2020-12-24	3k-5k	3k-5k 经验在校/应届 / 本科	大数据 数据仓库 数据挖掘 clickhouse	“学以致用，专家带领”	数据服务、企业服务 / 未融资 / 少于15人	万山数据
267	数据分析师	小关	2020-12-23	18k-25k	18k-25k 经验3-5年 / 本科	SQL	“优秀的团队”	汽车丨出行 / D轮及以上 / 2000人以上	优信集团
268	高级数据分析师	大望路	2020-12-23	20k-35k	20k-35k 经验3-5年 / 本科	移动互联网 金融 SQL	“五险一金、补充商业医疗险、加班餐补”	金融,区块链 / 不需要融资 / 150-500人	Amber Group
269	数据分析	海淀区	2020-12-22	15k-30k	15k-30k 经验1-3年 / 本科	大数据 数据挖掘	“高薪高股,六险一金,提供三餐,房补”	文娱丨内容 / D轮及以上 / 500-2000人	最右
270	数据分析师	海淀区	2020-12-24	15k-25k	15k-25k 经验3-5年 / 本科	金融 数据分析	“头部企业，五险一金，周末双休，团队优秀”	金融,移动互联网 / 不需要融资 / 2000人以上	马上消费
271	数据分析师	五道口	2020-12-22	15k-25k	15k-25k 经验5-10年 / 本科	大数据 数据分析	“五险一金、带薪年假、期权”	数据服务,企业服务 / A轮 / 50-150人	DataHunter
272	数据分析专员	丰台区	2020-12-21	10k-20k	10k-20k 经验1-3年 / 本科	电商 汽车 数据运营 数据分析 BI SPSS	“大佬带队、公司重点项目”	不限 / 上市公司 / 2000人以上	长城汽车
273	数据分析师	呼家楼	2020-12-23	15k-25k	15k-25k 经验不限 / 不限	数据分析	“上市公司、垂直领先、发展空间、六险一金”	社交 / 上市公司 / 500-2000人	宝宝树
274	数据分析师	西北旺	2020-12-23	15k-20k	15k-20k 经验3-5年 / 本科	电商 互联网金融 数据分析 SQL HIve	“薪酬待遇好/大平台/老板nice/晋升空间大”	金融 / 不需要融资 / 500-2000人	恒易贷
275	数据分析师	海淀区	2020-12-24	15k-30k	15k-30k 经验1-3年 / 本科	Python Sql 数据分析	“平台资源、发展前景、福利待遇”	金融,数据服务 / C轮 / 150-500人	量化派
276	高级数据分析师	海淀区	3天前发布	40k-70k	40k-70k 经验3-5年 / 本科	数据仓库 数仓建模	“待遇详谈”	金融,软件开发 / 未融资 / 500-2000人	兆扬投资
277	数据分析师	朝阳区	2020-12-21	10k-15k	10k-15k 经验1-3年 / 本科	数据分析 用户研究 用户增长	“五险一金 大牛带队 定期团建 节日福利”	企业服务 / A轮 / 50-150人	Stepone
278	数据分析师	海淀区	2020-12-23	2k-4k	2k-4k 经验在校/应届 / 本科	金融科技 数据分析 风控建模	“创业公司 优秀团队 快速成长”	金融,企业服务 / 未融资 / 15-50人	税银通科技
279	数据分析师	海淀区	2020-12-24	15k-25k	15k-25k 经验1-3年 / 本科	教育 MySQL	“地铁旁下午茶工作环境舒适”	移动互联网,教育 / 上市公司 / 2000人以上	新东方在线
280	数据分析师	朝阳区	2020-12-24	30k-40k	30k-40k 经验3-5年 / 本科	用户研究 用户增长 需求分析 数据分析	“弹性工作 工作氛围好”	金融 / 不需要融资 / 150-500人	和讯网
281	数据分析	中关村	2020-12-24	15k-20k	15k-20k 经验1-3年 / 本科	互联网金融 消费金融 算法工程师 数据挖掘	“公司平台稳定 发展潜力巨大”	金融 / 不需要融资 / 150-500人	北银消费
282	数据分析专家	酒仙桥	2020-12-21	25k-30k	25k-30k 经验5-10年 / 本科	大数据 信息安全 Hive python R	“牛人团队，高手如云”	信息安全 / 上市公司 / 2000人以上	360
283	产品运营（数据分析方向）	三元桥	3天前发布	13k-25k	13k-25k 经验1-3年 / 本科	MySQL	“优秀团队”	金融 / 未融资 / 2000人以上	国美金控
284	数据分析	三元桥	2020-12-24	18k-25k	18k-25k 经验1-3年 / 本科	电商 MySQL	“弹性工作 租房 交通 午餐 通讯补贴”	移动互联网,社交 / C轮 / 150-500人	nice
285	数据分析师	建国门	2020-12-24	10k-20k	10k-20k 经验3-5年 / 本科	数据分析 SQL	“核心团队，成员优秀，福利完善”	金融 / 上市公司 / 2000人以上	宜信
286	数据分析师（市场投放侧）	北太平庄	3天前发布	14k-28k	14k-28k 经验3-5年 / 本科	广告营销 产品策划 需求分析 数据分析	“五险一金 免费下午茶”	移动互联网,文娱丨内容 / 不需要融资 / 150-500人	点众科技
287	数据分析师（产品运营）	北太平庄	3天前发布	14k-28k	14k-28k 经验3-5年 / 本科	移动互联网 产品策划 需求分析 数据分析	“五险一金 免费下午茶”	移动互联网,文娱丨内容 / 不需要融资 / 150-500人	点众科技
288	数据分析师(J92VP)	朝阳区	3天前发布	10k-20k	10k-20k 经验1-3年 / 本科	数据库 SQL 数据分析	“六险一金, 晋升空间大, 弹性工作”	移动互联网,医疗丨健康 / C轮 / 150-500人	诺信创联
289	财务数据分析师	马连洼	3天前发布	18k-30k	18k-30k 经验5-10年 / 本科	分析 财务	“上市公司，全额社保公积金+补充医疗保险”	金融 / 不需要融资 / 2000人以上	火币网
290	海外游戏运营（数据分析向）	朝阳门	3天前发布	12k-20k	12k-20k 经验3-5年 / 本科	游戏 移动互联网 运营 游戏运营	“六险一金,年底双薪,出国旅行,包午晚餐”	移动互联网,游戏 / 不需要融资 / 150-500人	Zenjoy
291	校招-数据分析师（技术平台）	望京	3天前发布	10k-20k	10k-20k 经验在校/应届 / 本科	教育	“六险一金、法定节假日、带薪年假等”	移动互联网,教育 / 上市公司 / 2000人以上	一起教育科技
292	数据分析师	西三旗	2020-12-24	8k-10k	8k-10k 经验不限 / 本科	统计学 R语言	“五险一金、双休、定期体检、带薪年假”	医疗丨健康,企业服务 / 未融资 / 15-50人	佰诺全景
293	数据分析师	亮马桥	2020-12-18	10k-15k	10k-15k 经验1-3年 / 本科	Python Tableau	“纽交所上市 生命科学 SaaS 股票”	移动互联网,企业服务 / 上市公司 / 2000人以上	Veeva
294	数据分析师	顺义区	2020-12-16	12k-18k	12k-18k 经验3-5年 / 本科	银行 数据分析 信贷	“SQL SAS/Python；”	企业服务,信息安全 / 不需要融资 / 500-2000人	腾云悦智
295	数据建模	西城区	2020-12-21	15k-20k	15k-20k 经验在校/应届 / 本科	互联网金融 数据挖掘 语音识别 图片识别 文字识别	“弹性工作,试用期全薪”	金融 / 不需要融资 / 150-500人	联通支付有限公司
296	高级数据分析师	海淀区	2020-12-18	15k-30k	15k-30k 经验3-5年 / 本科	大数据 数据挖掘 数据处理 算法 数据分析	“行业风口,大牛带路,扁平化,环境好”	数据服务 / B轮 / 150-500人	K2DATA
297	数据分析师	三元桥	2020-12-18	15k-30k	15k-30k 经验3-5年 / 本科	电商 数据分析 数据运营 SQL	“近地铁 十四薪 房补”	移动互联网,社交 / C轮 / 150-500人	nice
298	数据分析师	西三旗	2020-12-16	12k-20k	12k-20k 经验1-3年 / 本科	电商 数据分析	“大佬带学”	电商 / C轮 / 500-2000人	一人一亩田
299	数据分析师	中关村	2020-11-23	10k-20k	10k-20k 经验3-5年 / 本科	分析师	“五险一金、周末双休、带薪年假”	金融 / 上市公司 / 500-2000人	融360
300	数据分析（游戏项目）	朝阳门	3天前发布	15k-25k	15k-25k 经验3-5年 / 本科	游戏 大数据 数据分析	“六险一金，出国旅行，一日三餐，年底双薪”	移动互联网,游戏 / 不需要融资 / 150-500人	Zenjoy
301	高级数据分析师	石景山区	2020-12-21	15k-23k	15k-23k 经验5-10年 / 本科	ETL 数仓建模	“全额五险一金，自有产品”	企业服务,金融 / 不需要融资 / 500-2000人	泛鹏天地
302	数据分析师	三元桥	2020-12-10	13k-25k	13k-25k 经验3-5年 / 本科	移动互联网	“给风控提供数据分析”	金融 / 未融资 / 2000人以上	国美金控
303	数据分析师	和平里	2020-12-16	15k-25k	15k-25k 经验3-5年 / 本科	MySQL	“高成长”	文娱丨内容 / 未融资 / 500-2000人	猫眼电影
304	（高级）数据分析经理	海淀区	3天前发布	15k-25k	15k-25k 经验3-5年 / 本科	数据运营 SQL python	“业务思维，无天花板发展空间”	消费生活,移动互联网 / A轮 / 500-2000人	中交兴路
305	数据分析师	朝阳区	2020-12-16	15k-30k	15k-30k 经验3-5年 / 本科	新零售 社交 用户增长 需求分析 竞品分析 数据分析	“发展前景好 领导nice”	金融 / 上市公司 / 2000人以上	玖富数科集团
306	数据分析师	朝阳区	2020-12-24	20k-40k	20k-40k 经验3-5年 / 本科	教育 数据分析	“专注于K12的少儿教育领先品牌”	移动互联网,教育 / D轮及以上 / 2000人以上	火花思维
307	金融数据分析师	中关村	3天前发布	8k-12k	8k-12k 经验不限 / 本科	金融 大数据 Python	“完善的薪酬福利体系、广阔的发展前景”	数据服务,金融 / B轮 / 50-150人	中科聚信
308	数据分析师	展览路	2020-12-20	15k-30k	15k-30k 经验不限 / 本科	分类信息 数据分析 数据	“实习生与工作内容相关的所有培训”	企业服务,数据服务 / 未融资 / 少于15人	永思
309	数据分析师	延庆区	2020-12-14	11k-15k	11k-15k 经验1-3年 / 本科	企业服务	“提升空间大”	移动互联网 / 未融资 / 15-50人	北京泰斯听科技有限公...
310	资深数据分析师	朝阳区	2020-12-16	25k-50k	25k-50k 经验3-5年 / 本科	社交 SQL python	“核心业务；七险一金；有机自助三餐”	移动互联网,社交 / D轮及以上 / 150-500人	探探
311	数据分析师	建国门	2020-12-17	12k-24k	12k-24k 经验3-5年 / 本科	数据分析 用户研究	“六险一金，弹性工作，超长带薪年假，定期体检”	移动互联网,广告营销 / 未融资 / 50-150人	凌亚世纪传媒
312	电商数据分析师	太阳宫	3天前发布	20k-30k	20k-30k 经验5-10年 / 本科	电商	“福利好 弹性工作时间”	移动互联网,游戏 / D轮及以上 / 150-500人	唱吧-玩音乐，就上唱吧！
313	数据分析师	望京	2020-11-05	10k-15k	10k-15k 经验1-3年 / 本科	移动互联网 用户增长 数据分析	“年底双薪，晋升空间大”	文娱丨内容 / D轮及以上 / 500-2000人	一点资讯
314	数据分析师	西二旗	2020-12-18	9k-11k	9k-11k 经验1-3年 / 本科	分类信息 社交 数据分析 Python SQL	“发展前景、五险一金”	软件开发 / A轮 / 150-500人	金华手速信息科技有限公司北京分公司
315	数据分析师	清河	2020-12-16	20k-40k	20k-40k 经验3-5年 / 本科	游戏	“六险一金；不打卡”	电商,游戏 / 不需要融资 / 500-2000人	北京贝塔科技股份有限公司
316	高级数据分析师	海淀区	2020-12-16	25k-45k	25k-45k 经验3-5年 / 本科	数据挖掘	“独角兽”	移动互联网,消费生活 / D轮及以上 / 500-2000人	途家民宿
317	数据分析工程师(北京)	西城区	2020-12-24	18k-35k	18k-35k 经验3-5年 / 本科	互联网金融 数据挖掘	“福利好,奖金丰厚,千万级用户,行业独角兽”	金融 / 不需要融资 / 500-2000人	招联金融
318	高级数据分析师	海淀区	2020-12-16	25k-50k	25k-50k 经验5-10年 / 本科	互联网金融 数据仓库 Python	“六险一金，免费早餐夜宵，”	金融 / A轮 / 2000人以上	度小满金融
319	数据分析师	甜水园	2020-12-04	15k-25k	15k-25k 经验3-5年 / 本科	分类信息 大数据 数仓工程师 数据挖掘	“上市公司 扁平化”	移动互联网,电商 / 上市公司 / 500-2000人	36氪
320	数据分析专家	西北旺	2020-12-14	40k-60k	40k-60k 经验5-10年 / 本科	数据分析 数据运营 商业	“行业大牛，完善的福利，晋升空间”	金融 / 不需要融资 / 2000人以上	火币网
321	数据分析专家	昌平区	2020-12-14	15k-25k	15k-25k 经验3-5年 / 硕士	大数据	“平台大，福利全”	金融 / 上市公司 / 2000人以上	泰康人寿
322	数据分析师	海淀区	2020-12-21	30k-60k	30k-60k 经验5-10年 / 本科	电商 本地生活 数据分析 用户研究 用户增长	“创新、平等、包容度高”	硬件,企业服务 / 不需要融资 / 500-2000人	东科半导体
323	数据分析师	小关	2020-12-16	20k-30k	20k-30k 经验3-5年 / 本科	数据分析 SQL 数据运营	“零食水果 免费晚餐 发展空间大”	文娱丨内容 / D轮及以上 / 500-2000人	快看漫画
324	数据分析师	东四	2020-12-07	15k-30k	15k-30k 经验1-3年 / 本科	大数据 数据分析 SQL	“超棒团队,福利待遇好,高成长空间”	数据服务,金融 / A轮 / 15-50人	百观Lab
325	数据分析	亦庄	2020-11-27	20k-40k	20k-40k 经验3-5年 / 本科	BI	“五险一金 下午茶”	消费生活 / 上市公司 / 2000人以上	达达集团
326	数据分析师	朝阳区	2020-12-07	20k-28k	20k-28k 经验5-10年 / 本科	用户增长 数据分析 数据开发 神策系统	“上市公司，行业独角兽”	移动互联网,广告营销 / 上市公司 / 500-2000人	天下秀
327	数据分析师	朝阳区	2020-12-17	20k-40k	20k-40k 经验不限 / 本科	BI 数据分析 用户增长 SQL	“双休 不加班 带薪年假 包三餐 健身房”	游戏 / 不需要融资 / 150-500人	Magic Tavern
328	数据分析师	朝阳区	2020-12-15	20k-30k	20k-30k 经验3-5年 / 本科	用户研究 需求分析	“弹性”	电商,消费生活 / 不需要融资 / 150-500人	奈雪的茶
329	高级数据分析师	朝阳区	2020-12-16	18k-25k	18k-25k 经验1-3年 / 本科	数据分析 统计学 SQL	“15+薪资；餐补；福利好；股票期权”	广告营销 / 上市公司 / 500-2000人	Mobvista
330	数据分析师	大兴区	2020-12-08	25k-35k	25k-35k 经验3-5年 / 本科	经营分析 数据分析 SQL	“大平台 发展好 福利体检 年休假等”	金融 / 上市公司 / 2000人以上	京东数字科技
331	数据分析师	展览路	2020-12-19	15k-30k	15k-30k 经验在校/应届 / 本科	大数据 金融 数据分析 流程设计 思维导图	“表现突出者可作为未来正式员工”	企业服务,数据服务 / 未融资 / 少于15人	永思
332	数据分析师	亦庄	2020-10-28	20k-40k	20k-40k 经验不限 / 本科	电商 数据分析	“发展前景广”	消费生活 / 上市公司 / 2000人以上	达达集团
333	数据分析师	中关村	2020-11-10	20k-35k	20k-35k 经验5-10年 / 本科	教育 数据分析	“团队给力，项目有前景”	教育 / B轮 / 500-2000人	核桃编程
334	数据分析师	昌平区	2020-12-16	20k-25k	20k-25k 经验5-10年 / 本科	电商 保险	“500强企业 晋升空间大 扁平化”	移动互联网,金融 / 不需要融资 / 500-2000人	泰康在线
335	数据分析	中关村	2020-12-02	15k-20k	15k-20k 经验1-3年 / 本科	数据分析 Python SQL	“五险一金、周末双休、带薪年假”	金融 / 上市公司 / 500-2000人	融360
336	数据分析实习生	朝阳区	2020-12-07	3k-4k	3k-4k 经验不限 / 本科	运营	“弹性公众，有转正机会”	移动互联网 / 不需要融资 / 150-500人	蔚星科技
337	数据分析专员	世界公园	2020-12-03	6k-9k	6k-9k 经验不限 / 本科	房产服务 数据分析 数据运营 数据库	“数据分析”	移动互联网,金融 / 未融资 / 2000人以上	北京搜房科技发展有限公司
338	数据分析专家	朝阳区	2020-12-16	25k-40k	25k-40k 经验5-10年 / 不限	汽车	“五险一金，发展空间大，团队氛围open”	汽车丨出行 / D轮及以上 / 2000人以上	大搜车
339	APP数据分析师	朝阳区	2020-12-24	15k-20k	15k-20k 经验3-5年 / 本科	数据挖掘 数据分析 日报周报	“福利待遇好 领导nice 发展空间”	移动互联网,其他 / B轮 / 50-150人	赛博龙科技
340	数据分析师(广告方向)	海淀区	3天前发布	15k-30k	15k-30k 经验1-3年 / 硕士	游戏 社交 数据库 数据分析 SQL	“弹性工作 发展大”	文娱丨内容 / 上市公司 / 500-2000人	多牛传媒
341	数据分析师	燕莎	2020-12-01	18k-25k	18k-25k 经验3-5年 / 本科	医疗健康 数据 数据分析 需求分析	“朝阳行业、准上市公司，技术大牛多”	移动互联网 / C轮 / 150-500人	妙健康
342	数据分析师	东城区	2020-12-09	20k-30k	20k-30k 经验3-5年 / 本科	数据分析	“免费午餐 免费健身房”	社交 / B轮 / 500-2000人	玩吧
343	BI数据分析师	朝阳区	2020-12-24	13k-25k	13k-25k 经验3-5年 / 本科	电商	“A股上市公司，工作生活平衡，工作环境优美”	移动互联网,文娱丨内容 / 上市公司 / 500-2000人	视觉中国
344	数据分析师	朝阳区	2020-11-09	5k-9k	5k-9k 经验不限 / 本科	工具软件 数据分析	“高成长性、团队氛围好、福利完善”	数据服务,企业服务 / B轮 / 50-150人	智器云
345	高级数据分析师	西城区	2020-11-09	20k-40k	20k-40k 经验3-5年 / 本科	云计算 大数据 Java Oracle 数据挖掘 Python	“六险二金 食堂 旅游基金 工会福利”	移动互联网,其他 / 不需要融资 / 500-2000人	中邮信息科技（北京）有限公司
346	数据分析师	望京	2020-12-15	12k-18k	12k-18k 经验1-3年 / 本科	金融 数据挖掘 数据架构	“弹性工作，带薪休假，多重福利”	移动互联网 / 不需要融资 / 15-50人	人济紫顶
347	营销数据分析师	朝阳区	2020-12-24	15k-30k	15k-30k 经验3-5年 / 本科	广告营销 数据分析 行业分析 市场分析 消费者分析	“补充医疗保险 弹性工作”	移动互联网 / D轮及以上 / 500-2000人	时趣social-touch
348	高级数据分析师	朝阳区	2020-12-17	20k-40k	20k-40k 经验3-5年 / 本科	移动互联网 视频 Hive MySQL 数据挖掘	“涉及数据建模，深度接触业务，做事空间大”	移动互联网,社交 / 上市公司 / 2000人以上	Bigo
349	数据分析师	朝阳区	2020-12-14	15k-20k	15k-20k 经验3-5年 / 本科	电商 数据分析	“发展空间大”	企业服务 / 不需要融资 / 15-50人	普梅尔森
350	数据分析师	朝阳区	2020-12-11	30k-40k	30k-40k 经验3-5年 / 硕士	游戏	“福利待遇、扁平管理，无打卡制，加班补助”	游戏 / B轮 / 500-2000人	Fun Plus
351	数据分析师 (MJ001015)	海淀区	2020-12-24	15k-25k	15k-25k 经验3-5年 / 本科	风控 分析师	“定期体检、餐补津贴、加班补助、年终奖”	金融 / 未融资 / 500-2000人	微财数科
352	数据分析讲师	东城区	2020-12-24	15k-30k	15k-30k 经验3-5年 / 本科	ETL Python 算法工程师	“高薪 上市企业 金股奖励 六险一金”	移动互联网,教育 / 上市公司 / 2000人以上	达内集团
353	数据分析工程师	朝阳区	2020-12-24	10k-13k	10k-13k 经验3-5年 / 本科	Python	“团队稳定，领导nice”	移动互联网,电商 / D轮及以上 / 2000人以上	联龙博通
354	数据分析师	安定门	2020-12-16	20k-40k	20k-40k 经验3-5年 / 本科	用户增长 需求分析 竞品分析 数据分析	“工作氛围好 、公司福利好”	金融,数据服务 / A轮 / 150-500人	睿智合创
355	BI开发工程师/数据分析/算法开发	大兴区	2020-12-24	30k-60k	30k-60k 经验5-10年 / 本科	电商 大数据 数据仓库 数仓建模 Spark Java	“涉及商品质量治理假货治理标签治理战略项目”	电商 / 上市公司 / 2000人以上	京东商城
356	数据分析leader	知春路	2020-12-24	30k-50k	30k-50k 经验5-10年 / 本科	数据分析 数据运营 商业 增长黑客	“发展空间巨大”	数据服务 / 不需要融资 / 500-2000人	天眼查
357	数据分析师-用户增长方向	西北旺	2020-12-24	20k-40k	20k-40k 经验3-5年 / 本科	数据分析 SQL	“牛人团队,带薪年假,16薪考核,快速成长”	移动互联网,金融 / 不需要融资 / 500-2000人	微聚未来
358	百度APP业务部_数据分析师	西北旺	2020-12-24	20k-40k	20k-40k 经验3-5年 / 本科	移动互联网 数据分析 数据运营	“团队实力雄厚，发展前景好”	工具 / 上市公司 / 2000人以上	百度
359	高级数据分析师	大兴区	2020-12-22	22k-30k	22k-30k 经验5-10年 / 本科	数据挖掘	“免费三餐”	电商,移动互联网 / 上市公司 / 2000人以上	鑫方盛控股集团
360	数据分析师(J16808)	中关村	2020-12-24	25k-50k	25k-50k 经验3-5年 / 本科	教育 数据分析	“教育行业TOP；带薪年假；五险一金”	教育 / 上市公司 / 2000人以上	新东方
361	数据分析专员	朝阳区	2020-11-24	25k-40k	25k-40k 经验3-5年 / 本科	数据分析	“核心部门”	医疗健康、生活服务 / 未融资 / 150-500人	银泰医疗
362	数据分析师	亮马桥	2020-12-18	10k-18k	10k-18k 经验3-5年 / 本科	电商 本地生活 SQL 数据分析 数据运营 BI	“2个月年终奖”	移动互联网,电商 / 不需要融资 / 2000人以上	国美控股集团
363	增长数据分析师	知春路	2020-12-24	20k-30k	20k-30k 经验1-3年 / 本科	增长黑客 数据分析 数据运营	“精湛的团队,超牛的技术,超棒的领导”	数据服务 / 不需要融资 / 500-2000人	天眼查
364	数据分析师	朝阳区	2020-10-21	6k-10k	6k-10k 经验不限 / 本科	大数据 数据分析	“晋升空间大，团队氛围好，领导nice”	金融,广告营销 / A轮 / 150-500人	网娱智信
365	数据建模经理（评分产品&画像标签方向）	东四	2020-12-24	25k-40k	25k-40k 经验3-5年 / 本科	数据挖掘 数据分析 算法	“周五7小时、紧邻地铁、免费午餐”	数据服务,人工智能 / 不需要融资 / 150-500人	中诚信征信
366	平台数据分析员	海淀区	2020-12-24	10k-15k	10k-15k 经验不限 / 硕士	信息安全	“发展空间大,工作氛围好,各种团建”	通讯电子 / 不需要融资 / 2000人以上	中国信通院
367	数据分析讲师	东城区	2020-12-24	20k-30k	20k-30k 经验3-5年 / 本科	大数据 Python	“上市平台”	移动互联网,教育 / 上市公司 / 2000人以上	达内集团
368	数据分析师	望京	2020-07-15	6k-8k	6k-8k 经验在校/应届 / 本科	大数据 数据分析	“完善的员工福利、老板Nice、不打卡。”	移动互联网,数据服务 / 未融资 / 50-150人	云思
369	数据分析师	朝阳区	2020-11-19	8k-11k	8k-11k 经验不限 / 不限	行业研究 分析师	“五险一金.节假日双休”	金融 / 未融资 / 50-150人	北京盛业联众资产管理集团有限公司
370	中级数据分析工程师	百子湾	2020-12-24	20k-30k	20k-30k 经验3-5年 / 本科	教育 电商 数仓建模 数仓架构 数仓工程师	“团建 节日福利”	移动互联网 / B轮 / 500-2000人	ETCP
371	数据分析	海淀区	2020-12-08	20k-40k	20k-40k 经验1-3年 / 本科	社交 工具软件 MySQL	“高薪”	工具 / B轮 / 150-500人	茄子快传
372	数据分析师（风控建模方向）	东四	2020-12-24	15k-30k	15k-30k 经验1-3年 / 硕士	大数据 征信 数据分析	“五险一金,免费午餐,下午茶,独立四合院”	数据服务,人工智能 / 不需要融资 / 150-500人	中诚信征信
373	数据分析师2020SSJ04	海淀区	2020-12-24	15k-20k	15k-20k 经验1-3年 / 硕士	SQL 数据分析	“发展空间大,工作氛围好,各种团建”	通讯电子 / 不需要融资 / 2000人以上	中国信通院
374	数据分析师	海淀区	2020-12-16	20k-40k	20k-40k 经验不限 / 本科	数据分析	“晋升空间大”	其他 / 不需要融资 / 500-2000人	新大瀚人力资源管理
375	数据分析师	昌平区	2020-12-15	15k-25k	15k-25k 经验3-5年 / 本科	数据分析 数据运营	“行业前景、公司平台、办公环境、务实团队”	金融 / 不需要融资 / 2000人以上	泰康保险集团
376	数据分析师（2021届）	望京	2020-12-23	11k-22k	11k-22k 经验在校/应届 / 本科	数据分析	“数据分析”	游戏,移动互联网 / 上市公司 / 150-500人	云畅游戏
377	高级数据分析师	朝阳区	2020-12-11	15k-30k	15k-30k 经验5-10年 / 本科	汽车 电动汽车充电 MySQL 数仓建模	“新基建 新赛道 团队氛围融洽”	汽车丨出行,物联网 / 不需要融资 / 150-500人	绿能智网
378	数据建模工程师	亦庄	2020-12-23	20k-25k	20k-25k 经验3-5年 / 本科	大数据 通信/网络设备 数仓建模 Python	“发展前景、福利待遇、重点项目”	电商,消费生活 / 不需要融资 / 500-2000人	北京天源迪科网络科技有限公司
379	高级数据分析师	学院路	2020-11-18	12k-24k	12k-24k 经验5-10年 / 本科	大数据 数据分析	“绩效奖金 带薪年假 午餐补助 五险一金”	数据服务,企业服务 / 上市公司 / 500-2000人	Gridsum 国双
380	数据分析专家	海淀区	2020-12-15	35k-70k	35k-70k 经验5-10年 / 本科	移动互联网 教育 商业分析 行业研究 用户增长	“有上升空间”	企业服务 / 未融资 / 150-500人	睿展（上海）人力资源有限公司
381	数据分析师	西三旗	2020-12-10	11k-20k	11k-20k 经验1-3年 / 本科	数据分析	“六险一金 周末双休”	移动互联网,金融 / C轮 / 500-2000人	掌众科技
382	数据分析工程师（零售类）	朝阳区	2020-12-22	10k-20k	10k-20k 经验1-3年 / 本科	新零售 大数据 Python ETL	“阿里大牛”	移动互联网,企业服务 / A轮 / 50-150人	码上赢
383	数据分析助理	珠市口	2020-12-24	5k-8k	5k-8k 经验不限 / 本科	大数据 数据分析 BI SQL	“技术专家亲自带”	数据服务、企业服务 / 未融资 / 少于15人	万山数据
384	本地生活-商业数据分析专家-支付业务	东城区	2020-12-23	20k-30k	20k-30k 经验5-10年 / 本科	本地生活 移动互联网 数据分析 行业分析 营销策略	“发展前景好 晋升快”	消费生活 / D轮及以上 / 2000人以上	饿了么
385	风控数据分析师	通州区	2020-12-24	3k-6k	3k-6k 经验在校/应届 / 本科	电商 大数据 数据分析	“大牛带队，团队nice，锻炼机会多”	电商 / 上市公司 / 2000人以上	京东
386	数据分析工程师	海淀区	2020-12-23	15k-20k	15k-20k 经验1-3年 / 本科	大数据 移动互联网 数据挖掘 Python 算法工程师 Java	“六险一金 带薪假期 餐补 话补 交通补”	移动互联网 / 不需要融资 / 150-500人	方正手迹
387	数据分析师 (MJ000873)	五道口	2020-12-23	20k-35k	20k-35k 经验3-5年 / 本科	增长数据分析 直播数据分析 Python MySQL Spark	“海量数据，牛人云集，学习型组织”	社交 / D轮及以上 / 500-2000人	知乎
388	数据分析师	望京	2020-12-11	25k-35k	25k-35k 经验5-10年 / 本科	保险 基金	“带薪休假，五险一金全额，打车报销，团队优秀”	移动互联网,金融 / B轮 / 500-2000人	小帮规划
389	数据分析师	海淀区	2020-12-08	15k-30k	15k-30k 经验3-5年 / 本科	数据分析	“主管nice”	企业服务 / 上市公司 / 2000人以上	上海永辉超市有限公司
390	大数据分析师	朝阳区	2020-12-22	15k-20k	15k-20k 经验3-5年 / 本科	新零售 大数据 BI 数据分析 SQL	“阿里大牛、零售大数据”	移动互联网,企业服务 / A轮 / 50-150人	码上赢
391	数据分析师	太平桥	2020-12-17	40k-80k	40k-80k 经验3-5年 / 本科	金融	“发展空间大，福利好”	金融,区块链 / 不需要融资 / 150-500人	中国人民银行金融科技研究院
392	高级数据分析师	亮马桥	2020-12-02	20k-40k	20k-40k 经验3-5年 / 本科	保险 医疗健康	“大平台，福利好”	金融 / 未融资 / 500-2000人	平安健康保险
393	数据分析	朝阳区	2020-11-13	10k-20k	10k-20k 经验1-3年 / 本科	新零售 快消 市场推广 营销策略 商品管理	“扁平化管理、晋升空间大、领导nice”	消费生活 / 未融资 / 150-500人	boncake
394	高级数据分析总监	朝阳区	2020-12-23	20k-40k	20k-40k 经验5-10年 / 本科	数据分析 财务出身	“平台大，福利好”	移动互联网,广告营销 / 不需要融资 / 500-2000人	蓝标传媒
395	风控数据分析师	望京	2020-12-22	15k-25k	15k-25k 经验3-5年 / 本科	数据分析	“公司发展好，职位晋升空间大”	电商,金融 / B轮 / 500-2000人	桔子数科
396	数据分析师（财务中心）	海淀区	2020-12-22	12k-15k	12k-15k 经验不限 / 本科	数据分析	“六险一金、节日福利、租房补贴”	企业服务,数据服务 / B轮 / 150-500人	绿湾科技
397	数据分析师	朝阳区	2020-12-04	15k-30k	15k-30k 经验不限 / 本科	数据分析 需求分析	“扁平化管理，空间大，五险一金”	金融 / 上市公司 / 2000人以上	玖富数科集团
398	数据分析师	朝阳区	2020-09-29	8k-15k	8k-15k 经验3-5年 / 本科	数据分析 数据运营 SQL BI	“氛围好；年终奖；五险一金”	移动互联网,电商 / 不需要融资 / 2000人以上	国美控股集团
399	数据分析师	酒仙桥	2020-11-27	20k-40k	20k-40k 经验5-10年 / 本科	金融 用户研究	“上市公司,包三餐,3-9个月年终奖”	金融 / 上市公司 / 500-2000人	360数科
400	EEG数据分析工程师	中关村	2020-12-22	8k-16k	8k-16k 经验不限 / 本科	大数据	“一流的科研平台，优秀的科研团队和环境”	数据服务 / 不需要融资 / 2000人以上	中科院自动化所
401	数据分析师	望京	2020-12-09	15k-30k	15k-30k 经验3-5年 / 本科	数据分析 可视化	“发展快 六险一金 机会多”	移动互联网,教育 / D轮及以上 / 2000人以上	火花思维
402	大数据分析工程师	东四	2020-12-23	20k-30k	20k-30k 经验1-3年 / 本科	大数据	“免费午餐 年度体检 健身房 七险一金等”	移动互联网,企业服务 / 不需要融资 / 150-500人	数码易知
403	数据分析专员	望京	2020-12-08	13k-18k	13k-18k 经验1-3年 / 本科	商业 数据分析 BI	“六险一金，大牛团队，出国旅游”	移动互联网,教育 / D轮及以上 / 2000人以上	猿辅导
404	数据分析师	海淀区	2020-11-10	15k-30k	15k-30k 经验1-3年 / 本科	数据分析	“五险一金、餐补、节日礼品等”	移动互联网,教育 / D轮及以上 / 2000人以上	编程猫
405	数据分析师	朝阳区	2020-10-14	15k-25k	15k-25k 经验3-5年 / 本科	SQL 数据分析 数据挖掘 数据解决方案	“14薪。交通补助 通讯补助 餐补 节假日福利”	移动互联网,消费生活 / 不需要融资 / 2000人以上	e城e家
406	数据分析师	西三旗	2020-09-02	15k-25k	15k-25k 经验3-5年 / 本科	数据分析 数据运营	“六险一金、带薪年假、各类补助、弹性工作”	物联网,数据服务 / D轮及以上 / 500-2000人	G7
407	数据分析师	东城区	2020-08-26	15k-30k	15k-30k 经验3-5年 / 本科	数据分析 用户增长	“发展空间大”	电商 / 上市公司 / 2000人以上	聚美优品
408	数据分析师	朝外	2020-12-09	25k-35k	25k-35k 经验5-10年 / 本科	证券/期货 金融科技 Sql. My Sql tableau Python 数据预处理	“核心岗位 待遇好 专业财经资讯平台前二”	金融,企业服务 / A轮 / 50-150人	中科创星
409	数据分析师	朝阳区	2020-11-13	10k-20k	10k-20k 经验3-5年 / 大专	数据分析 BI B端产品	“五险一金 年底双薪 绩效奖金”	移动互联网,企业服务 / 上市公司 / 500-2000人	点米科技
410	数据分析专员	世界公园	2020-11-19	6k-12k	6k-12k 经验1年以下 / 本科	大数据 数据库 数据分析 数据运营	“美股上市公司，大平台，发展前景好”	移动互联网,金融 / 未融资 / 2000人以上	北京搜房科技发展有限公司
411	数据分析师	亦庄	2020-12-03	10k-20k	10k-20k 经验1-3年 / 本科	大数据 BI 数据分析 数据运营 SPSS	“专业培训、岗位晋升、发展空间大”	数据服务 / 上市公司 / 2000人以上	东方国信
412	数据分析师	来广营	2020-09-07	15k-25k	15k-25k 经验1-3年 / 本科	用户增长 数据分析 原型设计	“公司福利多，前景好”	移动互联网,消费生活 / 上市公司 / 500-2000人	北京新氧科技有限公司
413	高级数据分析师	西北旺	2020-09-29	18k-30k	18k-30k 经验3-5年 / 本科	风控 数据挖掘 数据仓库 算法工程师	“数智赋能政府智能化转型，持续创新新模式新”	移动互联网,数据服务 / 上市公司 / 500-2000人	用友
414	数据分析师	北京大学	2020-11-26	17k-23k	17k-23k 经验3-5年 / 本科	数据分析	“空间大福利好六险一金+绩效奖金+补助”	移动互联网,金融 / 未融资 / 150-500人	随行付金科
415	数据分析师	望京	2020-11-24	15k-30k	15k-30k 经验1-3年 / 本科	工具软件 数据分析 用户研究	“六险一金，大牛团队，出国旅游”	移动互联网,教育 / D轮及以上 / 2000人以上	猿辅导
416	数据分析师	海淀区	2020-11-30	15k-30k	15k-30k 经验不限 / 本科	数据分析 数据统计 增长	“上升业务，出海明星产品，高绩效，高成长”	工具 / B轮 / 150-500人	茄子快传
417	运营数据分析专员	学院路	2020-12-21	10k-16k	10k-16k 经验1-3年 / 本科	数据分析	“发展空间大 薪资福利健全”	数据服务,企业服务 / 上市公司 / 500-2000人	Gridsum 国双
418	数据分析师	大兴区	2020-12-07	15k-30k	15k-30k 经验3-5年 / 本科	电商 可视化 数据分析 数据运营 SQL	“14薪 加班少”	电商 / 上市公司 / 2000人以上	京东
419	高级数据分析师	海淀区	2020-12-15	20k-35k	20k-35k 经验1-3年 / 硕士	数据分析	“大厂”	移动互联网 / 未融资 / 15-50人	北京碧博格尔科技服务有限公司
420	数据分析师	左家庄	2020-10-23	20k-35k	20k-35k 经验3-5年 / 本科	游戏 大数据 BI 数据分析 SQL	“六险一金 有工作自助餐 双休不加班”	游戏 / 不需要融资 / 150-500人	Magic Tavern
421	数据分析师（BI方向）	海淀区	2020-12-24	20k-40k	20k-40k 经验3-5年 / 本科	数据仓库 数据建模 BI 数据运营 数据分析 数据库	“平台资源、发展前景、福利待遇”	金融,数据服务 / C轮 / 150-500人	量化派
422	高级数据分析师	朝阳区	2020-10-12	30k-40k	30k-40k 经验5-10年 / 本科	教育 Python MySQL SQLServer	“牛人团队，股票期权”	教育 / D轮及以上 / 2000人以上	VIPKID
423	数据分析	海淀区	2020-10-23	6k-10k	6k-10k 经验1-3年 / 本科	企业服务 云计算 运营	“五险一金”	移动互联网,数据服务 / 上市公司 / 150-500人	聚通达科技
424	数据分析专员	望京	2020-10-15	7k-10k	7k-10k 经验不限 / 本科	大数据 数据分析 BI SPSS	“数据分析,大数据,运营管理,集团总部”	移动互联网,电商 / 未融资 / 2000人以上	相寓
425	数据分析	丰台区	2020-11-26	14k-20k	14k-20k 经验1-3年 / 本科	金融 MySQL 报表开发 Bi	“双休，不加班，三餐”	企业服务 / 未融资 / 15-50人	锐仕方达太原分公司
426	大数据分析工程师	五道口	2020-12-23	15k-30k	15k-30k 经验3-5年 / 本科	金融 Python Spark 数据仓库	“环境舒适，弹性时间，五险一金，专家交流”	金融,数据服务 / 天使轮 / 15-50人	道口金科
427	CB Insights数据分析实习生	团结湖	2020-12-23	2k-4k	2k-4k 经验在校/应届 / 本科	数据挖掘 数据分析	“多劳多得 晋升空间大”	其他 / A轮 / 50-150人	CB Insights CHINA
428	数据分析师 (MJ006713)	海淀区	2020-12-21	15k-25k	15k-25k 经验1-3年 / 本科	Hive SQL	“核心媒体及商业项目，带薪年假15天”	移动互联网,广告营销 / 上市公司 / 2000人以上	搜狐集团
429	数据分析师	望京	2020-09-24	10k-15k	10k-15k 经验在校/应届 / 本科	移动互联网 数据分析	“福利待遇，发展前景，大平台”	金融 / D轮及以上 / 150-500人	雪球
430	商业数据分析师	朝阳区	2020-12-22	15k-20k	15k-20k 经验3-5年 / 本科	商业 数据分析 SQL Excel	“行业头部企业、数据驱动、带薪年假、大牛带队”	移动互联网 / C轮 / 2000人以上	居理新房
431	商业数据分析师-华北	望京	2020-12-24	15k-30k	15k-30k 经验1-3年 / 本科	大数据 云计算 数据分析 解决方案 增长黑客	“硅谷数据科学文化,前沿领域,发展速度快”	企业服务,数据服务 / B轮 / 150-500人	GrowingIO
432	数据分析	西二旗	2020-11-13	15k-30k	15k-30k 经验1-3年 / 本科	SQL	“核心数据服务”	工具 / 上市公司 / 2000人以上	百度
433	数据分析工程师（高级）	西城区	2020-12-21	20k-40k	20k-40k 经验5-10年 / 本科	数据分析	“弹性工作,试用期全薪”	金融 / 不需要融资 / 150-500人	联通支付有限公司
434	数据分析师	海淀区	2020-08-10	15k-20k	15k-20k 经验3-5年 / 本科	教育 移动互联网 商业 数据分析 数据库 可视化	“互联网+教育，集团岗”	教育,移动互联网 / D轮及以上 / 2000人以上	爱学习教育集团
435	数据分析师	望京	2020-08-14	7k-14k	7k-14k 经验不限 / 本科	云计算 大数据 数据分析	“五险一金 年终 提供住宿 房补 饭补”	数据服务 / 上市公司 / 2000人以上	东方国信
436	Python数据分析师	北七家	2020-12-23	10k-20k	10k-20k 经验1-3年 / 本科	Python	“上市公司”	移动互联网,金融 / 上市公司 / 500-2000人	北京指南针
437	数据分析师	朝阳区	2020-10-29	17k-24k	17k-24k 经验3-5年 / 本科	互联网金融 数据分析	“待遇优渥”	金融 / 不需要融资 / 150-500人	百信银行
438	工业数据分析师	海淀区	2020-12-18	12k-24k	12k-24k 经验不限 / 本科	算法 数据挖掘 数据分析	“行业风口,大牛带路,扁平化,环境好”	数据服务 / B轮 / 150-500人	K2DATA
439	数据分析师	朝阳区	2020-09-07	10k-15k	10k-15k 经验1-3年 / 本科	大数据 数据分析	“老板nice，年轻团队，帅哥美女多！”	移动互联网 / A轮 / 15-50人	骨朵传媒
440	数据分析师	高碑店村	2020-09-22	5k-10k	5k-10k 经验3-5年 / 本科	医疗健康 大数据	“共同成长”	医疗丨健康 / 未融资 / 少于15人	永润禾咨询
441	数据分析（广告投放）	丰台区	2020-12-15	10k-18k	10k-18k 经验3-5年 / 本科	广告营销 运营 APP推广 效果跟踪 数据分析	“六险一金，带薪年假，”	电子商务 / 上市公司 / 500-2000人	值得买科技
442	大数据分析	东四	2020-11-03	28k-50k	28k-50k 经验3-5年 / 硕士	移动互联网 数据挖掘	“五险两金”	数据服务,通讯电子 / 不需要融资 / 2000人以上	移动通信
443	数据分析师	朝阳区	2020-11-10	15k-30k	15k-30k 经验1-3年 / 本科	新零售 竞品分析 数据分析 产品设计 产品策划	“绩效奖金、商业保险，带薪年假”	企业服务 / 上市公司 / 500-2000人	睿意德
444	商业数据分析师	亦庄	2020-12-21	20k-30k	20k-30k 经验3-5年 / 本科	电商 大数据 数据分析 BI SPSS SQL	“五险一金，带薪年假，大牛带队，绩效奖金”	电商,移动互联网 / 上市公司 / 2000人以上	中企动力
445	数据分析师	苏州街	2020-09-04	15k-20k	15k-20k 经验1-3年 / 本科	教育 大数据	“行业龙头，互联**育”	教育 / 未融资 / 15-50人	世纪高教
446	数据分析师	东城区	2020-07-30	15k-25k	15k-25k 经验1-3年 / 本科	电商	“福利待遇好”	金融,移动互联网 / 不需要融资 / 50-150人	中投亚联
447	资深数据分析师-产品技术中心 (MJ006569)	海淀区	2020-12-08	10k-20k	10k-20k 经验不限 / 本科	数据分析	“团队优秀 大牛多”	移动互联网,广告营销 / 上市公司 / 2000人以上	搜狐集团
448	数据分析师	回龙观	2020-12-13	20k-30k	20k-30k 经验3-5年 / 本科	教育 移动互联网 用户增长 用户研究 数据分析	“核心团队，发展空间大”	教育 / 上市公司 / 2000人以上	好未来
449	高级数据分析师	广安门	2020-10-19	18k-25k	18k-25k 经验3-5年 / 本科	Python 数据挖掘 数据建模 业务分析	“五险一金、项目奖金”	数据服务,企业服务 / 上市公司 / 15-50人	博智数源
