0	高级数据分析师	同德	19:49发布	12k-18k	12k-18k 经验3-5年 / 不限	电商 社交 增长黑客 数据分析 数据运营 SQL	“五险一金/绩效奖金/全勤奖/创新奖”	电商 / 不需要融资 / 2000人以上	广州棒谷科技股份有限公司
1	高级数据分析师	芳村	19:54发布	12k-24k	12k-24k 经验3-5年 / 本科	电商 数据模型 数据预测 商业分析 客服数据	“股票期权 周末双休 包三餐 免息住房贷款”	电商 / 上市公司 / 2000人以上	唯品会
2	数据分析师	天河区	17:30发布	10k-15k	10k-15k 经验1-3年 / 本科	用户研究 需求分析 竞品分析 数据分析	“AI大数据朝阳行业 扁平化管理 互联网氛围”	数据服务 / B轮 / 150-500人	DataStory
3	数据分析	越秀区	10:42发布	15k-25k	15k-25k 经验1-3年 / 本科	金融 移动互联网 数据挖掘	“银行系金融科技公司”	金融,软件开发 / 不需要融资 / 2000人以上	建信金科
4	数据分析师	员村	16:10发布	12k-24k	12k-24k 经验3-5年 / 本科	通信/网络设备 数据分析	“团队实力 晋升完善”	移动互联网,数据服务 / A轮 / 150-500人	贝锐科技
5	数据分析	岭南	15:42发布	15k-25k	15k-25k 经验3-5年 / 本科	ETL BI	“周末双休、五险一金”	教育,游戏 / B轮 / 2000人以上	快乐种子
6	数据分析师	南沙区	14:08发布	10k-16k	10k-16k 经验3-5年 / 本科	汽车 移动互联网 网站分析 数据分析 用户增长	“全新商业模式，用户型企业”	汽车丨出行 / A轮 / 150-500人	广汽蔚来
7	数据分析师	员村	16:28发布	6k-12k	6k-12k 经验1-3年 / 本科	数据分析 数据运营	“做五休二，季度绩效、五险一金、定期团建”	数据服务,人工智能 / 不需要融资 / 150-500人	上海浩宜信息科技有限公司
8	数据分析师	珠江新城	14:30发布	13k-23k	13k-23k 经验1-3年 / 本科	新零售 大数据 增长黑客 数据分析 SPSS SQL	“七险二金，通信补贴，交通补贴，健康体检，”	移动互联网 / 上市公司 / 2000人以上	广东联通
9	数据分析师	清河东路	13:51发布	7k-12k	7k-12k 经验1-3年 / 大专	电商 移动互联网 数据分析 商业	“团队氛围好,福利棒,发展空间大,领导好”	电商 / C轮 / 500-2000人	盈富斯
10	数据分析师	番禺区	11:19发布	15k-25k	15k-25k 经验3-5年 / 本科	需求分析 数据分析 商业分析	“六险一金 年终奖 季度奖金 加班补贴”	移动互联网 / C轮 / 150-500人	乐摇摇
11	数据分析师	黄花岗	11:12发布	10k-15k	10k-15k 经验3-5年 / 本科	数据库 数据分析 SQL Python	“双休 全薪五险一金 商业保险 十三薪”	数据服务 / 上市公司 / 500-2000人	HCR
12	数据分析师	珠江新城	10:45发布	8k-15k	8k-15k 经验不限 / 本科	数据分析	“双休；完善的职业发展体系；广阔的发展前景”	金融 / 不需要融资 / 2000人以上	广发银行信用卡中心
13	数据分析师	海珠区	10:53发布	10k-15k	10k-15k 经验3-5年 / 本科	电商 社交 数据分析 BI SPSS SQL	“大数据平台,千万级用户,精英团队,知识分”	电商,消费生活 / B轮 / 150-500人	花生日记
14	数据分析师	海珠区	11:41发布	8k-13k	8k-13k 经验1-3年 / 大专	直播 数据分析	“周末双休、年终奖金、出海项目、发展前景”	社交 / 未融资 / 50-150人	小象
15	高级数据分析师	海珠区	17:51发布	20k-35k	20k-35k 经验5-10年 / 本科	数仓建模 ETL 算法工程师 数据挖掘	“技术open，领导nice，氛围轻松”	移动互联网 / D轮及以上 / 500-2000人	百布
16	高级数据分析师	海珠区	17:12发布	25k-35k	25k-35k 经验5-10年 / 本科	汽车 大数据	“汽车大数据 直播大数据”	移动互联网,电商 / A轮 / 50-150人	阿凡提
17	高级数据分析师	海珠区	17:12发布	20k-30k	20k-30k 经验5-10年 / 本科	数据分析	“六险一金 周末双休 大平台 技术团队”	移动互联网,电商 / A轮 / 50-150人	阿凡提
18	高级数据分析师	琶洲	16:57发布	20k-30k	20k-30k 经验3-5年 / 本科	游戏 Hadoop MySQL 数据仓库 Spark	“带薪年假 年度体检 免费三餐 优秀团队”	游戏 / 上市公司 / 500-2000人	君海游戏
19	高级数据分析师	桥中	12:12发布	30k-45k	30k-45k 经验5-10年 / 本科	电商 大数据 市场 数据分析 行业分析 消费者分析	“发展空间大 月流水过亿”	移动互联网,电商 / C轮 / 500-2000人	一手
20	高级数据分析师	珠江新城	12:04发布	18k-36k	18k-36k 经验5-10年 / 本科	数据分析	“团队靠谱，平台靠谱，福利好”	移动互联网,电商 / 上市公司 / 2000人以上	富力地产
21	数据分析师	东圃	10:42发布	8k-15k	8k-15k 经验1-3年 / 本科	电商 用户研究 数据分析	“双休 年终奖 带薪年假 内买福利”	电商 / 不需要融资 / 500-2000人	乐其电商
22	高级数据分析师	海珠区	11:41发布	20k-40k	20k-40k 经验5-10年 / 本科	直播 数据挖掘 Java Python	“周末双休、年终奖金、出海项目、发展前景”	社交 / 未融资 / 50-150人	小象
23	数据分析师	官洲	09:04发布	12k-24k	12k-24k 经验1-3年 / 本科	数据仓库 数仓工程师 ETL	“发展”	移动互联网,医疗丨健康 / 不需要融资 / 500-2000人	联通（广东）产业互联网...
24	数据分析岗	芳村	19:54发布	7k-14k	7k-14k 经验不限 / 本科	SQL BI	“周末双休 丰富三餐 安居免息 内购 健身房”	电商 / 上市公司 / 2000人以上	唯品会
25	数据分析师	天河区	11:49发布	8k-10k	8k-10k 经验不限 / 本科	数据分析	“五险一金；高温补贴；拓展活动；专业培训”	企业服务,信息安全 / 上市公司 / 500-2000人	广东广信通信服务有限公司
26	数据分析师	海珠区	10:03发布	8k-13k	8k-13k 经验1-3年 / 本科	移动互联网 商业 可视化	“团队耐斯 架构扁平 千万级项目”	移动互联网,文娱丨内容 / B轮 / 150-500人	触漫
27	数据分析师	琶洲	10:07发布	7k-14k	7k-14k 经验1-3年 / 本科	数据分析 数据埋点	“六险一金、周末双休、贴心餐补、零食畅享”	社交 / A轮 / 150-500人	微咔世纪
28	数据分析师	荔湾区	10:45发布	18k-28k	18k-28k 经验5-10年 / 本科	电商 数据分析 Tableau ETL整合数据	“晋升空间广 福利待遇佳 市中心方位”	移动互联网,电商 / 不需要融资 / 500-2000人	上海联蔚数字科技集团股份有限公司
29	数据分析师	登峰	10:03发布	5k-10k	5k-10k 经验不限 / 本科	数据分析 SQL	“年度旅游,月度活动,五险一金,绩效奖金”	移动互联网,企业服务 / 不需要融资 / 50-150人	广东智源
30	数据分析师	登峰	10:03发布	5k-10k	5k-10k 经验不限 / 本科	数据分析 SQL	“年度旅游,月度活动,五险一金,绩效奖金”	移动互联网,企业服务 / 不需要融资 / 50-150人	广东智源
31	数据分析师	天河区	09:11发布	8k-12k	8k-12k 经验1-3年 / 本科	数据分析	“五险一金,年终奖金,带薪年假,周末双休”	数据服务 / 上市公司 / 500-2000人	广州南天
32	数据分析师	天河区	10:01发布	6k-9k	6k-9k 经验1-3年 / 本科	电商 大数据	“双休，五险一金，年终奖金，餐饮补贴”	移动互联网,硬件 / 天使轮 / 50-150人	丹霄技术
33	数据分析实习生	天河北	11:15发布	3k-4k	3k-4k 经验在校/应届 / 本科	数据分析 数据运营	“成熟型业务用户量大，牛人多，福利好，氛围好”	信息安全 / 上市公司 / 2000人以上	360
34	游戏数据分析师	石牌	19:02发布	8k-15k	8k-15k 经验不限 / 本科	游戏 数据分析	“五险一金,餐饮补贴,专业培训,年终奖金”	游戏 / 不需要融资 / 500-2000人	4399游戏
35	bi数据分析师	五山	18:42发布	12k-24k	12k-24k 经验1-3年 / 本科	大数据 工具软件 数据仓库 数仓架构 Hadoop Spark	“大牛带导 丰厚年终 五险一金 年度旅游”	移动互联网 / 不需要融资 / 150-500人	广州新视展投资咨询有限公司
36	商务助理/数据分析岗	天河区	17:37发布	4k-6k	4k-6k 经验不限 / 大专	数据分析 市场分析 行业分析 市场竞争分析	“上市公司、五险一金、周末双休、明星见面会”	文娱丨内容 / 上市公司 / 2000人以上	金逸影视
37	数据分析工程师	龙溪	18:01发布	8k-15k	8k-15k 经验3-5年 / 大专	电商 数据挖掘	“行业前景 ，双休，五险一金+商业意外险”	电商 / A轮 / 500-2000人	蓝深科技
38	游戏数据分析师	海珠区	19:00发布	12k-20k	12k-20k 经验在校/应届 / 本科	游戏 MySQL Python	“高速业务发展 大平台 游戏行业”	移动互联网,游戏 / 不需要融资 / 500-2000人	阿里互动娱乐事业群
39	汽车行业数据分析师	天河区	17:30发布	10k-15k	10k-15k 经验1-3年 / 本科	汽车 大数据 行业分析 数据分析 消费者分析 市场竞争分析	“扁平式管理 导师制实习模式 互联网氛围”	数据服务 / B轮 / 150-500人	DataStory
40	推广与数据分析专员	客村	18:33发布	5k-10k	5k-10k 经验不限 / 本科	数据分析 网站分析 网络推广 电商运营	“国际大牌零售客户 数据赋能商业价值”	电商 / 未融资 / 500-2000人	青木科技
41	数据建模/数据可视化	海珠区	15:05发布	10k-20k	10k-20k 经验3-5年 / 不限	数仓建模	“国企 五险一金 周末双休”	通讯电子 / 不需要融资 / 2000人以上	广东亿迅
42	数据分析助理	东环	13:55发布	4k-6k	4k-6k 经验在校/应届 / 大专	电商 数据分析 业务分析	“英雄联盟文化 竞岗晋升”	电商 / 不需要融资 / 150-500人	四季沐歌
43	数据分析师（医学大数据）	天河区	17:52发布	16k-18k	16k-18k 经验3-5年 / 硕士	医疗健康 大数据 深度学习 临床数据分析	“事业单位正式合同聘用”	人工智能,区块链 / 不需要融资 / 15-50人	广东顺德中山大学卡内基梅隆大学国际联合研究院
44	数据运营（数据分析）	南沙区	14:08发布	10k-16k	10k-16k 经验3-5年 / 本科	汽车 移动互联网	“运营生态，领导好”	汽车丨出行 / A轮 / 150-500人	广汽蔚来
45	数据分析师	天河区	09:34发布	10k-15k	10k-15k 经验1-3年 / 大专	数据分析	“五险一金 年终奖金 节日礼品 餐费补贴”	游戏 / 天使轮 / 150-500人	BBGAME
46	资深数据分析师-GZ	冼村	14:36发布	12k-20k	12k-20k 经验1-3年 / 本科	大数据 广告营销 运营 用户增长 数据分析	“高密度优秀人才 扁平 开放 发展空间大”	移动互联网,广告营销 / D轮及以上 / 150-500人	深演智能
47	游戏数据分析师-广州	天河区	15:58发布	15k-20k	15k-20k 经验1-3年 / 本科	游戏 数据分析	“大平台”	电商 / 上市公司 / 2000人以上	网易
48	市场数据分析师	天河城	18:57发布	5k-10k	5k-10k 经验在校/应届 / 本科	游戏	“五险一金,股票期权,年终奖励,目标奖励”	移动互联网,游戏 / 不需要融资 / 150-500人	冰鸟
49	电商数据分析师	天河区	16:48发布	8k-10k	8k-10k 经验1-3年 / 本科	市场 数据分析	“晋升空间 五险一金 双休 带薪年假”	其他 / 上市公司 / 2000人以上	维达纸业（中国）有限公司
50	游戏数据分析师(J9SG1)	海珠区	14:13发布	15k-25k	15k-25k 经验3-5年 / 本科	游戏 运营 数据分析 游戏运营	“六险一金, 团队氛围好, 晋升空间大、下午茶”	游戏,移动互联网 / 不需要融资 / 150-500人	大蓝网络
51	资深游戏数据分析师	天河区	15:58发布	20k-35k	20k-35k 经验3-5年 / 本科	游戏 Hive	“大平台”	电商 / 上市公司 / 2000人以上	网易
52	数据分析师 (MJ003570)	番禺区	14:05发布	15k-30k	15k-30k 经验3-5年 / 本科	数据分析	“健身房；餐补；免费咖啡”	文娱丨内容 / 上市公司 / 2000人以上	欢聚集团（JOYY Inc.）
53	数据分析高级主管（客服中心方向）	天河北	14:17发布	10k-12k	10k-12k 经验1-3年 / 本科	电商 大数据 数仓建模 数据仓库 数据挖掘 数据库开发	“业务发展迅猛 扁平化团队”	电商 / A轮 / 500-2000人	全球购骑士特权
54	数据分析工程师	天河区	11:49发布	10k-20k	10k-20k 经验5-10年 / 本科	Spark Flink Java Scala	“专业培训；周末双休；五险一金；节日福利”	企业服务,信息安全 / 上市公司 / 500-2000人	广东广信通信服务有限公司
55	管理培训生（数据分析类）	天河区	16:48发布	6k-8k	6k-8k 经验在校/应届 / 本科	数据分析	“公司重点项目，人才发展平台”	其他 / 上市公司 / 2000人以上	维达纸业（中国）有限公司
56	高级数据分析师 (MJ002859)	番禺区	14:05发布	25k-45k	25k-45k 经验5-10年 / 本科	数据分析	“健身房；餐补；免费咖啡”	文娱丨内容 / 上市公司 / 2000人以上	欢聚集团（JOYY Inc.）
57	资深数据分析工程师	嘉禾	11:38发布	15k-25k	15k-25k 经验3-5年 / 本科	云计算 大数据 商业 数据库 可视化 数据分析	“双休、五险一金、项目奖金、公司定期旅游”	移动互联网,人工智能 / B轮 / 50-150人	美业颜究院
58	数据分析工程师	海珠区	10:38发布	12k-24k	12k-24k 经验3-5年 / 本科	大数据 移动互联网 数据挖掘	“大数据,数据分析,数据挖掘,数据处理”	其他 / 上市公司 / 50-150人	数立方
59	PowerBI数据分析师	天河区	12:16发布	10k-20k	10k-20k 经验在校/应届 / 本科	ETL 数据分析 SQLServer	“外资企业，福利优厚，五险一金，员工持股”	移动互联网,数据服务 / 上市公司 / 500-2000人	友邦科技
60	数据分析师 (MJ000083)	天河区	10:15发布	15k-25k	15k-25k 经验3-5年 / 本科	电商 数据分析	“团队靠谱、薪酬福利健全”	电商,企业服务 / 不需要融资 / 500-2000人	搜款网 VVIC
61	PTBU-数据分析师	东圃	09:55发布	15k-25k	15k-25k 经验3-5年 / 本科	音乐 直播	“餐饮补贴 大平台 五险一金 年终奖”	文娱丨内容 / 上市公司 / 500-2000人	酷狗音乐
62	游戏数据分析师	天河区	10:21发布	8k-13k	8k-13k 经验不限 / 本科	可视化 数据分析 数据运营 SQL	“双休 成长快 薪酬福利好”	游戏 / 上市公司 / 50-150人	Goat Games
63	高级数据分析师(J10166)	珠江新城	10:24发布	15k-30k	15k-30k 经验1-3年 / 本科	数据分析	“六险一金、包三餐、大牛多”	游戏 / 不需要融资 / 500-2000人	趣丸
64	数据分析工程师	官洲	09:04发布	12k-20k	12k-20k 经验1-3年 / 本科	医疗方案经理	“发展前景好，薪酬福利好”	移动互联网,医疗丨健康 / 不需要融资 / 500-2000人	联通（广东）产业互联网...
65	数据分析师助理	越秀区	16:12发布	6k-8k	6k-8k 经验1-3年 / 大专	证券/期货 互联网金融 行业研究 分析师 风控	“前景广阔，提升自我”	金融 / 不需要融资 / 50-150人	盈力咨询
66	电商数据分析主任	岭南	11:01发布	8k-9k	8k-9k 经验3-5年 / 本科	电商 数据分析	“公司福利优渥，发展前景大”	电商 / 上市公司 / 2000人以上	谢瑞麟珠宝
67	《56万顶薪》数据分析工程师01	海珠区	10:26发布	18k-28k	18k-28k 经验不限 / 本科	游戏 Java Python 数据挖掘 算法工程师	“五险一金 双休 带薪年假”	游戏 / 不需要融资 / 150-500人	上海敬游软件
68	数据分析经理（业务增长）(J10206)	珠江新城	10:24发布	25k-50k	25k-50k 经验不限 / 本科	建模 算法	“包三餐 五险一金 弹性工作等”	游戏 / 不需要融资 / 500-2000人	趣丸
69	车辆数据分析测试工程师	岗顶	10:04发布	6k-10k	6k-10k 经验不限 / 本科	数据分析	“周末双休 包3餐 季度奖金 年终奖 团建活动”	移动互联网,游戏 / B轮 / 150-500人	火烈鸟网络
70	数据分析专家	黄埔区	1天前发布	15k-30k	15k-30k 经验5-10年 / 本科	电商 大数据 BI 数据分析	“平台大 氛围轻松 福利完善 五险一金”	电商,物流丨运输 / 不需要融资 / 500-2000人	卓志
71	hrbp助理（纯做招聘方向）会数据分析优先	天河区	14:29发布	6k-9k	6k-9k 经验1-3年 / 本科	电商 社交 HRBP 招聘 绩效考核 HR	“晋升空间大 多福利 五险一金 双休”	电商 / B轮 / 500-2000人	微革网络
72	安全大数据分析	建设	10:16发布	30k-50k	30k-50k 经验10年以上 / 本科	信息安全 数据分析 安全大数据	“薪资福利，公司氛围好”	信息安全 / B轮 / 50-150人	中科物安
73	商品数据分析专员	天河区	10:20发布	8k-15k	8k-15k 经验3-5年 / 本科	新零售	“朝阳行业、稳健平台”	消费生活 / C轮 / 2000人以上	本来生活网
74	数据分析员	龙凤	04:34发布	6k-8k	6k-8k 经验不限 / 本科	商业 数据分析	“工作生活平衡，五险一金，带薪年假”	移动互联网,数据服务 / B轮 / 50-150人	Edison Inc
75	高级数据分析经理（专家岗）	员村	12:46发布	15k-30k	15k-30k 经验3-5年 / 本科	大数据 社交 数据分析	“上市公司，大平台福利待遇好，海边环境好”	移动互联网 / 上市公司 / 2000人以上	金山办公软件
76	数据建模工程师	海珠区	01:37发布	20k-35k	20k-35k 经验5-10年 / 本科	Flink 数仓建模	“发展平台大”	企业服务,数据服务 / A轮 / 500-2000人	滴普科技
77	数据分析师	番禺区	1天前发布	20k-40k	20k-40k 经验1-3年 / 本科	大数据 用户增长 数据	“大牛BAT团队”	社交,游戏 / 上市公司 / 2000人以上	虎牙科技
78	出海广告数据分析师	海珠区	04:29发布	10k-20k	10k-20k 经验1-3年 / 本科	运营	“下午茶,六险一金,扁平管理,餐补”	文娱丨内容 / D轮及以上 / 2000人以上	字节跳动
79	数据分析师	黄埔区	3天前发布	10k-17k	10k-17k 经验3-5年 / 本科	电商 新零售 可视化 数据分析 BI SQL	“班车接送 提供饭堂 双休”	消费生活 / 不需要融资 / 2000人以上	蓝月亮
80	数据分析师	天河区	3天前发布	15k-30k	15k-30k 经验不限 / 本科	游戏 用户研究 用户增长 数据分析 需求分析	“双休15薪以上公司团队来自腾讯网易、百度”	移动互联网,电商 / A轮 / 150-500人	智品网络
81	游戏数据分析师	珠江新城	12:20发布	15k-25k	15k-25k 经验不限 / 本科	游戏 数据分析	“平台好 团队氛围好”	电商 / 上市公司 / 2000人以上	网易
82	高级/资深数据分析师	天河区	08:00发布	20k-35k	20k-35k 经验3-5年 / 本科	节日礼物 技能培训 免费班车 带薪年假	“大平台,氛围好”	电商 / 上市公司 / 2000人以上	网易
83	高级数据分析师	黄埔区	3天前发布	17k-25k	17k-25k 经验5-10年 / 本科	电商 新零售 SQL 数据分析 BI 数据产品	“周末双休 班车接送 食堂提供”	消费生活 / 不需要融资 / 2000人以上	蓝月亮
84	数据分析师	天河北	3天前发布	10k-15k	10k-15k 经验1-3年 / 本科	互联网金融 数据分析 数据挖掘	“消费金融行业增长”	金融 / 不需要融资 / 2000人以上	广州银行信用卡中心
85	数据分析师	林和	3天前发布	8k-12k	8k-12k 经验不限 / 本科	企业服务 数据分析 MySQL	“周末双休、带薪年假、五险一金、定期体检”	其他 / 上市公司 / 500-2000人	维他奶
86	数据分析专员	车陂	2020-12-24	10k-20k	10k-20k 经验在校/应届 / 本科	数据分析	“发展前景”	游戏 / 上市公司 / 2000人以上	三七互娱
87	数据分析师	跑马场	3天前发布	10k-20k	10k-20k 经验3-5年 / 本科	游戏 数据分析	“五险一金 餐饮补贴 弹性工作 全勤奖金”	移动互联网,游戏 / 天使轮 / 150-500人	PLAY800
88	数据分析	昌岗	2020-12-24	5k-7k	5k-7k 经验1年以下 / 大专	地图 ArcGIS	“五险一金，双休，7小时工作制，13薪”	移动互联网,企业服务 / 不需要融资 / 50-150人	中工水务
89	高级数据分析师（电商方向）	市桥	2天前发布	20k-40k	20k-40k 经验3-5年 / 本科	电商	“平台宽广、团队优秀、办公环境优美”	移动互联网,社交 / 上市公司 / 2000人以上	Bigo
90	数据分析师	海珠区	2020-12-21	12k-20k	12k-20k 经验不限 / 不限	游戏 数据分析 用户研究 数据	“出勤不打卡，包两餐，五险一金，年终奖”	游戏 / 未融资 / 150-500人	广州帝释天软件有限公司
91	BI数据分析	五山	2天前发布	15k-20k	15k-20k 经验5-10年 / 本科	互联网金融 保险 DB2 DBA ETL MySQL	“项目稳定 待遇优厚 外企氛围好”	数据服务,金融 / 上市公司 / 500-2000人	CLPS
92	游戏数据分析师	黄埔区	3天前发布	13k-26k	13k-26k 经验3-5年 / 本科	游戏 数据分析 数据运营 SPSS	“五险一金 带薪年假 包三餐”	移动互联网,游戏 / 上市公司 / 500-2000人	广州游爱
93	高级数据分析师	芳村	2020-12-24	20k-25k	20k-25k 经验3-5年 / 本科	数据分析	“五险一金、节日福利、生日福利、定期团建”	信息安全,数据服务 / 上市公司 / 150-500人	高奈特
94	数据分析专家（电销业务）	珠江新城	3天前发布	12k-20k	12k-20k 经验3-5年 / 本科	数据分析 市场分析 营销管理 渠道	“大平台、发展前景佳、海量数据”	金融 / 不需要融资 / 2000人以上	广发银行信用卡中心
95	大数据分析师	五羊新城	3天前发布	10k-20k	10k-20k 经验3-5年 / 本科	ETL 数据仓库 Hive SQLServer	“环境佳，平台大，机会多”	其他 / 不需要融资 / 2000人以上	南方报业
96	数据分析师	天河城	2020-12-23	12k-20k	12k-20k 经验不限 / 本科	大数据 金融 sas 数据分析 python	“发展前景佳”	金融 / 不需要融资 / 2000人以上	广州银行信用卡中心
97	数据分析师	天河区	2020-12-23	15k-30k	15k-30k 经验3-5年 / 本科	数据分析	“行业前景 高薪 牛人大咖”	移动互联网,电商 / A轮 / 150-500人	智品网络
98	数据分析师	新港	2020-12-09	12k-18k	12k-18k 经验3-5年 / 本科	数据分析 SQL 数据库	“周末双休,导师制度，腾讯投资”	移动互联网 / C轮 / 150-500人	有车以后
99	数据建模工程师	天河区	3天前发布	25k-45k	25k-45k 经验5-10年 / 本科	数仓建模	“绩效奖金、技术氛围好、办公环境好”	金融 / 上市公司 / 2000人以上	广发证券
100	数据分析岗（业务方向）	天河区	3天前发布	20k-40k	20k-40k 经验5-10年 / 本科	商业 可视化 SQL 数据分析	“周末双休,带薪年假,五险一金,提供食堂”	金融 / 不需要融资 / 2000人以上	广发银行信用卡中心
101	数据分析师	海珠区	2020-11-04	10k-20k	10k-20k 经验1-3年 / 本科	可视化 数据分析 数据运营 BI	“团队大牛多,工作弹性,免费午餐”	移动互联网,金融 / B轮 / 150-500人	盈米财富
102	数据分析师	永平	2020-12-23	10k-15k	10k-15k 经验3-5年 / 本科	SQL BI 数据分析	“牛人带领，快速成长”	电商 / 不需要融资 / 500-2000人	泉后优品
103	数据分析师	员村	2020-12-23	18k-25k	18k-25k 经验3-5年 / 本科	数据分析 商业 数据运营	“工程师氛围,技术大牛,周末双休”	移动互联网,电商 / A轮 / 150-500人	智品网络
104	高级数据分析师	珠江新城	2020-12-16	15k-25k	15k-25k 经验3-5年 / 本科	数仓建模 Python Sql 数据抽取	“打造全新的法律人工智能领域”	软件开发 / A轮 / 15-50人	博维创远科技
105	高级数据分析师	荔湾区	2020-10-21	15k-30k	15k-30k 经验3-5年 / 本科	SQLServer	“创新团队,氛围好,免费三餐”	电商 / 上市公司 / 2000人以上	唯品会
106	高级数据分析师	萝岗区	2020-12-09	10k-15k	10k-15k 经验3-5年 / 本科	医疗健康 SQLServer	“周末双休，购买五险一金，每天有下午茶时间”	医疗丨健康,电商 / 未融资 / 15-50人	宜健邦科技
107	资深数据分析师(J10208)	珠江新城	3天前发布	25k-35k	25k-35k 经验5-10年 / 本科	数据挖掘	“大健康行业 发展前景大 福利齐全 氛围佳”	移动互联网,医疗丨健康 / 不需要融资 / 150-500人	中康资讯
108	资深数据分析师	新港	2020-12-09	15k-30k	15k-30k 经验3-5年 / 本科	数据业务 专题分析	“扁平化 发挥空间”	移动互联网 / C轮 / 150-500人	有车以后
109	数据分析实习生	岑村	2020-12-21	3k-4k	3k-4k 经验在校/应届 / 本科	汽车 SQL 数据分析 BI	“包午晚饭，大牛带，进步快”	汽车丨出行 / 上市公司 / 2000人以上	小鹏汽车
110	数据分析师	五山	2020-11-23	6k-7k	6k-7k 经验1年以下 / 本科	大数据 数据分析	“博士带队,博士导师,5天7小时,氛围好”	移动互联网,金融 / 上市公司 / 2000人以上	设计院
111	数据分析员实习生	岭南	3天前发布	1k-2k	1k-2k 经验在校/应届 / 本科	数据分析 市场调研	“具有国外的视野、公司稳定发展”	数据服务 / 不需要融资 / 50-150人	广州市西美信息科技有限公司
112	大数据分析实习生	南沙区	3天前发布	2k-4k	2k-4k 经验在校/应届 / 本科	大数据分析	“周末双休，包住，节日福利”	移动互联网,数据服务 / 不需要融资 / 150-500人	中科院广州软件所
113	数据分析实习生	番禺区	2020-12-14	2k-3k	2k-3k 经验不限 / 本科	SQLServer MySQL SAS SPSS	“双休、食堂补贴、实习补贴、大厂经验、健身房”	文娱丨内容 / 上市公司 / 2000人以上	欢聚集团（JOYY Inc.）
114	数据分析	黄埔区	2020-12-11	4k-8k	4k-8k 经验不限 / 本科	云计算 大数据 BI SPSS 数据库	“大数据，模型构建，预测预警，股权，指导”	人工智能,软件开发 / 不需要融资 / 15-50人	经信纬通
115	数据分析	天河区	2020-12-08	6k-10k	6k-10k 经验在校/应届 / 本科	广告营销 商业	“福利丰厚 上市公司 氛围轻松 餐补”	游戏 / 上市公司 / 2000人以上	三七互娱
116	资深数据分析运营	海珠区	2020-12-24	10k-15k	10k-15k 经验1-3年 / 本科	游戏 运营 数据分析 二次元	“五险一金 周末双休 包吃 年底双薪”	游戏 / 未融资 / 150-500人	心源互动
117	数据分析师	天河区	2020-12-23	10k-12k	10k-12k 经验1-3年 / 本科	数据分析	“五险一金、免费餐饮、扁平化管理”	移动互联网 / A轮 / 50-150人	橙新科技
118	数据分析师	车陂	2020-12-11	8k-12k	8k-12k 经验1-3年 / 本科	数据仓库 Hadoop SQLServer	“五险一金绩效奖金周末双休年终分红”	其他 / 未融资 / 150-500人	博达祥和
119	数据分析师	越秀区	2020-07-27	8k-12k	8k-12k 经验1-3年 / 本科	大数据 房产服务 BI 数据分析	“互联网大平台 贝壳找房”	其他 / 不需要融资 / 2000人以上	链家地产
120	数据分析	越秀区	2020-12-21	6k-8k	6k-8k 经验1-3年 / 本科	SQL	“交通便利，五险一金，带薪年假”	VR丨AR / 不需要融资 / 50-150人	华录超清文化
121	数据分析师	天河区	2020-12-23	18k-25k	18k-25k 经验1-3年 / 本科	数据分析	“不打卡双休加班少出国旅游15薪资起”	移动互联网,电商 / A轮 / 150-500人	智品网络
122	数据分析师	天河区	2020-12-17	17k-27k	17k-27k 经验1-3年 / 本科	视频 移动互联网 数据分析	“一年15~18薪资，项目奖金，餐补”	移动互联网,电商 / A轮 / 150-500人	智品网络
123	数据分析课程班主任	东圃	2020-12-24	6k-10k	6k-10k 经验1-3年 / 本科	教育	“头部在线教育机构”	移动互联网,教育 / D轮及以上 / 500-2000人	环球网校
124	高级数据分析师	天河区	2020-11-19	12k-20k	12k-20k 经验3-5年 / 本科	电商 Hive Python MySQL 数据分析	“电商、发展前景、行业大牛”	电商 / B轮 / 500-2000人	微革网络
125	数据分析员	车陂	3天前发布	5k-10k	5k-10k 经验不限 / 本科	工具软件 C# Python SQL oracle	“五险一金、定期体检、旅游、餐补、临近地铁”	移动互联网,其他 / 不需要融资 / 50-150人	广东睿盟科技
126	数据分析主管	海珠区	2020-12-23	8k-13k	8k-13k 经验1-3年 / 本科	电商 客服团队	“基于业务数据分析”	电商 / C轮 / 2000人以上	逸仙电商
127	数据分析	珠江新城	2020-11-06	14k-20k	14k-20k 经验3-5年 / 本科	电商 数仓建模	“公开透明 免费零食 弹性打卡”	电商 / 未融资 / 50-150人	麦和日用
128	数据分析	天河区	2020-11-12	7k-12k	7k-12k 经验3-5年 / 本科	数据架构	“五险一金 周末双休 年终奖金 扁平管理”	移动互联网,社交 / 不需要融资 / 150-500人	讯汇科技
129	电商数据分析工程师	市桥	2020-12-22	10k-20k	10k-20k 经验3-5年 / 本科	电商 新零售 数据分析	“不打卡 团队年轻 领导nice”	电商 / 上市公司 / 2000人以上	美的电商
130	HR管培生-数据分析	同德	2020-12-24	5k-9k	5k-9k 经验在校/应届 / 本科	电商 SPSS BI 数据分析 数据运营	“晋升空间大、绩效奖金、五险一金”	电商 / 不需要融资 / 2000人以上	广州棒谷科技股份有限公司
131	数据分析	琶洲村	2020-11-24	20k-40k	20k-40k 经验3-5年 / 本科	游戏 工具软件 用户研究 SQL	“互联网大厂”	企业服务 / 天使轮 / 50-150人	Link-u
132	数据分析专员	新市	2020-11-25	6k-8k	6k-8k 经验不限 / 不限	电商 物流 数据分析 数据运营	“可横向往流程/产品及业务发展”	电商 / 不需要融资 / 2000人以上	广州棒谷科技股份有限公司
133	数据分析师	新港	2020-12-16	15k-25k	15k-25k 经验3-5年 / 本科	大数据 移动互联网 BI 数据分析 SQL	“管理扁平化，团队氛围好，职业发展快”	汽车丨出行 / 未融资 / 150-500人	如祺出行
134	数据分析师	天河区	2020-12-03	13k-25k	13k-25k 经验3-5年 / 本科	BI 竞品分析 需求分析 用户增长	“大公司 知名品牌”	移动互联网 / 上市公司 / 2000人以上	阿里巴巴IoT事业部
135	商业数据分析师	天河区	2020-12-24	8k-12k	8k-12k 经验1-3年 / 本科	大数据 数据库 数据分析 数据运营 SQL	“双休 大数据 SQL 移动 五险一金”	数据服务 / 不需要融资 / 50-150人	帷策
136	数据分析专家	天河区	2020-12-07	25k-40k	25k-40k 经验5-10年 / 本科	金融 大数据	“团队成员大多来自阿里、平安，工作氛围积极”	金融 / 不需要融资 / 2000人以上	广发银行信用卡中心
137	数据分析师(商业方向，中高级）	珠江新城	2020-12-24	10k-20k	10k-20k 经验1-3年 / 本科	大数据	“大数据人工智能；面朝全球前10食品公司”	移动互联网,数据服务 / 不需要融资 / 50-150人	一面数据
138	高级数据分析师	棠下	2020-12-03	15k-25k	15k-25k 经验3-5年 / 本科	数仓建模	“发展空间、在线素质教育”	教育 / B轮 / 2000人以上	六一教育
139	数据分析师	珠江新城	2020-12-11	12k-18k	12k-18k 经验1-3年 / 本科	MySQL	“五险一金、年底双薪、午餐补贴”	数据服务 信息安全 / 天使轮 / 15-50人	二十六度数科
140	数据分析	番禺区	2020-12-08	9k-13k	9k-13k 经验3-5年 / 本科	数据挖掘 MySQL Python	“团队年轻，有发展潜力”	电商,物联网 / A轮 / 500-2000人	斯达领科
141	数据分析师	海珠区	2020-09-17	10k-20k	10k-20k 经验3-5年 / 本科	新零售 电商 数据运营 BI 可视化	“新零售 大平台 包三餐”	电商 / 上市公司 / 2000人以上	唯品会
142	数据分析师	天河北	2020-07-24	10k-20k	10k-20k 经验3-5年 / 本科	电商 新零售 数据分析 用户研究 需求分析	“行业前景好，薪酬福利好，老板好”	其他 / 不需要融资 / 50-150人	中伊实业
143	游戏数据分析经理	跑马场	2020-12-22	18k-25k	18k-25k 经验3-5年 / 本科	游戏 移动互联网 数据挖掘 数据分析 数据处理 MySQL	“环境好，双休，餐补，五险一金，健身房，”	移动互联网,游戏 / 天使轮 / 150-500人	PLAY800
144	高级数据分析师	岭南	2020-11-09	20k-40k	20k-40k 经验3-5年 / 本科	教育	“发展潜力大，管理扁平，发挥空间广”	移动互联网,教育 / 不需要融资 / 500-2000人	广州市果肉教育科技有限公司
145	数据分析高级工程师	市桥	2020-12-22	20k-30k	20k-30k 经验5-10年 / 本科	电商 新零售 数据分析	“不打卡 团队年轻 领导nice”	电商 / 上市公司 / 2000人以上	美的电商
146	数据分析师	天河区	2020-12-18	6k-12k	6k-12k 经验1-3年 / 本科	数据分析	“前沿技术,弹性工作”	数据服务 / 不需要融资 / 50-150人	柯内特
147	数据分析师G101949	天河区	2020-12-23	10k-20k	10k-20k 经验1-3年 / 本科	广告营销 游戏 数据挖掘 MySQL Python ETL	“双休 弹性工作 免费四餐 健身房 地铁周边”	广告营销 / 上市公司 / 500-2000人	Mobvista
148	数据分析工程师	海珠区	2020-12-22	15k-28k	15k-28k 经验5-10年 / 本科	ETL 数据仓库 Python 机器学习	“不打卡,五险一金,扁平化管理,氛围轻松”	移动互联网 / D轮及以上 / 500-2000人	百布
149	经营分析/数据分析	天河区	2020-12-17	12k-18k	12k-18k 经验3-5年 / 本科	数据分析 经营分析 专题分析 建模	“国企稳定 福利优 平台大 资源多”	移动互联网 / 不需要融资 / 500-2000人	中移互联网
150	营销数据分析培训生	天河区	2020-12-21	13k-26k	13k-26k 经验在校/应届 / 本科	数据分析 数据挖掘	“绩效奖金 激励股票 前景好 发展空间广阔”	汽车丨出行 / 上市公司 / 2000人以上	小鹏汽车
151	大数据分析师	五山	2020-12-14	12k-20k	12k-20k 经验3-5年 / 本科	电商 数据仓库 Hadoop Hive MySQL	“五险一金 双休”	电商 / B轮 / 500-2000人	微革网络
152	数据分析	白云区	2020-12-14	6k-10k	6k-10k 经验1-3年 / 大专	数据库 vba编程代码 电商运营	“轻松氛围、福利待遇、发展空间大、提供工作餐”	电商 / 未融资 / 150-500人	广州创想新域网络科技有限公司
153	数据分析师（唯代购）(025949)	海珠区	2020-12-08	10k-20k	10k-20k 经验3-5年 / 本科	电商 商业 数据分析 SQL BI	“工作氛围好,发展空间大,管理规范,免费三餐”	电商 / 上市公司 / 2000人以上	唯品会
154	高级数据分析师	天河区	2020-09-16	15k-25k	15k-25k 经验1-3年 / 本科	游戏 投放效果	“周末双休、饭堂餐补、环境好，晋升机制完善。”	游戏 / 上市公司 / 500-2000人	星辉游戏
155	数据分析师	天河区	2020-07-24	7k-10k	7k-10k 经验在校/应届 / 本科	游戏 数据分析	“双休 入职即购买公积金社保”	电商 / 不需要融资 / 150-500人	广州拓特网络科技公司
156	数据分析经理	水荫	2020-12-16	15k-30k	15k-30k 经验3-5年 / 本科	数据分析	“人工智能,氛围好,扁平化管理,产品牛”	其他 / B轮 / 50-150人	快决测
157	数据分析（产品运营方向）	海珠区	2020-12-17	8k-12k	8k-12k 经验3-5年 / 本科	金融 媒体 商业 数据库 数据分析 数据运营	“年终奖 周末双休 带薪年假 五险一金”	移动互联网,金融 / 不需要融资 / 150-500人	金十数据
158	大数据分析运营	番禺区	2020-12-15	15k-25k	15k-25k 经验3-5年 / 本科	大数据 Hive 数据挖掘 数据分析	“500强,上市公司,六险一金,扁平化管理”	硬件 / 上市公司 / 2000人以上	美的IoT
159	高级数据分析师 - 用户增长	市桥	2020-12-17	20k-40k	20k-40k 经验3-5年 / 本科	Hive Python SQL	“海外工作，团队实力，福利待遇，平台发展”	移动互联网,社交 / 上市公司 / 2000人以上	Bigo
160	助理数据分析师	黄埔区	2020-12-22	2k-3k	2k-3k 经验在校/应届 / 本科	大数据 数据处理 可视化	“提供转正机会 餐补 年终奖 提供住宿”	数据服务,软件开发 / 不需要融资 / 150-500人	佰聆数据
161	数据分析专员	新港	2020-12-08	6k-8k	6k-8k 经验1-3年 / 本科	电商 汽车 数据分析 数据运营 SPSS DBA	“六险一金、领导好、双休工作制”	广告营销 / 不需要融资 / 50-150人	博之林
162	数据分析专员	棠下	2020-10-18	6k-10k	6k-10k 经验1-3年 / 本科	数据库 可视化 数据分析 BI	“团队实力强、发展空间大、领导nice”	教育 / B轮 / 2000人以上	六一教育
163	数据分析专员	天河区	2020-08-01	6k-10k	6k-10k 经验1-3年 / 本科	移动互联网 大数据 BI SPSS SQL 数据库	“五险一金，周末双休，法定节假日，年中奖”	移动互联网 数据服务 / 未融资 / 50-150人	仅一科技
164	数据分析负责人	新港	2020-12-16	40k-60k	40k-60k 经验5-10年 / 本科	电商 大数据 数仓建模 Hive Flink MySQL	“弹性工作时间 员工子女补充医疗”	汽车丨出行 / 未融资 / 150-500人	如祺出行
165	风控数据分析师	新港	2020-12-16	20k-35k	20k-35k 经验3-5年 / 本科	电商 互联网金融 增长黑客 风控 数据 分析	“弹性工作时间 员工子女补充医疗”	汽车丨出行 / 未融资 / 150-500人	如祺出行
166	数据分析师	东圃	2020-09-18	6k-8k	6k-8k 经验1-3年 / 大专	BI 可视化	“五险一金，丰厚年终奖”	数据服务 / 未融资 / 50-150人	利鑫恒实业
167	商家数据分析师	五山	2020-12-14	6k-8k	6k-8k 经验3-5年 / 本科	电商 社交电商 数据分析 业务数据	“周末双休 弹性上下班 五险一金”	电商 / B轮 / 500-2000人	微革网络
168	数据分析师	无	2020-12-18	18k-28k	18k-28k 经验不限 / 本科	游戏 数据分析 数据	“知名上市公司”	企业服务 / 天使轮 / 50-150人	Link-u
169	高级数据分析师（运营分析方向）	白鹅潭	2020-11-27	15k-20k	15k-20k 经验3-5年 / 本科	电商 SAS SQL	“电商大厂、包三餐、双休”	电商 / 上市公司 / 2000人以上	唯品会
170	数据分析实习生广州	天河区	2020-12-21	3k-6k	3k-6k 经验在校/应届 / 不限	大数据 移动互联网 BI SQL	“大牛带队，前景广阔，晋升空间大，福利待遇好。”	企业服务,数据服务 / B轮 / 150-500人	观远数据
171	游戏数据分析师	天河北	2020-12-15	20k-35k	20k-35k 经验3-5年 / 本科	游戏 数据分析 SQL	“平台大 福利好”	电商 / 上市公司 / 2000人以上	网易
172	高级/资深数据分析师	海珠区	2020-12-11	20k-40k	20k-40k 经验5-10年 / 本科	SQLServer Python	“核心团队”	电商 / 上市公司 / 2000人以上	唯品会
173	数据分析师（运营数据）	天河区	2020-12-14	8k-10k	8k-10k 经验1-3年 / 本科	Python	“六险一金 午餐补贴 季度奖金”	移动互联网,硬件 / B轮 / 500-2000人	广东三维家信息科技有限公司
174	推广与数据分析专员	客村	2020-12-17	6k-8k	6k-8k 经验1-3年 / 大专	电商 推广	“五险一金”	电商 / 未融资 / 500-2000人	青木科技
175	数据分析工程师	体育中心	2020-12-23	15k-20k	15k-20k 经验3-5年 / 本科	大数据 数仓建模	“电力行业领头羊 清华博士带领团队”	企业服务,其他 / 未融资 / 150-500人	国科恒通
176	数据建模工程师	越秀区	2020-12-21	6k-10k	6k-10k 经验1-3年 / 本科	数仓建模 数据仓库	“双休 大项目 每天7小时 加班费”	数据服务,物联网 / 未融资 / 15-50人	嘉盛达科技
177	运营管理培训生（客户服务或数据分析方向）	天河区	2020-12-18	8k-10k	8k-10k 经验在校/应届 / 本科	用户增长 数据分析 客户资源管理	“两大发展方向 半年三导师计划 三年骨干目标”	企业服务 / 上市公司 / 500-2000人	玄武科技
178	数据分析员	天河区	2020-12-22	6k-9k	6k-9k 经验不限 / 本科	可视化 SQL 数据运营	“扁平管理，发展空间大，绩效奖金，技能培训”	企业服务 / 不需要融资 / 50-150人	赛惟
179	初级数据分析师	珠江新城	2020-12-11	8k-12k	8k-12k 经验1-3年 / 本科	银行 大数据	“12天年假 六险一金 双休”	数据服务 / A轮 / 50-150人	北京瑞天欣实数据科技有限公司
180	数据分析实习生(小说业务)	天河区	2020-12-08	3k-5k	3k-5k 经验在校/应届 / 本科	广告营销 MySQL Python Excel	“餐补车补 双休 福利下午茶 零食供应”	游戏 / 上市公司 / 2000人以上	三七互娱
181	数据分析主任	冼村	2020-12-17	12k-20k	12k-20k 经验3-5年 / 本科	大数据 银行 Python SQL SAS 数据分析	“发展前景显著、平台稳定性高、薪酬待遇良好”	金融 / 不需要融资 / 2000人以上	广发银行信用卡中心
182	《56万顶薪》资深数据分析工程师01	海珠区	2020-12-21	20k-40k	20k-40k 经验5-10年 / 本科	数据挖掘	“发展前景，良好的团队氛围，福利待遇”	游戏 / 不需要融资 / 150-500人	上海敬游软件
183	商业数据分析师	荔湾区	2020-12-22	40k-60k	40k-60k 经验3-5年 / 本科	SQL 数据分析 商业 数据库	“发展空间大 领导nice”	企业服务 / 未融资 / 15-50人	优礼科技
184	商业数据分析师	番禺区	2020-12-11	7k-10k	7k-10k 经验1-3年 / 本科	数据分析 数据运营 SQL BI	“平台广阔，技能提升不设限、包食宿”	电商,企业服务 / 不需要融资 / 2000人以上	壹号食品
185	高级/资深数据分析师（市场分析方向）	白鹅潭	2020-11-27	16k-22k	16k-22k 经验3-5年 / 本科	数据分析 市场分析 消费者分析	“发展空间大、团队氛围好、六险一金”	电商 / 上市公司 / 2000人以上	唯品会
186	高级数据分析师(025989)	海珠区	2020-12-08	15k-30k	15k-30k 经验5-10年 / 本科	电商 Hive MySQL	“五险一金,年终奖金”	电商 / 上市公司 / 2000人以上	唯品会
187	地理信息与遥感专业数据分析工程师	龙口	2020-12-14	30k-33k	30k-33k 经验不限 / 硕士	地理信息 遥感	“事业单位”	其他 / 不需要融资 / 150-500人	广东省水科院
188	主任数据分析师	白云区	2020-12-11	20k-27k	20k-27k 经验5-10年 / 本科	数据分析	“上市集团 双休 宿舍食堂免费上下班车”	消费生活,硬件 / 上市公司 / 2000人以上	欧派
189	微信视频号数据分析工程师	客村	2020-12-08	15k-30k	15k-30k 经验1-3年 / 本科	视频 数据分析 数据挖掘	“视频号数据分析，增长黑客”	社交 / 上市公司 / 2000人以上	腾讯
190	数据分析主任	天河区	2020-11-17	15k-30k	15k-30k 经验3-5年 / 本科	SQL 数据分析 数据运营	“年度体检、六险一金、提供食堂”	金融 / 不需要融资 / 2000人以上	广发银行信用卡中心
191	数据分析师（社会化媒体）	新港	2020-12-01	6k-8k	6k-8k 经验不限 / 本科	广告营销 大数据 数据分析 消费者分析 互动营销 市场调研	“六险一金,带薪年假,餐补,年终奖金”	数据服务,广告营销 / D轮及以上 / 2000人以上	明略科技集团
192	风险政策专家（数据分析与建模方向）	冼村	2020-12-17	15k-30k	15k-30k 经验1-3年 / 硕士	大数据 风险分析 信贷风险管理	“发展前景好，餐补”	金融 / 不需要融资 / 2000人以上	广发银行信用卡中心
193	数据分析总监	解放南	2020-10-15	15k-30k	15k-30k 经验5-10年 / 本科	广告营销 电商 部门管理 技术管理	“双休、五险一金、10人以上团队管理”	电商,企业服务 / 天使轮 / 150-500人	大麦电商
194	高级数据分析师 (MJ002161)	番禺区	2020-09-25	12k-15k	12k-15k 经验3-5年 / 本科	电商 跨境电商 可视化 数据运营 BI SQL	“跨境电商;五险一金;多次调薪机会”	电商,移动互联网 / C轮 / 2000人以上	SHEIN
195	微信视频号数据分析 高级工程师	客村	2020-12-08	25k-50k	25k-50k 经验3-5年 / 硕士	视频 数据挖掘 数据分析	“视频号数据分析，增长黑客”	社交 / 上市公司 / 2000人以上	腾讯
196	数据分析师/主管/经理	天河区	2020-09-09	20k-40k	20k-40k 经验不限 / 大专	数据分析	“6险1金，带薪年假，免费猪厂食堂，16薪”	电商 / 上市公司 / 2000人以上	网易
197	数据分析专员（库存方向）	黄埔区	2020-12-08	6k-10k	6k-10k 经验1-3年 / 本科	数据分析	“免费住宿；内部食堂；免费班车”	消费生活 / 不需要融资 / 2000人以上	蓝月亮
198	大数据分析工程师	番禺区	2020-07-28	15k-25k	15k-25k 经验5-10年 / 本科	大数据 Hadoop Spark elasticsearch	“五险一金；带薪年假”	信息安全,软件开发 / 不需要融资 / 少于15人	万方信安
199	数据建模工程师	东湖	2020-09-10	12k-15k	12k-15k 经验3-5年 / 本科	ETL 数据仓库 数仓建模 数仓架构	“平台大，项目好”	消费生活 / 上市公司 / 150-500人	源慧信息
200	高级数据分析师_业务分析方向	海珠区	2020-11-03	18k-35k	18k-35k 经验5-10年 / 本科	数据分析 数据运营 增长黑客 商业	“不打卡,五险一金,扁平化管理,氛围轻松；”	移动互联网 / D轮及以上 / 500-2000人	百布
201	高级数据分析师（电商方向）	市桥	2020-09-04	20k-40k	20k-40k 经验3-5年 / 本科	SQL Hive Python AB Test	“平台，团队实力，发展空间，薪酬福利”	移动互联网,社交 / 上市公司 / 2000人以上	Bigo
202	电商数据分析员	海珠区	2020-11-17	3k-4k	3k-4k 经验1年以下 / 大专	电商	“六险一金 年度体检”	企业服务,数据服务 / 未融资 / 50-150人	迅易科技
203	商业数据分析师	番禺区	2020-10-27	4k-7k	4k-7k 经验1-3年 / 本科	新零售 数据分析 SQL	“团队氛围好，租房补贴，五险”	文娱丨内容 / 不需要融资 / 15-50人	全亚文化
204	实习生-初级数据分析建模方向	天河区	2020-11-16	2k-3k	2k-3k 经验3-5年 / 硕士	大数据 数据分析 可视化 SQL	“大数据人工智能前沿知识培训”	数据服务,移动互联网 / 不需要融资 / 15-50人	DATALINK
205	高级数据分析师（商业分析方向）	荔湾区	2020-12-18	15k-30k	15k-30k 经验5-10年 / 本科	电商 数据分析	“周末双休 包三餐 免息住房贷款”	电商 / 上市公司 / 2000人以上	唯品会
206	高级数据分析师（新零售部门）	白鹅潭	2020-08-17	15k-25k	15k-25k 经验5-10年 / 本科	数据运营 可视化 BI 商业	“明星项目、发展空间大、薪酬福利佳”	电商 / 上市公司 / 2000人以上	唯品会
207	高级游戏数据分析师（商业化运营、运营策略方向）	天河区	15:58发布	20k-35k	20k-35k 经验3-5年 / 本科	游戏 数据分析 商业	“大平台”	电商 / 上市公司 / 2000人以上	网易
208	全栈数据分析工程师	天河区	11:49发布	15k-20k	15k-20k 经验3-5年 / 本科	Spark Flink Java Python	“专业培训；周末双休；五险一金；节日福利”	企业服务,信息安全 / 上市公司 / 500-2000人	广东广信通信服务有限公司
209	数据分析专家（业务方向）	天河区	3天前发布	20k-40k	20k-40k 经验5-10年 / 本科	银行 目标管理 业务流程管理 决策能力 领导力	“发展空间大、平台优、工作环境好、福利完善”	金融 / 不需要融资 / 2000人以上	广发银行信用卡中心
210	数据建模主任	市桥	2020-12-22	20k-30k	20k-30k 经验5-10年 / 本科	电商 新零售 数据建模	“不打卡 团队年轻 领导nice”	电商 / 上市公司 / 2000人以上	美的电商
211	数据建模主任	市桥	2020-12-22	20k-30k	20k-30k 经验5-10年 / 本科	电商 新零售 数据建模	“不打卡 团队年轻 领导nice”	电商 / 上市公司 / 2000人以上	美的电商
212	数据建模主任	市桥	2020-12-22	20k-30k	20k-30k 经验5-10年 / 本科	电商 新零售 数据建模	“不打卡 团队年轻 领导nice”	电商 / 上市公司 / 2000人以上	美的电商
213	数据建模主任	市桥	2020-12-22	20k-30k	20k-30k 经验5-10年 / 本科	电商 新零售 数据建模	“不打卡 团队年轻 领导nice”	电商 / 上市公司 / 2000人以上	美的电商
214	数据建模主任	市桥	2020-12-22	20k-30k	20k-30k 经验5-10年 / 本科	电商 新零售 数据建模	“不打卡 团队年轻 领导nice”	电商 / 上市公司 / 2000人以上	美的电商
215	数据建模主任	市桥	2020-12-22	20k-30k	20k-30k 经验5-10年 / 本科	电商 新零售 数据建模	“不打卡 团队年轻 领导nice”	电商 / 上市公司 / 2000人以上	美的电商
