0	资深数据分析师	西湖区	17:57发布	15k-25k	15k-25k 经验3-5年 / 本科	数据分析 BI	“发展前景好 福利待遇优”	电子商务 / 不需要融资 / 150-500人	政采云
1	数据分析师	西湖	17:41发布	15k-30k	15k-30k 经验5-10年 / 本科	电商 Hive	“垂直电商”	移动互联网,电商 / A轮 / 500-2000人	微拍堂
2	数据分析师	江干区	16:55发布	15k-25k	15k-25k 经验3-5年 / 本科	数据分析	“发展前景大”	移动互联网,电商 / A轮 / 150-500人	南讯股份
3	数据分析师	江干区	17:18发布	15k-25k	15k-25k 经验1-3年 / 本科	工业互联网 ERP BI python SQL	“试用期同薪 前景好 工业互联网行业”	移动互联网 / 未融资 / 150-500人	蒲惠智造
4	数据分析师	西湖区	16:14发布	10k-15k	10k-15k 经验1-3年 / 本科	电商 数据分析 数据运营	“周末双休,五险一金,活动丰富,氛围超嗨”	电商 / 不需要融资 / 150-500人	网营科技
5	数据分析专家	西湖区	14:11发布	15k-30k	15k-30k 经验3-5年 / 本科	电商 数据分析 数据运营	“弹性工作,免费三餐,租房补贴,带薪休假”	文娱丨内容 / D轮及以上 / 2000人以上	字节跳动
6	数据分析师	西湖区	11:16发布	15k-25k	15k-25k 经验3-5年 / 本科	游戏 数据分析	“五险一金”	移动互联网,游戏 / 不需要融资 / 2000人以上	边锋
7	数据分析师	余杭区	11:10发布	12k-24k	12k-24k 经验1-3年 / 本科	教育 大数据 需求分析 竞品分析 数据分析 用户研究	“发展前景、福利待遇、弹性时间”	移动互联网,数据服务 / B轮 / 15-50人	杭州布谷科技有限责任公司
8	数据分析师	拱墅区	09:30发布	10k-17k	10k-17k 经验3-5年 / 本科	数据分析	“五险一金、包吃、健身房、带薪年假”	移动互联网,广告营销 / D轮及以上 / 2000人以上	浙江盘石
9	数据分析师	滨江区	10:20发布	10k-15k	10k-15k 经验1-3年 / 本科	SQL	“五险一金，年终奖”	数据服务 / 不需要融资 / 150-500人	睿琪软件
10	数据分析师	湖墅南路	08:29发布	15k-20k	15k-20k 经验3-5年 / 本科	大数据 企业服务 数据分析	“自主的工作，一流的福利”	移动互联网,电商 / 未融资 / 150-500人	汇信科技
11	数据分析	西湖区	09:28发布	7k-14k	7k-14k 经验1-3年 / 本科	数据仓库 数仓架构 数仓工程师	“发展前景、周末双休”	移动互联网,电商 / B轮 / 150-500人	年糕妈妈
12	资深数据分析	西溪	17:59发布	12k-24k	12k-24k 经验3-5年 / 本科	广告营销	“业务发展快，福利多多，团队靠谱。”	移动互联网 / 上市公司 / 500-2000人	兑吧
13	数据分析师（BI）	西湖区	16:21发布	15k-28k	15k-28k 经验3-5年 / 本科	电商 ETL SQLServer Python	“大牛欢乐多，公司福利好”	消费生活 / D轮及以上 / 500-2000人	婚礼纪
14	BI数据分析师	西溪	13:43发布	10k-20k	10k-20k 经验3-5年 / 本科	商品分析 BI 数据分析 报表可视化	“发展空间大，福利多”	企业服务,消费生活 / A轮 / 150-500人	达摩网络
15	资深数据分析师	杭州	19:37发布	25k-40k	25k-40k 经验5-10年 / 本科	支付	“发展前景大”	移动互联网 / 不需要融资 / 500-2000人	连连支付
16	高级数据分析师	杭州	19:36发布	25k-40k	25k-40k 经验5-10年 / 本科	支付	“发展前景大”	移动互联网 / 不需要融资 / 500-2000人	连连支付
17	数据分析师	江干区	18:22发布	20k-30k	20k-30k 经验3-5年 / 本科	新零售 数据分析	“交通便利 五险一金 扁平管理”	移动互联网,电商 / A轮 / 150-500人	南讯股份
18	数据分析师	西湖	17:41发布	20k-40k	20k-40k 经验5-10年 / 本科	电商	“垂直电商”	移动互联网,电商 / A轮 / 500-2000人	微拍堂
19	数据分析师	西湖区	18:20发布	20k-40k	20k-40k 经验5-10年 / 本科	电商 数据分析	“双休，五险一金，年假，发展空间广阔”	移动互联网,金融 / A轮 / 50-150人	跳蛙科技
20	数据分析师	西兴	13:58发布	35k-60k	35k-60k 经验3-5年 / 本科	数据分析 市场数据	“知名创始团队 高潜项目 期权激励”	教育 / 天使轮 / 50-150人	好多素教
21	数据分析师	下沙	11:07发布	4k-8k	4k-8k 经验在校/应届 / 本科	竞品分析 数据分析	“五险一金、半年调薪”	数据服务 / A轮 / 15-50人	炼数科技
22	数据分析实习生	长河	11:29发布	3k以上	3k以上 经验在校/应届 / 本科	商业 数据分析	“周末双休，五险一金，节日福利”	电商,数据服务 / A轮 / 15-50人	酷宝数据
23	数据分析实习生	天水	08:56发布	1k-2k	1k-2k 经验在校/应届 / 本科	媒体 大数据 商业 数据分析 数据运营 BI	“平台前景、行业背景、个人发展、团队年轻”	移动互联网,企业服务 / 上市公司 / 500-2000人	浙数文化
24	商业数据分析师(J200512030)	余杭区	18:41发布	18k-35k	18k-35k 经验3-5年 / 本科	滴滴	“广阔平台、核心项目、诱人福利”	汽车丨出行 / 不需要融资 / 2000人以上	滴滴
25	数据分析负责人 or 数据分析师	西溪	18:37发布	25k-50k	25k-50k 经验3-5年 / 本科	数据分析 MySQL 数据挖掘	“PB量级数据 核心项目 食堂班车健身房”	金融,电商 / 上市公司 / 2000人以上	同花顺
26	大数据分析工程师	下城区	15:13发布	15k-30k	15k-30k 经验3-5年 / 本科	数据挖掘 数据分析 用户画像	“发展前景好 团队优秀 业务发展快”	游戏,移动互联网 / 上市公司 / 150-500人	浮云网络
27	资深数据分析师 (MJ000007)	余杭区	14:29发布	14k-18k	14k-18k 经验3-5年 / 本科	电商	“六险一金、带薪年假、培训、年终奖”	数据服务,广告营销 / A轮 / 150-500人	多准大数据
28	数据分析师（电商方向）	余杭区	13:39发布	12k-18k	12k-18k 经验3-5年 / 本科	电商 数据分析	“五险一金；年终奖”	移动互联网,数据服务 / 不需要融资 / 150-500人	华坤道威
29	数据分析（实习生）	西湖区	16:14发布	3k-5k	3k-5k 经验1年以下 / 本科	电商	“双休,大神带队,晋升晋级”	电商 / 不需要融资 / 150-500人	网营科技
30	数据分析建模工程师	西溪	14:22发布	15k-30k	15k-30k 经验3-5年 / 本科	数据挖掘	“海量数据 全链路建模实践 16-25薪”	数据服务,信息安全 / A轮 / 50-150人	云真信
31	数据分析建模工程师	西溪	14:22发布	15k-30k	15k-30k 经验1-3年 / 本科	数据建模 反欺诈	“海量数据 晋升空间大 16-25薪”	数据服务,信息安全 / A轮 / 50-150人	云真信
32	资深数据分析师	长河	08:00发布	25k-40k	25k-40k 经验3-5年 / 本科	节日礼物 技能培训 免费班车 带薪年假	“网易严选”	电商 / 上市公司 / 2000人以上	网易
33	数据分析师	余杭区	04:21发布	15k-30k	15k-30k 经验不限 / 本科	产品	“下午茶,健身瑜伽,六险一金,五险一金”	文娱丨内容 / D轮及以上 / 2000人以上	字节跳动
34	本地生活-销售数据分析专家	西湖区	10:14发布	15k-30k	15k-30k 经验3-5年 / 本科	本地生活 BI 商业 数据分析	“大厂岗位，风口行业，新蓝海市场”	消费生活 / D轮及以上 / 2000人以上	饿了么
35	大数据分析师	长河	09:35发布	15k-25k	15k-25k 经验3-5年 / 本科	大数据 信息安全 Hadoop Spark	“蓝海行业，不定期团建”	电商 / 不需要融资 / 150-500人	浙江安厨大数据技术有限公司
36	数据分析师	西湖区	2020-12-02	20k-40k	20k-40k 经验3-5年 / 本科	数据分析	“发展快，氛围好，福利优”	汽车丨出行 / 不需要融资 / 2000人以上	滴滴
37	资深数据分析师 - 音乐事业部028	长河	08:00发布	25k-45k	25k-45k 经验3-5年 / 本科	节日礼物 技能培训 免费班车 带薪年假	“发展空间大”	电商 / 上市公司 / 2000人以上	网易
38	数据分析师实习生	白杨	11:09发布	3k-6k	3k-6k 经验在校/应届 / 不限	大数据 工具软件 可视化 数据分析 数据运营 BI	“　五险一金、假日旅游、半年调薪”	数据服务,人工智能 / A轮 / 15-50人	云表汇通
39	物流数据分析	余杭区	04:22发布	20k-40k	20k-40k 经验不限 / 本科	后端开发	“六险一金,股票期权,免费三餐,弹性工作”	文娱丨内容 / D轮及以上 / 2000人以上	字节跳动
40	用户增长专家（数据分析方向）(J200428008)	余杭区	2020-11-05	20k-40k	20k-40k 经验5-10年 / 本科	滴滴	“一个可以充分发挥自己能力的平台”	汽车丨出行 / 不需要融资 / 2000人以上	滴滴
41	资深数据分析师	西溪	2天前发布	10k-15k	10k-15k 经验不限 / 本科	数据分析	“菜鸟乡村”	移动互联网 / 不需要融资 / 150-500人	溪鸟物流
42	Python数据分析工程师	西兴	1天前发布	12k-18k	12k-18k 经验1-3年 / 本科	金融 Python	“金融科技，人工智能，量化交易”	金融,人工智能 / 未融资 / 少于15人	鼎澜科技
43	数据分析师	仓前	3天前发布	13k-26k	13k-26k 经验3-5年 / 本科	电商 大数据 数据分析	“大品台、国际化、大数据”	移动互联网 / 不需要融资 / 50-150人	豪猪
44	资深数据分析师	西湖区	2天前发布	15k-25k	15k-25k 经验不限 / 本科	物流 数据分析	“阿里系”	移动互联网 / 不需要融资 / 150-500人	溪鸟物流
45	数据分析师	白杨	3天前发布	7k-14k	7k-14k 经验1-3年 / 本科	需求分析 竞品分析 数据分析	“半年调薪、五险一金”	移动互联网 / A轮 / 15-50人	汇数智通
46	数据分析师	白杨	3天前发布	3k-6k	3k-6k 经验在校/应届 / 本科	竞品分析 需求分析 数据分析	“半年调薪”	移动互联网 / A轮 / 15-50人	汇数智通
47	数据分析师	拱墅区	2020-12-24	8k-15k	8k-15k 经验1-3年 / 本科	数据分析	“周末双休，餐费补贴，通讯补贴，带薪年假”	数据服务,软件开发 / 不需要融资 / 150-500人	佰聆数据
48	高级数据分析师	拱墅区	2020-12-24	20k-40k	20k-40k 经验5-10年 / 本科	社交 Python SQL	“周末双休 带薪年假”	移动互联网,电商 / 上市公司 / 150-500人	雅乐科技
49	数据分析专家	西兴	2020-12-24	20k-36k	20k-36k 经验3-5年 / 本科	互联网金融 支付 sql shell 数据集	“独角兽、五险一金，期权激励，超长年假”	金融,电商 / C轮 / 150-500人	PingPong
50	资深数据分析师/专家（电商方向）	西湖区	2天前发布	30k-45k	30k-45k 经验5-10年 / 本科	电商 数据分析	“平台宽广、团队优秀、办公环境优美”	移动互联网,社交 / 上市公司 / 2000人以上	Bigo
51	数据分析师-BI	仓前	2天前发布	20k-35k	20k-35k 经验5-10年 / 本科	电商 MySQL Java	“发展前景大”	汽车丨出行 / B轮 / 500-2000人	卖好车
52	资深数据分析师	滨江区	3天前发布	20k-25k	20k-25k 经验3-5年 / 本科	电商 新零售 需求分析 竞品分析 数据分析 BI	“五险一金”	电商 / 不需要融资 / 2000人以上	Babycare
53	数据分析	西溪	2020-12-22	20k-40k	20k-40k 经验3-5年 / 本科	Dataworks MySQL tableau	“互联网/扁平化管理/有大牛//简单”	移动互联网,社交 / A轮 / 50-150人	电鲸网络
54	数据分析师	西湖区	2020-12-23	13k-25k	13k-25k 经验1-3年 / 本科	云计算 游戏 数据分析 用户研究	“具规模的大数据平台中心”	文娱丨内容,数据服务 / 上市公司 / 500-2000人	顺网科技
55	资深数据分析师	浦沿	2020-12-14	15k-30k	15k-30k 经验3-5年 / 本科	游戏 Hive MySQL SQLServer	“六险一金 上升空间大 年轻有活力”	游戏 / 不需要融资 / 150-500人	小白工作室
56	资深数据分析师	余杭区	2020-12-18	18k-30k	18k-30k 经验3-5年 / 本科	Hive	“周末双休 全额公积金 丰厚年终奖”	移动互联网,企业服务 / B轮 / 150-500人	青团社
57	数据分析	余杭区	2020-12-10	15k-25k	15k-25k 经验5-10年 / 本科	电商 直播 MySQL Python	“发展前景、团队水平高”	移动互联网,电商 / C轮 / 500-2000人	魔筷科技
58	数据分析专家	西溪	2020-12-16	18k-35k	18k-35k 经验5-10年 / 不限	电商 新零售 业务流程管理	“上市公司、双休、五险一金、下午茶、健身房”	企业服务 / 上市公司 / 2000人以上	有赞
59	市场与用户研究经理——数据分析方向	滨江区	04:15发布	15k-30k	15k-30k 经验3-5年 / 本科	移动互联网	“六险一金,弹性工作,免费三餐,租房补贴”	文娱丨内容 / D轮及以上 / 2000人以上	字节跳动
60	数据分析实习生	滨江区	2020-12-23	3k-4k	3k-4k 经验不限 / 本科	SQL SPSS R	“免费一日三餐；免费班车”	电商 / 上市公司 / 2000人以上	网易
61	数据分析	西溪	2020-12-17	17k-25k	17k-25k 经验5-10年 / 本科	物流 新零售	“菜鸟乡村6亿消费者，几万站点等你来”	移动互联网 / 不需要融资 / 150-500人	溪鸟物流
62	数据分析	拱墅区	2020-12-18	10k-20k	10k-20k 经验1-3年 / 本科	带薪年假 年底双薪 年终分红 绩效奖金	“数据分析”	其他 / 上市公司 / 500-2000人	浙江中秦科技
63	数据分析实习生	仓前	2020-12-21	3k-5k	3k-5k 经验在校/应届 / 本科	大数据 企业服务 MySQL 数据分析	“牛人团队 成长空间 期权激励 独当一面”	企业服务,数据服务 / B轮 / 150-500人	观远数据
64	数据分析师	西溪	2020-12-14	10k-15k	10k-15k 经验1-3年 / 本科	金融 数据分析	“团队大牛，弹性工作制加班少，环境氛围好”	移动互联网 / B轮 / 150-500人	51公积金管家
65	数据分析师	江干区	2020-12-11	8k-12k	8k-12k 经验3-5年 / 本科	电商	“大平台”	电商 / 未融资 / 150-500人	银河众星
66	高级数据建模工程师/数据分析师	宁围	2020-07-29	30k-40k	30k-40k 经验5-10年 / 本科	银行	“发展前景大、福利待遇好”	其他,金融 / 未融资 / 2000人以上	浙江农信
67	数据分析专家	余杭区	2020-12-14	20k-40k	20k-40k 经验5-10年 / 本科	云计算 大数据	“阿里系 大牛多 机会大 成长空间大”	数据服务 / 不需要融资 / 150-500人	橙鹰
68	数据分析师	西溪	2020-12-14	5k-10k	5k-10k 经验1年以下 / 本科	大数据 金融 数据分析	“团队大牛，弹性工作制加班少，环境氛围好”	移动互联网 / B轮 / 150-500人	51公积金管家
69	资深数据分析师	长河	2020-11-02	20k-40k	20k-40k 经验5-10年 / 本科	数据分析	“团队实力强，项目靠谱，发展前景好”	电商 / 上市公司 / 2000人以上	网易
70	数据分析	四季青	2020-12-14	9k-15k	9k-15k 经验在校/应届 / 本科	大数据 云计算 数据仓库 Hadoop Spark	“大数据、晋升不受限、上市公司”	移动互联网,企业服务 / 不需要融资 / 2000人以上	思特奇浙江
71	实习生-数据分析	仓前	3天前发布	4k-5k	4k-5k 经验在校/应届 / 本科	电商 大数据 数据分析 BI 数据库 数据运营	“国际化、大平台”	移动互联网 / 不需要融资 / 50-150人	豪猪
72	数据分析	下沙	2020-09-16	12k-24k	12k-24k 经验1-3年 / 本科	大数据 工具软件 Hadoop MySQL Python SQLServer	“工作时间弹性制”	人工智能、数据服务 / 未融资 / 50-150人	杰方数字科技
73	数据分析师	西湖区	2020-12-22	10k-18k	10k-18k 经验3-5年 / 本科	数据分析 BI	“福利好，领导NICE”	数据服务 / 上市公司 / 2000人以上	东方国信
74	数据分析师	余杭区	2020-09-20	12k-24k	12k-24k 经验不限 / 本科	数据分析	“成长快”	企业服务 / B轮 / 50-150人	观远数据
75	商业化数据分析师	西湖	2020-12-24	15k-30k	15k-30k 经验3-5年 / 本科	电商 市场 数据分析 营销策略 sql	“年底双薪；带薪出国游”	移动互联网,电商 / A轮 / 500-2000人	微拍堂
76	数据分析	西溪	2020-12-15	15k-25k	15k-25k 经验3-5年 / 本科	游戏 Hadoop MySQL SQLServer	“年终激励 项目奖金 节日福利 年度体检”	移动互联网 / 未融资 / 50-150人	金游
77	数据分析师/数据建模师	浦沿	2020-09-16	20k-40k	20k-40k 经验3-5年 / 本科	游戏 数仓建模 Hive Hadoop SQLServer	“游戏行业氛围好、福利好、空间大”	游戏 / 不需要融资 / 150-500人	小白工作室
78	数据分析师	长河	2020-12-10	15k-20k	15k-20k 经验3-5年 / 本科	数据挖掘	“五险一金,周末双休,扁平管理,机会大”	企业服务 / 未融资 / 15-50人	国誉信睿
79	bi数据分析师	天水	2020-12-24	27k-37k	27k-37k 经验5-10年 / 本科	数据分析 SQL Python	“六险一金 节日福利 年度体检 职级晋升”	移动互联网 / 不需要融资 / 2000人以上	银泰商业集团
80	资深数据分析师（KKL）	拱墅区	2020-12-24	15k-30k	15k-30k 经验3-5年 / 本科	Hive	“管理扁平,潜力项目,教育直播,团队氛围好”	教育 / 不需要融资 / 500-2000人	铭师堂
81	数据分析师	西湖	2020-08-27	15k-20k	15k-20k 经验1-3年 / 本科	金融 数据分析	“薪资福利优”	金融,软件开发 / 未融资 / 15-50人	玩呐网络
82	数据分析师(智能客服方向) (MJ000111)	西湖区	3天前发布	10k-20k	10k-20k 经验3-5年 / 本科	数据分析 智能客服	“发展前景 团队实力”	电子商务 / 不需要融资 / 150-500人	政采云
83	资深数据分析师	西溪	2020-12-21	20k-35k	20k-35k 经验3-5年 / 本科	电商 社交 DBA MySQL SQLServer	“弹性工作”	移动互联网,社交 / A轮 / 150-500人	粉象生活
84	数据分析	西兴	2020-12-23	25k-35k	25k-35k 经验3-5年 / 本科	数据运营 数据库	“一线平台”	软件开发 / 不需要融资 / 500-2000人	派湃科技
85	数据分析师-中台产品 (MJ000432)	西湖区	2020-12-24	20k-35k	20k-35k 经验5-10年 / 本科	电商 数据分析	“成长快速 空间大”	移动互联网,电商 / A轮 / 500-2000人	微拍堂
86	数据分析师	萧山区	2020-12-01	10k-20k	10k-20k 经验3-5年 / 本科	物流 大数据	“周末双休，法定节假日，全额五险一金”	电商,移动互联网 / 上市公司 / 500-2000人	云集
87	高级数据分析师	余杭区	2020-12-01	25k-35k	25k-35k 经验1-3年 / 本科	新零售 医疗健康 Hive MySQL SQLServer Python	“发展前景好”	移动互联网 / D轮及以上 / 500-2000人	河狸家
88	资深数据分析师 (MJ000088)	西湖区	3天前发布	15k-25k	15k-25k 经验3-5年 / 不限	大数据 移动互联网	“福利待遇，发展前景”	电子商务 / 不需要融资 / 150-500人	政采云
89	数据建模工程师	余杭区	2020-12-24	10k-15k	10k-15k 经验1-3年 / 本科	电商 数仓建模	“提供食宿”	移动互联网,电商 / 上市公司 / 150-500人	联运知慧科技
90	数据分析师	宁围	2020-10-19	10k-20k	10k-20k 经验3-5年 / 本科	金融 数据分析	“节日福利 周末双休 带薪年假”	数据服务 / 未融资 / 500-2000人	云车物联科技
91	数据分析专家	余杭区	2020-11-26	22k-42k	22k-42k 经验5-10年 / 本科	大数据 电商 BI 数据分析 市场分析 销售分析	“阿里系； 发展前景好；发展稳定；薪酬福利优厚；”	数据服务 / 不需要融资 / 150-500人	橙鹰
92	数据分析助理	上城区	2020-12-24	7k-8k	7k-8k 经验在校/应届 / 本科	电商 EXCEL	“五险一金，双休，部门旅游，节日福利”	电商,医疗丨健康 / 未融资 / 150-500人	萌牙家
93	数据分析专家	余杭区	2020-07-22	15k-25k	15k-25k 经验5-10年 / 本科	hive 数据分析	“发展空间无限，一个属于自己的舞台”	社交 / 未融资 / 50-150人	米尘
94	解决方案顾问/数据分析师	仓前	2020-12-21	10k-20k	10k-20k 经验1-3年 / 本科	大数据 新零售 BI 数据分析 数据库	“牛人团队 成长空间 期权激励 独当一面”	企业服务,数据服务 / B轮 / 150-500人	观远数据
95	数据分析专家	西湖区	2020-07-06	30k-60k	30k-60k 经验5-10年 / 本科	MySQL Python	“数据分析”	消费生活 / D轮及以上 / 2000人以上	饿了么
96	数据分析师	长河	2020-12-15	7k-14k	7k-14k 经验不限 / 硕士	银行 征信 数据分析 数据处理 MySQL 数据挖掘	“12天年假 六险一金 双休”	数据服务 / A轮 / 50-150人	北京瑞天欣实数据科技有限公司
97	数据分析师	西溪	2020-12-11	10k-20k	10k-20k 经验1-3年 / 本科	电商 数据分析 用户研究	“平台大、年终奖、学习空间大”	消费生活 / D轮及以上 / 500-2000人	婚礼纪
98	数据分析	长河	2020-12-07	20k-25k	20k-25k 经验5-10年 / 本科	电商 数据挖掘 数据架构	“发展迅速，福利多多，五险一金”	电商 / 未融资 / 50-150人	巨茗网络
99	高级数据分析师	余杭区	2020-08-19	12k-18k	12k-18k 经验3-5年 / 本科	信息安全 大数据 MySQL 数据库开发	“双休，不加班”	信息安全,硬件 / 天使轮 / 15-50人	爱赛德科技
100	数据分析专家	宁围	2020-10-19	25k-50k	25k-50k 经验5-10年 / 本科	汽车 金融 数据分析	“节日福利 周末双休 绩效奖金 带薪年假”	数据服务 / 未融资 / 500-2000人	云车物联科技
101	数据分析	余杭区	2020-11-09	8k-10k	8k-10k 经验1-3年 / 本科	电商	“福利多多 轻松的团队氛围”	消费生活 / 不需要融资 / 500-2000人	认养一头牛
102	数据分析专家	西湖	2020-12-17	30k-45k	30k-45k 经验3-5年 / 本科	数据分析 服务体验 服务运营	“公司福利好；发展空间大；股票期权”	企业服务,社交 / 不需要融资 / 500-2000人	FMC
103	数据分析师	江干区	2020-11-24	12k-15k	12k-15k 经验1-3年 / 硕士	电商 社交 用户增长 竞品分析 需求分析 数据分析	“双休 包午饭 五险一金 地铁口”	电商 / 上市公司 / 500-2000人	如涵控股
104	数据分析专家（合规方向）	西兴	2020-12-21	20k-35k	20k-35k 经验3-5年 / 本科	支付 SQL 数据分析	“独角兽 国际支付 跨境电商”	金融,电商 / C轮 / 150-500人	PingPong
105	数据分析师	桐庐县	2020-12-01	20k-40k	20k-40k 经验在校/应届 / 不限	企业服务 云计算 思维导图 人工智能 政府项目 商业产品	“高薪事少”	数据服务、教育 / 未融资 / 少于15人	创客矩阵咨询
106	bi数据分析师	余杭区	2020-11-26	12k-20k	12k-20k 经验3-5年 / 本科	金融 ETL MySQL 数据分析	“核心业务；快速个人成长；分析为主”	汽车丨出行 / D轮及以上 / 2000人以上	大搜车
107	数据分析师	西湖区	2020-11-27	6k-11k	6k-11k 经验在校/应届 / 本科	金融 数仓建模 数据挖掘	“管理扁平化，薪资福利”	金融,软件开发 / 未融资 / 150-500人	杭州今溪信息技术有限责任公司
108	游戏数据分析师	仓前	2020-12-19	7k-12k	7k-12k 经验1-3年 / 本科	游戏 SQL 数据分析 Python	“双休 加班补贴 五险一金”	移动互联网,游戏 / B轮 / 50-150人	傲娇工作室
109	数据分析师	黄龙	2020-11-18	6k-8k	6k-8k 经验在校/应届 / 本科	大数据 SQL 数据分析 数据运营 数据库	“风口行业 扁平化 平台稳健 工作氛围好”	金融,数据服务 / A轮 / 150-500人	有数
110	数据分析（资金运营方向）	余杭区	2020-12-16	10k-20k	10k-20k 经验1-3年 / 本科	汽车	“独角兽企业”	汽车丨出行 / D轮及以上 / 2000人以上	大搜车
111	数据分析师-商业化发展	西湖	2020-12-21	18k-25k	18k-25k 经验3-5年 / 硕士	电商	“团队管理 腾讯系 六险一金 周末双休”	移动互联网,电商 / A轮 / 500-2000人	微拍堂
112	数据分析师	西溪	2020-11-16	20k-32k	20k-32k 经验3-5年 / 本科	BI 数据分析	“成长空间大”	企业服务 / 上市公司 / 2000人以上	有赞
113	数据分析师	下沙	2020-12-10	3k-6k	3k-6k 经验不限 / 本科	用户研究 用户增长 需求分析 竞品分析	“五险一金、双休、半年调薪”	数据服务 / A轮 / 少于15人	仙度网络
114	数据分析师—数据增长方向	西湖区	2020-12-23	20k-35k	20k-35k 经验3-5年 / 本科	数据分析 增长黑客	“双休，弹性工作，培训多，发展前景广，TL超Nice”	企业服务 / 上市公司 / 2000人以上	有赞
115	高级数据分析师（数据治理） (MJ000659)	余杭区	2020-11-18	12k-20k	12k-20k 经验不限 / 本科	医疗健康	“六险一金，出国旅游”	移动互联网,医疗丨健康 / D轮及以上 / 500-2000人	智云健康
116	商业数据分析师(J200923010)	余杭区	2020-12-23	20k-40k	20k-40k 经验3-5年 / 本科	滴滴	“广阔平台、核心项目、诱人福利”	汽车丨出行 / 不需要融资 / 2000人以上	滴滴
117	资深数据分析师（ST）	余杭区	2020-12-14	15k-30k	15k-30k 经验3-5年 / 本科	大数据	“阿里旗下 大数据”	数据服务 / 不需要融资 / 150-500人	橙鹰
118	数据分析专家(J12957)	仓前	2020-12-17	20k-35k	20k-35k 经验5-10年 / 本科	数仓建模 数据挖掘 数据分析 数据运营	“五险一金 周末双休 全员mac”	移动互联网,硬件 / C轮 / 2000人以上	小电
119	数据分析专家(J11900)	余杭区	2020-12-17	25k-35k	25k-35k 经验3-5年 / 本科	数据分析	“MCN，数据运营，新业务”	移动互联网,硬件 / C轮 / 2000人以上	小电
120	游戏数据分析师	余杭区	2020-12-14	8k-15k	8k-15k 经验1-3年 / 本科	游戏 数据库 可视化 数据分析 数据运营	“弹性工作,节点性涨薪,高额奖金”	移动互联网,游戏 / B轮 / 50-150人	傲娇工作室
121	数据分析专员	下城区	2020-12-02	6k-8k	6k-8k 经验1-3年 / 本科	教育 数据分析 数据库 Tablaeu	“能力决定薪酬”	教育 / 不需要融资 / 150-500人	新航道
122	大气数据分析师	白杨	2020-12-21	5k-10k	5k-10k 经验不限 / 本科	企业服务 大数据 环境工程 环境科学 大气污染 数据分析	“周末双休,五险一金,不定期团建,定期体检”	数据服务 / 未融资 / 15-50人	壹丈科技
123	车险反欺诈稽核岗（数据分析方向）	拱墅区	2020-12-24	8k-12k	8k-12k 经验1-3年 / 大专	反欺诈 理赔	“绩效奖金，带薪年假”	移动互联网,电商 / 未融资 / 50-150人	联保网络
124	数据建模工程师	西溪	2020-11-19	15k-30k	15k-30k 经验1-3年 / 本科	Java Scala 数据挖掘 数据建模	“公司福利多、五险一金、发展前景大”	移动互联网 / 上市公司 / 500-2000人	个推
125	数据分析工程师-杭州	拱墅区	2020-12-18	13k-15k	13k-15k 经验在校/应届 / 本科	数据分析	“饭补”	房产家居 / D轮及以上 / 500-2000人	酷家乐
126	业务与数据分析师	滨江区	2020-12-09	12k-24k	12k-24k 经验3-5年 / 本科	BI B端产品	“大牛带队，团队氛围给力”	人工智能,数据服务 / B轮 / 150-500人	览众数据
127	商业数据分析 (MJ000620)	余杭区	2020-12-10	20k-35k	20k-35k 经验3-5年 / 大专	医疗健康 数据分析 行业分析 市场分析	“六险一金、完善晋升”	移动互联网,医疗丨健康 / D轮及以上 / 500-2000人	智云健康
128	数据建模工程师（21届校招）	西湖区	2020-11-09	10k-15k	10k-15k 经验在校/应届 / 本科	大数据 数据挖掘	“上市公司 大数据 平台好 发展多”	移动互联网 / 上市公司 / 500-2000人	个推
129	bi数据分析师	萧山区	2020-12-08	15k-25k	15k-25k 经验3-5年 / 本科	金融	“发展前景好”	物流丨运输 / 上市公司 / 2000人以上	传化智联
130	数据分析岗	仓前	2020-12-16	18k-25k	18k-25k 经验3-5年 / 本科	大数据 金融 数据挖掘	“行业龙头、扁平管理、工程师文化、”	信息安全,数据服务 / D轮及以上 / 500-2000人	同盾科技
131	业务与数据分析师实习生（每周至少实习3天以上）	滨江区	2020-12-09	3k-5k	3k-5k 经验在校/应届 / 本科	人工智能 供应链 B端产品 ERP	“大牛带队，团队氛围给力”	人工智能,数据服务 / B轮 / 150-500人	览众数据
132	高级数据分析师(J11656)	江干区	2020-12-21	20k-30k	20k-30k 经验5-10年 / 本科	新零售	“大平台”	消费生活 / B轮 / 2000人以上	叮咚买菜
133	大数据分析师	朝晖	2020-11-03	7k-14k	7k-14k 经验不限 / 本科	证券/期货 银行 数仓建模 数据挖掘 MySQL 数据库开发	“各大银企总部科技部高薪入职”	企业服务 / 未融资 / 15-50人	优格教育
134	电商数据分析师	西兴	2020-11-30	13k-18k	13k-18k 经验3-5年 / 大专	电商 ETL	“母婴电商行业”	电商 / 不需要融资 / 500-2000人	可优比母婴用品
135	高级数据分析专家	江干区	2020-11-05	35k-45k	35k-45k 经验5-10年 / 本科	数据分析	“商业模式创新、贴近业务”	移动互联网,电商 / 未融资 / 500-2000人	单创
136	数据分析经理/主管（财务类）	宁围	2020-12-07	10k-15k	10k-15k 经验3-5年 / 本科	数据分析	“五险一金 周末双休 发展空间 团队领导好”	电商,消费生活 / B轮 / 150-500人	行云网
137	高级/资深数据分析师	建设二路	2020-12-14	25k-45k	25k-45k 经验5-10年 / 本科	电商	“上市公司，双休，全额五险一金”	电商,移动互联网 / 上市公司 / 500-2000人	云集
138	数据建模工程师	余杭区	2020-11-04	8k-12k	8k-12k 经验3-5年 / 本科	人员调度 绩效薪酬 数据挖掘 Python 数据建模	“带薪年假、14薪、五险一金、交补、话补”	移动互联网,电商 / 上市公司 / 150-500人	联运知慧科技
139	数据建模工程师	桐庐县	2020-12-01	15k-30k	15k-30k 经验在校/应届 / 不限	企业服务 云计算 数据架构 算法工程师 nlp算法工程师 数据库开发	“高薪事少”	数据服务、教育 / 未融资 / 少于15人	创客矩阵咨询
140	BI数据分析	西溪	2020-12-04	6k-10k	6k-10k 经验1-3年 / 本科	MySQL	“发展前景;福利待遇”	金融 / 上市公司 / 500-2000人	51信用卡管家
141	童装商品数据分析	江干区	2020-12-18	6k-10k	6k-10k 经验不限 / 不限	童装 商品 运营 数据分析 内容审核 品牌运营	“童装品牌公司的关键职位：商品部”	数据服务 / 未融资 / 150-500人	育胤服饰
142	软件产品及数据分析服务销售总监	长河	2020-12-04	40k-80k	40k-80k 经验10年以上 / 本科	大数据 广告营销 销售 BD 市场拓展 电话销售	“就业+创业，原始股，弹性工作”	移动互联网,数据服务 / 未融资 / 150-500人	银基安全
143	商业数据分析	湖墅南路	2020-11-16	6k-8k	6k-8k 经验3-5年 / 本科	MySQL 数据分析	“周末双休，不加班，政府项目，”	数据服务 / 未融资 / 50-150人	盛锋咨询
144	金融数据分析师	江干区	2020-08-15	20k-30k	20k-30k 经验3-5年 / 本科	互联网金融 大数据 数据挖掘 数据分析 数据处理	“平台大,机会多,重点项目”	电商 / D轮及以上 / 500-2000人	贝贝集团
145	数据分析工程师	西溪	2020-12-04	3k-5k	3k-5k 经验不限 / 大专	大数据 数仓工程师 Spark SQLServer	“人工智能”	人工智能,通讯电子 / 未融资 / 少于15人	智图云析
146	数据分析师	余杭区	2020-11-11	20k-35k	20k-35k 经验5-10年 / 本科	数据分析 B端产品	“E轮融资,晋升空间大,扁平化管理”	汽车丨出行 / D轮及以上 / 2000人以上	大搜车
147	数据分析师（商业化发展） (MJ000380)	西湖	2020-11-12	15k-30k	15k-30k 经验3-5年 / 本科	数据分析	“六险一金，周薪制”	移动互联网,电商 / A轮 / 500-2000人	微拍堂
148	高级数据分析师-产研方向	西溪	2020-12-07	20k-35k	20k-35k 经验3-5年 / 本科	电商 移动互联网 MySQL Python	“五险一金 企业福利 晋升空间大 团队nice”	企业服务 / 上市公司 / 2000人以上	有赞
149	资深数据分析师03-06-153	余杭区	2020-12-16	20k-40k	20k-40k 经验3-5年 / 本科	数据分析	“管理扁平化”	汽车丨出行 / D轮及以上 / 2000人以上	大搜车
150	数据分析专家03-10-217	余杭区	2020-12-16	20k-40k	20k-40k 经验5-10年 / 本科	数据分析 数据挖掘 算法	“六险一金 大平台 独角兽”	汽车丨出行 / D轮及以上 / 2000人以上	大搜车
151	数据分析工程师（21届校招）	西湖区	2020-11-09	10k-15k	10k-15k 经验在校/应届 / 本科	大数据 数据分析	“上市公司 大数据 平台好 发展多”	移动互联网 / 上市公司 / 500-2000人	个推
152	数据建模工程师	翠苑	2020-11-09	15k-25k	15k-25k 经验在校/应届 / 不限	云计算 大数据 Hadoop Spark MySQL Oracle	“16-18薪 大数据A股上市公司”	移动互联网 / 上市公司 / 500-2000人	个推
153	数据分析师（社招）	翠苑	2020-11-09	15k-25k	15k-25k 经验在校/应届 / 不限	云计算 大数据 BI 数据分析 数据库	“16-18薪 大数据A股上市公司”	移动互联网 / 上市公司 / 500-2000人	个推
154	高级数据分析师（数据治理） (MJ000659)	余杭区	2020-12-09	12k-18k	12k-18k 经验不限 / 本科	医疗健康	“待遇好 领导好”	移动互联网,医疗丨健康 / D轮及以上 / 500-2000人	智云健康
155	金融风控数据分析师	西湖区	2020-12-07	18k-36k	18k-36k 经验3-5年 / 不限	互联网金融 商业 数据分析	“团队氛围融洽、福利待遇好”	企业服务 / 上市公司 / 2000人以上	有赞
156	数据分析专家/高级专家	余杭区	2020-12-02	22k-35k	22k-35k 经验3-5年 / 本科	大数据 云计算 MySQL Hadoop Spark 数据挖掘	“发展前景、团队实力、海量数据”	数据服务 / 不需要融资 / 150-500人	橙鹰
157	数据建模工程师	西湖区	2020-11-24	15k-25k	15k-25k 经验不限 / 本科	大数据 数仓建模 数据挖掘 Python Java	“上市公司 核心团队 发展空间大 领导好”	移动互联网 / 上市公司 / 500-2000人	个推
158	数据分析师(智能客服方向)	西湖区	2020-12-11	10k-20k	10k-20k 经验3-5年 / 本科	电商 云计算 数据库 数据分析 BI SQL	“行业前景好，项目经历好”	电子商务 / 不需要融资 / 150-500人	政采云
159	资深数据建模工程师	西湖区	2020-11-24	20k-30k	20k-30k 经验3-5年 / 本科	分析建模 机器学习 算法 NLP	“上市公司 核心团队 发展空间大 领导好”	移动互联网 / 上市公司 / 500-2000人	个推
160	数据分析师	西湖	17:41发布	20k-40k	20k-40k 经验3-5年 / 硕士	电商 商业 数据分析	“垂直电商”	移动互联网,电商 / A轮 / 500-2000人	微拍堂
161	数据分析建模工程师（校招）	西溪	14:22发布	10k-18k	10k-18k 经验在校/应届 / 硕士	人工智能 机器学习 金融风控 营销建模	“海量数据 全链路建模实践 16-25薪”	数据服务,信息安全 / A轮 / 50-150人	云真信
162	数据分析[J470308]	西溪	2天前发布	15k-30k	15k-30k 经验3-5年 / 本科	物流 SQLServer	“阿里系”	移动互联网 / 不需要融资 / 150-500人	溪鸟物流
163	数据分析工程师	桐庐县	2020-12-01	30k-60k	30k-60k 经验在校/应届 / 不限	企业服务 云计算 数据架构 数据库开发 Python 数据挖掘	“高薪事少”	数据服务、教育 / 未融资 / 少于15人	创客矩阵咨询
164	数据分析专家03-10-217	余杭区	2020-12-16	20k-40k	20k-40k 经验5-10年 / 本科	数据分析 数据挖掘 算法	“六险一金 大平台 独角兽”	汽车丨出行 / D轮及以上 / 2000人以上	大搜车
165	数据分析工程师（21届校招）	西湖区	2020-11-09	10k-15k	10k-15k 经验在校/应届 / 本科	大数据 数据分析	“上市公司 大数据 平台好 发展多”	移动互联网 / 上市公司 / 500-2000人	个推
166	数据建模工程师	翠苑	2020-11-09	15k-25k	15k-25k 经验在校/应届 / 不限	云计算 大数据 Hadoop Spark MySQL Oracle	“16-18薪 大数据A股上市公司”	移动互联网 / 上市公司 / 500-2000人	个推
167	数据分析师（社招）	翠苑	2020-11-09	15k-25k	15k-25k 经验在校/应届 / 不限	云计算 大数据 BI 数据分析 数据库	“16-18薪 大数据A股上市公司”	移动互联网 / 上市公司 / 500-2000人	个推
168	高级数据分析师（数据治理） (MJ000659)	余杭区	2020-12-09	12k-18k	12k-18k 经验不限 / 本科	医疗健康	“待遇好 领导好”	移动互联网,医疗丨健康 / D轮及以上 / 500-2000人	智云健康
169	金融风控数据分析师	西湖区	2020-12-07	18k-36k	18k-36k 经验3-5年 / 不限	互联网金融 商业 数据分析	“团队氛围融洽、福利待遇好”	企业服务 / 上市公司 / 2000人以上	有赞
170	数据分析专家/高级专家	余杭区	2020-12-02	22k-35k	22k-35k 经验3-5年 / 本科	大数据 云计算 MySQL Hadoop Spark 数据挖掘	“发展前景、团队实力、海量数据”	数据服务 / 不需要融资 / 150-500人	橙鹰
171	数据建模工程师	西湖区	2020-11-24	15k-25k	15k-25k 经验不限 / 本科	大数据 数仓建模 数据挖掘 Python Java	“上市公司 核心团队 发展空间大 领导好”	移动互联网 / 上市公司 / 500-2000人	个推
172	数据分析师(智能客服方向)	西湖区	2020-12-11	10k-20k	10k-20k 经验3-5年 / 本科	电商 云计算 数据库 数据分析 BI SQL	“行业前景好，项目经历好”	电子商务 / 不需要融资 / 150-500人	政采云
173	资深数据建模工程师	西湖区	2020-11-24	20k-30k	20k-30k 经验3-5年 / 本科	分析建模 机器学习 算法 NLP	“上市公司 核心团队 发展空间大 领导好”	移动互联网 / 上市公司 / 500-2000人	个推
174	数据分析师	西湖	17:41发布	20k-40k	20k-40k 经验3-5年 / 硕士	电商 商业 数据分析	“垂直电商”	移动互联网,电商 / A轮 / 500-2000人	微拍堂
175	数据分析建模工程师（校招）	西溪	14:22发布	10k-18k	10k-18k 经验在校/应届 / 硕士	人工智能 机器学习 金融风控 营销建模	“海量数据 全链路建模实践 16-25薪”	数据服务,信息安全 / A轮 / 50-150人	云真信
176	数据分析[J470308]	西溪	2天前发布	15k-30k	15k-30k 经验3-5年 / 本科	物流 SQLServer	“阿里系”	移动互联网 / 不需要融资 / 150-500人	溪鸟物流
177	数据分析工程师	桐庐县	2020-12-01	30k-60k	30k-60k 经验在校/应届 / 不限	企业服务 云计算 数据架构 数据库开发 Python 数据挖掘	“高薪事少”	数据服务、教育 / 未融资 / 少于15人	创客矩阵咨询
178	数据分析专家03-10-217	余杭区	2020-12-16	20k-40k	20k-40k 经验5-10年 / 本科	数据分析 数据挖掘 算法	“六险一金 大平台 独角兽”	汽车丨出行 / D轮及以上 / 2000人以上	大搜车
179	数据分析工程师（21届校招）	西湖区	2020-11-09	10k-15k	10k-15k 经验在校/应届 / 本科	大数据 数据分析	“上市公司 大数据 平台好 发展多”	移动互联网 / 上市公司 / 500-2000人	个推
180	数据建模工程师	翠苑	2020-11-09	15k-25k	15k-25k 经验在校/应届 / 不限	云计算 大数据 Hadoop Spark MySQL Oracle	“16-18薪 大数据A股上市公司”	移动互联网 / 上市公司 / 500-2000人	个推
181	数据分析师（社招）	翠苑	2020-11-09	15k-25k	15k-25k 经验在校/应届 / 不限	云计算 大数据 BI 数据分析 数据库	“16-18薪 大数据A股上市公司”	移动互联网 / 上市公司 / 500-2000人	个推
182	高级数据分析师（数据治理） (MJ000659)	余杭区	2020-12-09	12k-18k	12k-18k 经验不限 / 本科	医疗健康	“待遇好 领导好”	移动互联网,医疗丨健康 / D轮及以上 / 500-2000人	智云健康
183	金融风控数据分析师	西湖区	2020-12-07	18k-36k	18k-36k 经验3-5年 / 不限	互联网金融 商业 数据分析	“团队氛围融洽、福利待遇好”	企业服务 / 上市公司 / 2000人以上	有赞
184	数据分析专家/高级专家	余杭区	2020-12-02	22k-35k	22k-35k 经验3-5年 / 本科	大数据 云计算 MySQL Hadoop Spark 数据挖掘	“发展前景、团队实力、海量数据”	数据服务 / 不需要融资 / 150-500人	橙鹰
185	数据建模工程师	西湖区	2020-11-24	15k-25k	15k-25k 经验不限 / 本科	大数据 数仓建模 数据挖掘 Python Java	“上市公司 核心团队 发展空间大 领导好”	移动互联网 / 上市公司 / 500-2000人	个推
186	数据分析师(智能客服方向)	西湖区	2020-12-11	10k-20k	10k-20k 经验3-5年 / 本科	电商 云计算 数据库 数据分析 BI SQL	“行业前景好，项目经历好”	电子商务 / 不需要融资 / 150-500人	政采云
187	资深数据建模工程师	西湖区	2020-11-24	20k-30k	20k-30k 经验3-5年 / 本科	分析建模 机器学习 算法 NLP	“上市公司 核心团队 发展空间大 领导好”	移动互联网 / 上市公司 / 500-2000人	个推
188	数据分析师	西湖	17:41发布	20k-40k	20k-40k 经验3-5年 / 硕士	电商 商业 数据分析	“垂直电商”	移动互联网,电商 / A轮 / 500-2000人	微拍堂
189	数据分析建模工程师（校招）	西溪	14:22发布	10k-18k	10k-18k 经验在校/应届 / 硕士	人工智能 机器学习 金融风控 营销建模	“海量数据 全链路建模实践 16-25薪”	数据服务,信息安全 / A轮 / 50-150人	云真信
190	数据分析[J470308]	西溪	2天前发布	15k-30k	15k-30k 经验3-5年 / 本科	物流 SQLServer	“阿里系”	移动互联网 / 不需要融资 / 150-500人	溪鸟物流
191	数据分析工程师	桐庐县	2020-12-01	30k-60k	30k-60k 经验在校/应届 / 不限	企业服务 云计算 数据架构 数据库开发 Python 数据挖掘	“高薪事少”	数据服务、教育 / 未融资 / 少于15人	创客矩阵咨询
192	数据分析专家03-10-217	余杭区	2020-12-16	20k-40k	20k-40k 经验5-10年 / 本科	数据分析 数据挖掘 算法	“六险一金 大平台 独角兽”	汽车丨出行 / D轮及以上 / 2000人以上	大搜车
193	数据分析工程师（21届校招）	西湖区	2020-11-09	10k-15k	10k-15k 经验在校/应届 / 本科	大数据 数据分析	“上市公司 大数据 平台好 发展多”	移动互联网 / 上市公司 / 500-2000人	个推
194	数据建模工程师	翠苑	2020-11-09	15k-25k	15k-25k 经验在校/应届 / 不限	云计算 大数据 Hadoop Spark MySQL Oracle	“16-18薪 大数据A股上市公司”	移动互联网 / 上市公司 / 500-2000人	个推
195	数据分析师（社招）	翠苑	2020-11-09	15k-25k	15k-25k 经验在校/应届 / 不限	云计算 大数据 BI 数据分析 数据库	“16-18薪 大数据A股上市公司”	移动互联网 / 上市公司 / 500-2000人	个推
196	高级数据分析师（数据治理） (MJ000659)	余杭区	2020-12-09	12k-18k	12k-18k 经验不限 / 本科	医疗健康	“待遇好 领导好”	移动互联网,医疗丨健康 / D轮及以上 / 500-2000人	智云健康
197	金融风控数据分析师	西湖区	2020-12-07	18k-36k	18k-36k 经验3-5年 / 不限	互联网金融 商业 数据分析	“团队氛围融洽、福利待遇好”	企业服务 / 上市公司 / 2000人以上	有赞
198	数据分析专家/高级专家	余杭区	2020-12-02	22k-35k	22k-35k 经验3-5年 / 本科	大数据 云计算 MySQL Hadoop Spark 数据挖掘	“发展前景、团队实力、海量数据”	数据服务 / 不需要融资 / 150-500人	橙鹰
199	数据建模工程师	西湖区	2020-11-24	15k-25k	15k-25k 经验不限 / 本科	大数据 数仓建模 数据挖掘 Python Java	“上市公司 核心团队 发展空间大 领导好”	移动互联网 / 上市公司 / 500-2000人	个推
200	数据分析师(智能客服方向)	西湖区	2020-12-11	10k-20k	10k-20k 经验3-5年 / 本科	电商 云计算 数据库 数据分析 BI SQL	“行业前景好，项目经历好”	电子商务 / 不需要融资 / 150-500人	政采云
201	资深数据建模工程师	西湖区	2020-11-24	20k-30k	20k-30k 经验3-5年 / 本科	分析建模 机器学习 算法 NLP	“上市公司 核心团队 发展空间大 领导好”	移动互联网 / 上市公司 / 500-2000人	个推
202	数据分析师	西湖	17:41发布	20k-40k	20k-40k 经验3-5年 / 硕士	电商 商业 数据分析	“垂直电商”	移动互联网,电商 / A轮 / 500-2000人	微拍堂
203	数据分析建模工程师（校招）	西溪	14:22发布	10k-18k	10k-18k 经验在校/应届 / 硕士	人工智能 机器学习 金融风控 营销建模	“海量数据 全链路建模实践 16-25薪”	数据服务,信息安全 / A轮 / 50-150人	云真信
204	数据分析[J470308]	西溪	2天前发布	15k-30k	15k-30k 经验3-5年 / 本科	物流 SQLServer	“阿里系”	移动互联网 / 不需要融资 / 150-500人	溪鸟物流
205	数据分析工程师	桐庐县	2020-12-01	30k-60k	30k-60k 经验在校/应届 / 不限	企业服务 云计算 数据架构 数据库开发 Python 数据挖掘	“高薪事少”	数据服务、教育 / 未融资 / 少于15人	创客矩阵咨询
206	数据分析专家03-10-217	余杭区	2020-12-16	20k-40k	20k-40k 经验5-10年 / 本科	数据分析 数据挖掘 算法	“六险一金 大平台 独角兽”	汽车丨出行 / D轮及以上 / 2000人以上	大搜车
207	数据分析工程师（21届校招）	西湖区	2020-11-09	10k-15k	10k-15k 经验在校/应届 / 本科	大数据 数据分析	“上市公司 大数据 平台好 发展多”	移动互联网 / 上市公司 / 500-2000人	个推
208	数据建模工程师	翠苑	2020-11-09	15k-25k	15k-25k 经验在校/应届 / 不限	云计算 大数据 Hadoop Spark MySQL Oracle	“16-18薪 大数据A股上市公司”	移动互联网 / 上市公司 / 500-2000人	个推
209	数据分析师（社招）	翠苑	2020-11-09	15k-25k	15k-25k 经验在校/应届 / 不限	云计算 大数据 BI 数据分析 数据库	“16-18薪 大数据A股上市公司”	移动互联网 / 上市公司 / 500-2000人	个推
210	高级数据分析师（数据治理） (MJ000659)	余杭区	2020-12-09	12k-18k	12k-18k 经验不限 / 本科	医疗健康	“待遇好 领导好”	移动互联网,医疗丨健康 / D轮及以上 / 500-2000人	智云健康
211	金融风控数据分析师	西湖区	2020-12-07	18k-36k	18k-36k 经验3-5年 / 不限	互联网金融 商业 数据分析	“团队氛围融洽、福利待遇好”	企业服务 / 上市公司 / 2000人以上	有赞
212	数据分析专家/高级专家	余杭区	2020-12-02	22k-35k	22k-35k 经验3-5年 / 本科	大数据 云计算 MySQL Hadoop Spark 数据挖掘	“发展前景、团队实力、海量数据”	数据服务 / 不需要融资 / 150-500人	橙鹰
213	数据建模工程师	西湖区	2020-11-24	15k-25k	15k-25k 经验不限 / 本科	大数据 数仓建模 数据挖掘 Python Java	“上市公司 核心团队 发展空间大 领导好”	移动互联网 / 上市公司 / 500-2000人	个推
214	数据分析师(智能客服方向)	西湖区	2020-12-11	10k-20k	10k-20k 经验3-5年 / 本科	电商 云计算 数据库 数据分析 BI SQL	“行业前景好，项目经历好”	电子商务 / 不需要融资 / 150-500人	政采云
215	资深数据建模工程师	西湖区	2020-11-24	20k-30k	20k-30k 经验3-5年 / 本科	分析建模 机器学习 算法 NLP	“上市公司 核心团队 发展空间大 领导好”	移动互联网 / 上市公司 / 500-2000人	个推
216	数据分析师	西湖	17:41发布	20k-40k	20k-40k 经验3-5年 / 硕士	电商 商业 数据分析	“垂直电商”	移动互联网,电商 / A轮 / 500-2000人	微拍堂
217	数据分析建模工程师（校招）	西溪	14:22发布	10k-18k	10k-18k 经验在校/应届 / 硕士	人工智能 机器学习 金融风控 营销建模	“海量数据 全链路建模实践 16-25薪”	数据服务,信息安全 / A轮 / 50-150人	云真信
218	数据分析[J470308]	西溪	2天前发布	15k-30k	15k-30k 经验3-5年 / 本科	物流 SQLServer	“阿里系”	移动互联网 / 不需要融资 / 150-500人	溪鸟物流
219	数据分析工程师	桐庐县	2020-12-01	30k-60k	30k-60k 经验在校/应届 / 不限	企业服务 云计算 数据架构 数据库开发 Python 数据挖掘	“高薪事少”	数据服务、教育 / 未融资 / 少于15人	创客矩阵咨询
220	数据分析专家03-10-217	余杭区	2020-12-16	20k-40k	20k-40k 经验5-10年 / 本科	数据分析 数据挖掘 算法	“六险一金 大平台 独角兽”	汽车丨出行 / D轮及以上 / 2000人以上	大搜车
221	数据分析工程师（21届校招）	西湖区	2020-11-09	10k-15k	10k-15k 经验在校/应届 / 本科	大数据 数据分析	“上市公司 大数据 平台好 发展多”	移动互联网 / 上市公司 / 500-2000人	个推
222	数据建模工程师	翠苑	2020-11-09	15k-25k	15k-25k 经验在校/应届 / 不限	云计算 大数据 Hadoop Spark MySQL Oracle	“16-18薪 大数据A股上市公司”	移动互联网 / 上市公司 / 500-2000人	个推
223	数据分析师（社招）	翠苑	2020-11-09	15k-25k	15k-25k 经验在校/应届 / 不限	云计算 大数据 BI 数据分析 数据库	“16-18薪 大数据A股上市公司”	移动互联网 / 上市公司 / 500-2000人	个推
224	高级数据分析师（数据治理） (MJ000659)	余杭区	2020-12-09	12k-18k	12k-18k 经验不限 / 本科	医疗健康	“待遇好 领导好”	移动互联网,医疗丨健康 / D轮及以上 / 500-2000人	智云健康
225	金融风控数据分析师	西湖区	2020-12-07	18k-36k	18k-36k 经验3-5年 / 不限	互联网金融 商业 数据分析	“团队氛围融洽、福利待遇好”	企业服务 / 上市公司 / 2000人以上	有赞
226	数据分析专家/高级专家	余杭区	2020-12-02	22k-35k	22k-35k 经验3-5年 / 本科	大数据 云计算 MySQL Hadoop Spark 数据挖掘	“发展前景、团队实力、海量数据”	数据服务 / 不需要融资 / 150-500人	橙鹰
227	数据建模工程师	西湖区	2020-11-24	15k-25k	15k-25k 经验不限 / 本科	大数据 数仓建模 数据挖掘 Python Java	“上市公司 核心团队 发展空间大 领导好”	移动互联网 / 上市公司 / 500-2000人	个推
228	数据分析师(智能客服方向)	西湖区	2020-12-11	10k-20k	10k-20k 经验3-5年 / 本科	电商 云计算 数据库 数据分析 BI SQL	“行业前景好，项目经历好”	电子商务 / 不需要融资 / 150-500人	政采云
229	资深数据建模工程师	西湖区	2020-11-24	20k-30k	20k-30k 经验3-5年 / 本科	分析建模 机器学习 算法 NLP	“上市公司 核心团队 发展空间大 领导好”	移动互联网 / 上市公司 / 500-2000人	个推
230	数据分析师	西湖	17:41发布	20k-40k	20k-40k 经验3-5年 / 硕士	电商 商业 数据分析	“垂直电商”	移动互联网,电商 / A轮 / 500-2000人	微拍堂
231	数据分析建模工程师（校招）	西溪	14:22发布	10k-18k	10k-18k 经验在校/应届 / 硕士	人工智能 机器学习 金融风控 营销建模	“海量数据 全链路建模实践 16-25薪”	数据服务,信息安全 / A轮 / 50-150人	云真信
232	数据分析[J470308]	西溪	2天前发布	15k-30k	15k-30k 经验3-5年 / 本科	物流 SQLServer	“阿里系”	移动互联网 / 不需要融资 / 150-500人	溪鸟物流
233	数据分析工程师	桐庐县	2020-12-01	30k-60k	30k-60k 经验在校/应届 / 不限	企业服务 云计算 数据架构 数据库开发 Python 数据挖掘	“高薪事少”	数据服务、教育 / 未融资 / 少于15人	创客矩阵咨询
234	数据分析专家03-10-217	余杭区	2020-12-16	20k-40k	20k-40k 经验5-10年 / 本科	数据分析 数据挖掘 算法	“六险一金 大平台 独角兽”	汽车丨出行 / D轮及以上 / 2000人以上	大搜车
235	数据分析工程师（21届校招）	西湖区	2020-11-09	10k-15k	10k-15k 经验在校/应届 / 本科	大数据 数据分析	“上市公司 大数据 平台好 发展多”	移动互联网 / 上市公司 / 500-2000人	个推
236	数据建模工程师	翠苑	2020-11-09	15k-25k	15k-25k 经验在校/应届 / 不限	云计算 大数据 Hadoop Spark MySQL Oracle	“16-18薪 大数据A股上市公司”	移动互联网 / 上市公司 / 500-2000人	个推
237	数据分析师（社招）	翠苑	2020-11-09	15k-25k	15k-25k 经验在校/应届 / 不限	云计算 大数据 BI 数据分析 数据库	“16-18薪 大数据A股上市公司”	移动互联网 / 上市公司 / 500-2000人	个推
238	高级数据分析师（数据治理） (MJ000659)	余杭区	2020-12-09	12k-18k	12k-18k 经验不限 / 本科	医疗健康	“待遇好 领导好”	移动互联网,医疗丨健康 / D轮及以上 / 500-2000人	智云健康
239	金融风控数据分析师	西湖区	2020-12-07	18k-36k	18k-36k 经验3-5年 / 不限	互联网金融 商业 数据分析	“团队氛围融洽、福利待遇好”	企业服务 / 上市公司 / 2000人以上	有赞
240	数据分析专家/高级专家	余杭区	2020-12-02	22k-35k	22k-35k 经验3-5年 / 本科	大数据 云计算 MySQL Hadoop Spark 数据挖掘	“发展前景、团队实力、海量数据”	数据服务 / 不需要融资 / 150-500人	橙鹰
241	数据建模工程师	西湖区	2020-11-24	15k-25k	15k-25k 经验不限 / 本科	大数据 数仓建模 数据挖掘 Python Java	“上市公司 核心团队 发展空间大 领导好”	移动互联网 / 上市公司 / 500-2000人	个推
242	数据分析师(智能客服方向)	西湖区	2020-12-11	10k-20k	10k-20k 经验3-5年 / 本科	电商 云计算 数据库 数据分析 BI SQL	“行业前景好，项目经历好”	电子商务 / 不需要融资 / 150-500人	政采云
243	资深数据建模工程师	西湖区	2020-11-24	20k-30k	20k-30k 经验3-5年 / 本科	分析建模 机器学习 算法 NLP	“上市公司 核心团队 发展空间大 领导好”	移动互联网 / 上市公司 / 500-2000人	个推
244	数据分析师	西湖	17:41发布	20k-40k	20k-40k 经验3-5年 / 硕士	电商 商业 数据分析	“垂直电商”	移动互联网,电商 / A轮 / 500-2000人	微拍堂
245	数据分析建模工程师（校招）	西溪	14:22发布	10k-18k	10k-18k 经验在校/应届 / 硕士	人工智能 机器学习 金融风控 营销建模	“海量数据 全链路建模实践 16-25薪”	数据服务,信息安全 / A轮 / 50-150人	云真信
246	数据分析[J470308]	西溪	2天前发布	15k-30k	15k-30k 经验3-5年 / 本科	物流 SQLServer	“阿里系”	移动互联网 / 不需要融资 / 150-500人	溪鸟物流
247	数据分析工程师	桐庐县	2020-12-01	30k-60k	30k-60k 经验在校/应届 / 不限	企业服务 云计算 数据架构 数据库开发 Python 数据挖掘	“高薪事少”	数据服务、教育 / 未融资 / 少于15人	创客矩阵咨询
248	数据分析专家03-10-217	余杭区	2020-12-16	20k-40k	20k-40k 经验5-10年 / 本科	数据分析 数据挖掘 算法	“六险一金 大平台 独角兽”	汽车丨出行 / D轮及以上 / 2000人以上	大搜车
249	数据分析工程师（21届校招）	西湖区	2020-11-09	10k-15k	10k-15k 经验在校/应届 / 本科	大数据 数据分析	“上市公司 大数据 平台好 发展多”	移动互联网 / 上市公司 / 500-2000人	个推
250	数据建模工程师	翠苑	2020-11-09	15k-25k	15k-25k 经验在校/应届 / 不限	云计算 大数据 Hadoop Spark MySQL Oracle	“16-18薪 大数据A股上市公司”	移动互联网 / 上市公司 / 500-2000人	个推
251	数据分析师（社招）	翠苑	2020-11-09	15k-25k	15k-25k 经验在校/应届 / 不限	云计算 大数据 BI 数据分析 数据库	“16-18薪 大数据A股上市公司”	移动互联网 / 上市公司 / 500-2000人	个推
252	高级数据分析师（数据治理） (MJ000659)	余杭区	2020-12-09	12k-18k	12k-18k 经验不限 / 本科	医疗健康	“待遇好 领导好”	移动互联网,医疗丨健康 / D轮及以上 / 500-2000人	智云健康
253	金融风控数据分析师	西湖区	2020-12-07	18k-36k	18k-36k 经验3-5年 / 不限	互联网金融 商业 数据分析	“团队氛围融洽、福利待遇好”	企业服务 / 上市公司 / 2000人以上	有赞
254	数据分析专家/高级专家	余杭区	2020-12-02	22k-35k	22k-35k 经验3-5年 / 本科	大数据 云计算 MySQL Hadoop Spark 数据挖掘	“发展前景、团队实力、海量数据”	数据服务 / 不需要融资 / 150-500人	橙鹰
255	数据建模工程师	西湖区	2020-11-24	15k-25k	15k-25k 经验不限 / 本科	大数据 数仓建模 数据挖掘 Python Java	“上市公司 核心团队 发展空间大 领导好”	移动互联网 / 上市公司 / 500-2000人	个推
256	数据分析师(智能客服方向)	西湖区	2020-12-11	10k-20k	10k-20k 经验3-5年 / 本科	电商 云计算 数据库 数据分析 BI SQL	“行业前景好，项目经历好”	电子商务 / 不需要融资 / 150-500人	政采云
257	资深数据建模工程师	西湖区	2020-11-24	20k-30k	20k-30k 经验3-5年 / 本科	分析建模 机器学习 算法 NLP	“上市公司 核心团队 发展空间大 领导好”	移动互联网 / 上市公司 / 500-2000人	个推
258	数据分析师	西湖	17:41发布	20k-40k	20k-40k 经验3-5年 / 硕士	电商 商业 数据分析	“垂直电商”	移动互联网,电商 / A轮 / 500-2000人	微拍堂
259	数据分析建模工程师（校招）	西溪	14:22发布	10k-18k	10k-18k 经验在校/应届 / 硕士	人工智能 机器学习 金融风控 营销建模	“海量数据 全链路建模实践 16-25薪”	数据服务,信息安全 / A轮 / 50-150人	云真信
260	数据分析[J470308]	西溪	2天前发布	15k-30k	15k-30k 经验3-5年 / 本科	物流 SQLServer	“阿里系”	移动互联网 / 不需要融资 / 150-500人	溪鸟物流
261	数据分析工程师	桐庐县	2020-12-01	30k-60k	30k-60k 经验在校/应届 / 不限	企业服务 云计算 数据架构 数据库开发 Python 数据挖掘	“高薪事少”	数据服务、教育 / 未融资 / 少于15人	创客矩阵咨询
262	数据分析专家03-10-217	余杭区	2020-12-16	20k-40k	20k-40k 经验5-10年 / 本科	数据分析 数据挖掘 算法	“六险一金 大平台 独角兽”	汽车丨出行 / D轮及以上 / 2000人以上	大搜车
263	数据分析工程师（21届校招）	西湖区	2020-11-09	10k-15k	10k-15k 经验在校/应届 / 本科	大数据 数据分析	“上市公司 大数据 平台好 发展多”	移动互联网 / 上市公司 / 500-2000人	个推
264	数据建模工程师	翠苑	2020-11-09	15k-25k	15k-25k 经验在校/应届 / 不限	云计算 大数据 Hadoop Spark MySQL Oracle	“16-18薪 大数据A股上市公司”	移动互联网 / 上市公司 / 500-2000人	个推
265	数据分析师（社招）	翠苑	2020-11-09	15k-25k	15k-25k 经验在校/应届 / 不限	云计算 大数据 BI 数据分析 数据库	“16-18薪 大数据A股上市公司”	移动互联网 / 上市公司 / 500-2000人	个推
266	高级数据分析师（数据治理） (MJ000659)	余杭区	2020-12-09	12k-18k	12k-18k 经验不限 / 本科	医疗健康	“待遇好 领导好”	移动互联网,医疗丨健康 / D轮及以上 / 500-2000人	智云健康
267	金融风控数据分析师	西湖区	2020-12-07	18k-36k	18k-36k 经验3-5年 / 不限	互联网金融 商业 数据分析	“团队氛围融洽、福利待遇好”	企业服务 / 上市公司 / 2000人以上	有赞
268	数据分析专家/高级专家	余杭区	2020-12-02	22k-35k	22k-35k 经验3-5年 / 本科	大数据 云计算 MySQL Hadoop Spark 数据挖掘	“发展前景、团队实力、海量数据”	数据服务 / 不需要融资 / 150-500人	橙鹰
269	数据建模工程师	西湖区	2020-11-24	15k-25k	15k-25k 经验不限 / 本科	大数据 数仓建模 数据挖掘 Python Java	“上市公司 核心团队 发展空间大 领导好”	移动互联网 / 上市公司 / 500-2000人	个推
270	数据分析师(智能客服方向)	西湖区	2020-12-11	10k-20k	10k-20k 经验3-5年 / 本科	电商 云计算 数据库 数据分析 BI SQL	“行业前景好，项目经历好”	电子商务 / 不需要融资 / 150-500人	政采云
271	资深数据建模工程师	西湖区	2020-11-24	20k-30k	20k-30k 经验3-5年 / 本科	分析建模 机器学习 算法 NLP	“上市公司 核心团队 发展空间大 领导好”	移动互联网 / 上市公司 / 500-2000人	个推
272	数据分析师	西湖	17:41发布	20k-40k	20k-40k 经验3-5年 / 硕士	电商 商业 数据分析	“垂直电商”	移动互联网,电商 / A轮 / 500-2000人	微拍堂
273	数据分析建模工程师（校招）	西溪	14:22发布	10k-18k	10k-18k 经验在校/应届 / 硕士	人工智能 机器学习 金融风控 营销建模	“海量数据 全链路建模实践 16-25薪”	数据服务,信息安全 / A轮 / 50-150人	云真信
274	数据分析[J470308]	西溪	2天前发布	15k-30k	15k-30k 经验3-5年 / 本科	物流 SQLServer	“阿里系”	移动互联网 / 不需要融资 / 150-500人	溪鸟物流
275	数据分析工程师	桐庐县	2020-12-01	30k-60k	30k-60k 经验在校/应届 / 不限	企业服务 云计算 数据架构 数据库开发 Python 数据挖掘	“高薪事少”	数据服务、教育 / 未融资 / 少于15人	创客矩阵咨询
276	数据分析专家03-10-217	余杭区	2020-12-16	20k-40k	20k-40k 经验5-10年 / 本科	数据分析 数据挖掘 算法	“六险一金 大平台 独角兽”	汽车丨出行 / D轮及以上 / 2000人以上	大搜车
277	数据分析工程师（21届校招）	西湖区	2020-11-09	10k-15k	10k-15k 经验在校/应届 / 本科	大数据 数据分析	“上市公司 大数据 平台好 发展多”	移动互联网 / 上市公司 / 500-2000人	个推
278	数据建模工程师	翠苑	2020-11-09	15k-25k	15k-25k 经验在校/应届 / 不限	云计算 大数据 Hadoop Spark MySQL Oracle	“16-18薪 大数据A股上市公司”	移动互联网 / 上市公司 / 500-2000人	个推
279	数据分析师（社招）	翠苑	2020-11-09	15k-25k	15k-25k 经验在校/应届 / 不限	云计算 大数据 BI 数据分析 数据库	“16-18薪 大数据A股上市公司”	移动互联网 / 上市公司 / 500-2000人	个推
280	高级数据分析师（数据治理） (MJ000659)	余杭区	2020-12-09	12k-18k	12k-18k 经验不限 / 本科	医疗健康	“待遇好 领导好”	移动互联网,医疗丨健康 / D轮及以上 / 500-2000人	智云健康
281	金融风控数据分析师	西湖区	2020-12-07	18k-36k	18k-36k 经验3-5年 / 不限	互联网金融 商业 数据分析	“团队氛围融洽、福利待遇好”	企业服务 / 上市公司 / 2000人以上	有赞
282	数据分析专家/高级专家	余杭区	2020-12-02	22k-35k	22k-35k 经验3-5年 / 本科	大数据 云计算 MySQL Hadoop Spark 数据挖掘	“发展前景、团队实力、海量数据”	数据服务 / 不需要融资 / 150-500人	橙鹰
283	数据建模工程师	西湖区	2020-11-24	15k-25k	15k-25k 经验不限 / 本科	大数据 数仓建模 数据挖掘 Python Java	“上市公司 核心团队 发展空间大 领导好”	移动互联网 / 上市公司 / 500-2000人	个推
284	数据分析师(智能客服方向)	西湖区	2020-12-11	10k-20k	10k-20k 经验3-5年 / 本科	电商 云计算 数据库 数据分析 BI SQL	“行业前景好，项目经历好”	电子商务 / 不需要融资 / 150-500人	政采云
285	资深数据建模工程师	西湖区	2020-11-24	20k-30k	20k-30k 经验3-5年 / 本科	分析建模 机器学习 算法 NLP	“上市公司 核心团队 发展空间大 领导好”	移动互联网 / 上市公司 / 500-2000人	个推
286	数据分析师	西湖	17:41发布	20k-40k	20k-40k 经验3-5年 / 硕士	电商 商业 数据分析	“垂直电商”	移动互联网,电商 / A轮 / 500-2000人	微拍堂
287	数据分析建模工程师（校招）	西溪	14:22发布	10k-18k	10k-18k 经验在校/应届 / 硕士	人工智能 机器学习 金融风控 营销建模	“海量数据 全链路建模实践 16-25薪”	数据服务,信息安全 / A轮 / 50-150人	云真信
288	数据分析[J470308]	西溪	2天前发布	15k-30k	15k-30k 经验3-5年 / 本科	物流 SQLServer	“阿里系”	移动互联网 / 不需要融资 / 150-500人	溪鸟物流
289	数据分析工程师	桐庐县	2020-12-01	30k-60k	30k-60k 经验在校/应届 / 不限	企业服务 云计算 数据架构 数据库开发 Python 数据挖掘	“高薪事少”	数据服务、教育 / 未融资 / 少于15人	创客矩阵咨询
