0	数据分析师	玄武区	21:10发布	15k-25k	15k-25k 经验3-5年 / 本科	数据分析	“平台大”	旅游 / 上市公司 / 2000人以上	同程旅行
1	数据分析工程师	雨花台区	3天前发布	13k-26k	13k-26k 经验3-5年 / 本科	ETL MySQL 数据库开发	“互联网独角兽，晋升空间大，牛人云集，氛围open”	移动互联网 / D轮及以上 / 2000人以上	满帮集团
2	数据分析师	安德门	2020-12-23	8k-12k	8k-12k 经验1-3年 / 本科	数据分析	“大数据技术服务公司 数据分析领域专家”	移动互联网,金融 / B轮 / 150-500人	安讯科技
3	数据分析师	秦淮区	2020-12-23	12k-24k	12k-24k 经验3-5年 / 本科	B2B	“14薪、季度旅游、年度体检、愉快的团队氛围”	人工智能,物联网 / B轮 / 50-150人	清云智飞
4	数据分析师	奥体	2020-12-11	8k-15k	8k-15k 经验1-3年 / 本科	大数据 电力 需求分析 数据分析	“行业前景广阔，福利待遇佳”	数据服务,软件开发 / 不需要融资 / 150-500人	佰聆数据
5	医药数据分析师(疫苗方向)	鼓楼区	2020-12-23	8k-16k	8k-16k 经验1-3年 / 硕士	医疗健康 大数据 数据分析	“带薪年假 定期体检 扁平管理 发展空间大”	移动互联网,医疗丨健康 / 天使轮 / 15-50人	医药魔方
6	数据分析（南京）	秦淮区	2020-12-17	10k-15k	10k-15k 经验1-3年 / 本科	数据挖掘 数据分析	“弹性工作,氛围轻松”	移动互联网 / 不需要融资 / 500-2000人	飞常准
7	数据分析与报表开发	江宁区	2020-12-16	8k-14k	8k-14k 经验1-3年 / 本科	ETL 数据仓库	“发现数据价值，提供更好使用数据的方式”	移动互联网,企业服务 / A轮 / 50-150人	Wishare
8	数据分析	雨花台区	2020-11-13	10k-15k	10k-15k 经验1-3年 / 本科	MySQL	“高端平台 五险一金 年终奖 带薪年假”	移动互联网 / 不需要融资 / 50-150人	软维科技
9	电商数据分析 (MJ002713)	雨花台区	2020-11-19	8k-12k	8k-12k 经验1-3年 / 本科	数据分析 跨境电商	“五险一金 年底双薪 绩效奖金 晋升涨薪”	电商,移动互联网 / C轮 / 2000人以上	SHEIN
10	数据分析主管	阅江楼	2020-10-27	15k-20k	15k-20k 经验5-10年 / 大专	SQL 数据运营 数据分析 数据库	“五险 工龄 房补 餐补 生日会”	医疗丨健康 / C轮 / 500-2000人	创宏纪网络
11	电商数据分析师 (MJ002279)	雨花台区	2020-11-09	9k-15k	9k-15k 经验3-5年 / 本科	电商 数据分析	“五险一金 年底双薪 绩效奖金 晋升涨薪”	电商,移动互联网 / C轮 / 2000人以上	SHEIN
12	数据分析师	雨花台区	2020-08-20	8k-15k	8k-15k 经验不限 / 大专	数据	“注重人才，发展空间大”	数据服务,人工智能 / B轮 / 150-500人	阿博茨德科技
13	数据分析产品研发负责人-To B	鼓楼区	04:24发布	50k-100k	50k-100k 经验不限 / 本科	数据挖掘	“下午茶,健身瑜伽,股票期权,团队氛围好”	文娱丨内容 / D轮及以上 / 2000人以上	字节跳动
14	数据分析师	栖霞区	3天前发布	3k-4k	3k-4k 经验在校/应届 / 本科	需求分析 数据分析	“转正机会，餐补，交通补”	数据服务 / A轮 / 50-150人	浦和数据
15	资深数据分析师(J12291)	雨花台区	3天前发布	18k-36k	18k-36k 经验5-10年 / 本科	数据分析 消费者分析 行业分析 市场分析	“独角兽平台，牛人云集，晋升空间大”	移动互联网 / D轮及以上 / 2000人以上	满帮集团
16	数据分析师	雨花台区	2020-12-16	25k-50k	25k-50k 经验3-5年 / 本科	移动互联网	“竞争力的薪酬 带薪年假 股票期权”	硬件 / 不需要融资 / 2000人以上	vivo
17	数据分析师	安德门	2020-12-15	8k-12k	8k-12k 经验在校/应届 / 本科	SQL 数据分析	“数据分析”	移动互联网,金融 / B轮 / 150-500人	安讯科技
18	数据分析师2021届	建邺区	2020-12-16	6k-10k	6k-10k 经验在校/应届 / 本科	大数据 云计算 数据分析 SQL	“办公环境优越；团队氛围好；两餐补贴”	金融 / 不需要融资 / 500-2000人	通联数据
19	风控数据分析师	玄武区	2020-12-09	15k-30k	15k-30k 经验3-5年 / 本科	电商 SQL 数据运营 数据分析	“电商反欺诈”	消费生活,移动互联网 / 上市公司 / 2000人以上	苏宁易购
20	数据分析师NJ	建邺区	2020-09-15	5k-8k	5k-8k 经验1-3年 / 本科	大数据	“专业数据团队，提供多方面晋升机会”	金融 / 不需要融资 / 500-2000人	通联数据
21	app产品经理	南京	19:33发布	15k-25k	15k-25k 经验3-5年 / 本科	电商 Visio Axure O2O 移动产品/APP	“弹性办公，朝九晚六双休”	移动互联网,数据服务 / 未融资 / 15-50人	宏企云方
22	用户增长运营高级经理	玄武区	21:11发布	15k-25k	15k-25k 经验3-5年 / 本科	会员体系 用户运营	“发展空间大”	旅游 / 上市公司 / 2000人以上	同程旅行
23	上市公司销售主管/经理	玄武区	20:33发布	35k-45k	35k-45k 经验3-5年 / 本科	教育	“平台大，发展前景好”	移动互联网,教育 / 上市公司 / 2000人以上	跟谁学
24	测试经理	建邺区	19:13发布	15k-30k	15k-30k 经验3-5年 / 本科	Linux 黑盒测试 自动化测试 移动端测试	“团建、年度旅游、年终奖、项目奖、弹性办公”	企业服务 / 未融资 / 150-500人	数科网维
25	信息安全架构师	玄武区	19:32发布	20k-30k	20k-30k 经验5-10年 / 本科	信息安全	“互联网公司，弹性工作制。”	企业服务,软件开发 / 未融资 / 50-150人	德惠众合
26	测试总监（QA&QC）	浦口区	17:40发布	15k-20k	15k-20k 经验5-10年 / 本科	教育 部门管理 测试管理 领导力	“福利好、行业好、年终高”	移动互联网,教育 / 不需要融资 / 150-500人	知途
27	茶海棠店长	建邺区	17:57发布	5k-7k	5k-7k 经验1-3年 / 不限	餐饮 门店管理	“八小时工作制 排班 五险 月休4天”	文娱丨内容 / A轮 / 50-150人	麦嘉兄弟文化娱乐
28	天猫运营	雨花台区	16:11发布	4k-8k	4k-8k 经验在校/应届 / 本科	电商 商家运营 淘宝运营 京东运营	“扁平化管理，团队氛围，公司福利”	电商 / 未融资 / 50-150人	千本茵
29	BI工程师	浦口区	15:44发布	12k-18k	12k-18k 经验3-5年 / 本科	金融 ETL 数据仓库	“稳定岗位,发展平台大，技术氛围好”	金融 / 上市公司 / 2000人以上	安硕信息（amarsoft）
30	产品运营	常府街	14:04发布	10k-20k	10k-20k 经验1-3年 / 本科	运营 用户运营	“大牛多,氛围好,美女多”	数据服务 / 不需要融资 / 500-2000人	帆软软件
31	活动运营	雨花台区	13:36发布	10k-16k	10k-16k 经验3-5年 / 本科	活动策划 APP运营	“行业发展前景”	消费生活 / A轮 / 150-500人	省省回头车
32	产品运营	雨花台区	13:36发布	10k-16k	10k-16k 经验3-5年 / 本科	运营	“行业发展前景”	消费生活 / A轮 / 150-500人	省省回头车
33	内容编辑	奥体	15:57发布	6k-10k	6k-10k 经验5-10年 / 大专	编辑 内容	“发展空间大,福利待遇好”	移动互联网,消费生活 / B轮 / 500-2000人	掌门集团
34	招聘助理实习生	秦淮区	18:44发布	3k-4k	3k-4k 经验在校/应届 / 本科	HR 人力资源 招聘	“早10晚7 周末双休”	教育 / A轮 / 500-2000人	Easy Group
35	高级UX交互设计师	栖霞区	10:01发布	15k-25k	15k-25k 经验5-10年 / 本科	汽车 交互	“五险一金、带薪年假、双休等等等”	汽车丨出行 / 未融资 / 500-2000人	盛腾汽车
36	电商运营	山西路	14:15发布	8k-15k	8k-15k 经验1-3年 / 不限	电商 运营	“产品好，年轻团队，快速成长，弹性工作制”	消费生活,教育 / 不需要融资 / 15-50人	爆炸实验室
37	产品运营（行业化）	玄武区	14:04发布	10k-12k	10k-12k 经验不限 / 本科	大数据 产品运营 用户运营	“平台资源 发展空间大 晋升快”	数据服务 / 不需要融资 / 500-2000人	帆软软件
38	社群运营	双龙大道	14:58发布	6k-11k	6k-11k 经验不限 / 本科	教育	“带薪年假，五险一金，生日礼金，节假日礼物”	教育 / 未融资 / 500-2000人	心田花开
39	新媒体运营	双龙大道	14:58发布	6k-11k	6k-11k 经验不限 / 大专	教育	“五险一金，新人培训，节日福利，报班优惠等”	教育 / 未融资 / 500-2000人	心田花开
40	产品经理	鼓楼区	13:06发布	10k-20k	10k-20k 经验1-3年 / 本科	产品策划 用户研究 交互设计	“发展潜力大 团队好 老板好 福利好”	移动互联网,社交 / 不需要融资 / 50-150人	小葫芦
41	微信社交电商运营	山西路	14:15发布	6k-12k	6k-12k 经验1-3年 / 不限	电商 媒体 运营 产品运营 微信运营 电商运营	“产品好，年轻团队，快速成长，弹性工作制”	消费生活,教育 / 不需要融资 / 15-50人	爆炸实验室
42	java高级开发工程师	鼓楼区	11:27发布	13k-25k	13k-25k 经验5-10年 / 本科	Java MySQL springboot springcloud	“上市公司 五险一金 周末双休 早九晚六”	企业服务,人工智能 / 上市公司 / 500-2000人	科大国创
43	文案编辑	建邺区	16:55发布	4k-6k	4k-6k 经验1年以下 / 不限	编辑 内容	“五险一金,节日福利,带薪年假,年底双薪”	移动互联网 / 未融资 / 50-150人	小小志传媒
44	产品经理	玄武区	10:27发布	8k-16k	8k-16k 经验不限 / 本科	教育 移动互联网 用户研究 产品设计 原型设计	“团队棒,个人成长快”	移动互联网,教育 / B轮 / 150-500人	扇贝
45	市场专员	玄武区	10:27发布	8k-16k	8k-16k 经验不限 / 不限	教育 移动互联网 市场 营销 市场推广 活动策划	“个人成长快,团队棒”	移动互联网,教育 / B轮 / 150-500人	扇贝
46	产品经理	安德门	09:30发布	10k-20k	10k-20k 经验1-3年 / 本科	需求分析 竞品分析 项目管理 产品设计	“良好的施展、发展平台 优厚的薪资待遇”	移动互联网,电商 / 未融资 / 50-150人	辰阔网络
47	高级产品经理	雨花台区	09:31发布	20k-30k	20k-30k 经验5-10年 / 本科	部门管理	“核心业务部门，自研项目；团队配置完整。”	移动互联网 / 天使轮 / 500-2000人	司法云平台
48	信贷专员	珠江路	08:59发布	10k-20k	10k-20k 经验不限 / 大专	投资/融资 销售 信贷	“五险一金、节日福利、生日福利、免费年检”	金融 / 不需要融资 / 2000人以上	南京大地信息
49	客户经理	建邺区	12:19发布	6k-10k	6k-10k 经验不限 / 大专	售前支持 销售 大客户销售 电话销售	“综合薪资高，五险一金，每个季度都有调薪机”	金融 / 上市公司 / 500-2000人	平安普惠
50	电商运营主管	玄武区	11:42发布	7k-12k	7k-12k 经验1-3年 / 大专	电商 天猫运营 苏宁运营	“五险一金，上下班不打卡”	电商 / 不需要融资 / 150-500人	新七天
51	java开发工程师	秦淮区	09:28发布	10k-15k	10k-15k 经验1-3年 / 大专	大数据 通信/网络设备 Java 软件开发 小程序 APP	“待遇依据个人能力”	通讯电子,硬件 / 未融资 / 15-50人	高精地基导航授时南京研究院有限公司
52	销售运营	建邺区	04:13发布	9k-16k	9k-16k 经验3-5年 / 本科	运营	“六险一金,餐补”	文娱丨内容 / D轮及以上 / 2000人以上	字节跳动
53	产品运营专员	安德门	09:32发布	5k-8k	5k-8k 经验在校/应届 / 本科	产品运营	“五险一金,周末双休,定期体检,年终奖”	移动互联网 / B轮 / 150-500人	南京擎盾
54	产品实习	奥体	08:24发布	4k-5k	4k-5k 经验在校/应届 / 本科	SaaS	“年终奖 旅游”	移动互联网,社交 / 天使轮 / 15-50人	南京弟齐信息技术有限公司
55	项目执行/客户执行/媒介执行/广告执行AE	双龙大道	09:13发布	5k-7k	5k-7k 经验1-3年 / 大专	广告营销 AE 广告执行	“五险一金 双休 下午茶”	移动互联网 / 上市公司 / 150-500人	蔚蓝云创
56	产品经理	江宁区	10:10发布	15k-25k	15k-25k 经验5-10年 / 本科	其他 策划 AXURE VISIO	“五险一金,餐饮补贴,年终奖金”	其他 / 不需要融资 / 15-50人	51JOB-南京山猫齐动信息技术有限公司
57	后端软件工程师	中华门	00:46发布	10k-15k	10k-15k 经验不限 / 本科	带薪年假 领导好 定期体检 五险一金	“双休、五险一金、成长空间、良好团队氛围”	移动互联网,数据服务 / 天使轮 / 15-50人	讯之智
58	内容运营（小红书方向）	浦口区	09:00发布	5k-10k	5k-10k 经验1-3年 / 大专	其他 kol、小红书	“包住宿,绩效奖金,专业培训”	其他 / 不需要融资 / 150-500人	51JOB-南京名妆堂网络科技有限公司
59	产品经理/高级产品经理	仙林	2天前发布	12k-24k	12k-24k 经验3-5年 / 本科	电商 移动互联网 产品策划 需求分析 竞品分析 产品设计	“平台广阔，发展稳定”	电商,金融 / 上市公司 / 2000人以上	苏宁金融
60	产品经理	雨花台区	2天前发布	6k-9k	6k-9k 经验1-3年 / 大专	数据分析 产品设计 产品策划 需求分析	“扁平管理，工作环境好”	移动互联网,电商 / 天使轮 / 50-150人	商禾信息科技有限公司
61	运营顾问（南京）	秦淮区	3天前发布	15k-20k	15k-20k 经验3-5年 / 本科	本地生活 餐饮 运营 会员体系 商家运营 小程序	“发展空间大 带薪年假 带薪病假”	企业服务 / 上市公司 / 2000人以上	微盟
62	销售经理	珠江路	3天前发布	10k-20k	10k-20k 经验不限 / 大专	银行 互联网金融	“五险一金、节日福利、生日福利、每月团建”	金融 / 不需要融资 / 2000人以上	南京大地信息
63	高级产品经理	雨花台区	3天前发布	14k-18k	14k-18k 经验5-10年 / 大专	电商 企业服务 数据分析 to B	“明确的晋升通道、团队分为你超级nice~”	电商 / A轮 / 50-150人	斑马软件
64	安全策略高级工程师（南京）	玄武区	2020-12-24	15k-25k	15k-25k 经验3-5年 / 本科	医疗健康 云计算 MySQL 业务运维 系统安全运维 安全运维	“发展前景好、绩效奖金、弹性工作、带薪年假”	医疗丨健康,人工智能 / C轮 / 50-150人	九峰医疗
65	后端开发工程师（财务项目）	鼓楼区	2020-12-24	18k-30k	18k-30k 经验1-3年 / 本科	Java 后端 数据库 财务项目	“福利好、团队棒、技术氛围浓厚”	移动互联网 / 不需要融资 / 50-150人	思目创意
66	客户经理（医美）	珠江路	2020-12-23	8k-16k	8k-16k 经验不限 / 大专	BD 销售	“精英团队,高速发展”	金融 / 不需要融资 / 500-2000人	GeexFinance
67	BI工程师	浦口区	2020-12-24	7k-12k	7k-12k 经验在校/应届 / 本科	开发 测试	“五险一金、健康体检、带薪假期”	金融 / 上市公司 / 2000人以上	安硕信息（amarsoft）
68	京东运营	栖霞区	2020-12-23	10k-15k	10k-15k 经验不限 / 本科	电商 运营	“六险一金、带薪年假、奖金激励”	移动互联网,电商 / 不需要融资 / 50-150人	南京合斯满网络科技有限公司
69	信息安全高级咨询顾问（南京）	秦淮区	2020-12-23	18k-25k	18k-25k 经验5-10年 / 本科	信息安全 咨询顾问 等级保护、风险	“五险一金 带薪年假 国内外旅游”	信息安全,数据服务 / 上市公司 / 500-2000人	安恒信息
70	新媒体编辑	栖霞区	2020-12-24	3k-6k	3k-6k 经验不限 / 本科	编辑 网站编辑	“五险一金,弹性工作,环境舒适,节日福利”	教育 / 天使轮 / 15-50人	课窝
71	淘宝客运营	建邺区	2020-12-24	4k-6k	4k-6k 经验在校/应届 / 大专	社交 移动互联网 运营 微信运营 用户运营 电商运营	“发展空间，福利待遇”	移动互联网,社交 / 未融资 / 15-50人	南京加牛物联科技有限公司
72	大数据产品经理	新街口	3天前发布	11k-16k	11k-16k 经验1-3年 / 本科	数据分析 SaaS BI 后台产品	“学习机会多，午餐补贴，餐后水果，节假福利”	医疗丨健康,消费生活 / 上市公司 / 500-2000人	育儿网
73	产品经理	新街口	3天前发布	10k-15k	10k-15k 经验1-3年 / 本科	企业服务 Visio Axure B端产品 SaaS	“六险一金、午餐补贴、交通便利、技术氛围浓厚”	医疗丨健康,消费生活 / 上市公司 / 500-2000人	育儿网
74	微信公众号编辑	建邺区	3天前发布	5k-8k	5k-8k 经验不限 / 本科	微信公众号 内容编辑	“爆文奖励多多，员工福利多多，成就感”	文娱丨内容 / 未融资 / 150-500人	初晨文化传媒
75	用户运营	建邺区	2020-12-21	10k-20k	10k-20k 经验3-5年 / 本科	电商 运营 用户增长 用户留存	“六险一金 周末双休 氛围好”	硬件 / 上市公司 / 2000人以上	小米集团
76	流量运营经理	雨花台区	2020-12-23	5k-7k	5k-7k 经验1-3年 / 大专	旅游 OTA 社群运营 OTA运营	“双休，五险一金，独角兽企业”	电商,消费生活 / D轮及以上 / 500-2000人	要出发
77	高级数据运营-南京(J13206)	新街口	2020-12-21	10k-15k	10k-15k 经验3-5年 / 本科	移动互联网 数据分析	“独角兽企业，平台好，发展空间大，薪酬优厚”	移动互联网,硬件 / D轮及以上 / 2000人以上	哈啰出行
78	新媒体运营	玄武区	2020-12-23	6k-11k	6k-11k 经验3-5年 / 本科	媒体 移动互联网 内容审核 产品运营 内容运营 用户运营	“用实力说话”	教育、软件开发 / A轮 / 15-50人	授易教育
79	java开发工程师	建邺区	2020-12-24	10k-20k	10k-20k 经验3-5年 / 本科	Java	“平台”	其他 / 不需要融资 / 2000人以上	雨润集团
80	新媒体运营专员	雨花台区	2020-12-24	7k-9k	7k-9k 经验1-3年 / 本科	工具软件 用户增长 活动策划 用户留存 网络推广	“发展前景佳”	移动互联网,数据服务 / 未融资 / 15-50人	中堃数据
81	游戏运营主管	长白街	2020-12-23	6k-12k	6k-12k 经验1-3年 / 本科	网站推广 游戏运营	“扁平化管理、丰富的福利、晋升空间”	游戏 / 未融资 / 50-150人	南京红豆
82	全栈工程师	建邺区	2020-12-24	18k-25k	18k-25k 经验3-5年 / 本科	Python Golang Java	“环境好、沟通氛围好、年终奖”	信息安全 / 上市公司 / 2000人以上	360
83	视频审核经理（南京）	建邺区	2020-12-23	10k-20k	10k-20k 经验3-5年 / 本科	信息安全 内容审核	“发展前景好 工作环境好 五险一金 弹性工作”	移动互联网,文娱丨内容 / 上市公司 / 2000人以上	哔哩哔哩
84	python开发工程师	浦口区	2020-12-22	7k-12k	7k-12k 经验3-5年 / 大专	Django flask mysql	“五险一金 年终奖金 定期体检 团建旅游”	其他 / 不需要融资 / 50-150人	江苏艾康
85	大数据开发工程师	雨花台区	2020-12-24	15k-25k	15k-25k 经验3-5年 / 本科	Hadoop Spark Hive hbase	“五险一金 定期体检”	软件开发,物联网 / 不需要融资 / 50-150人	徐工信息
86	数据分析（广告优化） (MJ002029)	安德门	2020-12-18	5k-8k	5k-8k 经验1-3年 / 本科	数据分析	“SHEIN-快时尚跨境电子商务”	电商,移动互联网 / C轮 / 2000人以上	SHEIN
87	资深数据分析工程师	小行	2020-12-04	25k-35k	25k-35k 经验5-10年 / 本科	Python 数据挖掘 数仓建模 MySQL	“技术牛人，晋升空间大”	移动互联网 / D轮及以上 / 2000人以上	满帮集团
88	数据分析师NJ	建邺区	2020-09-15	4k-6k	4k-6k 经验1-3年 / 本科	行业研究 证券产品 基金产品 分析师	“互联网工作氛围、高薪、上升空间大”	金融 / 不需要融资 / 500-2000人	通联数据
89	招聘高级专家	雨花台区	13:47发布	14k-22k	14k-22k 经验5-10年 / 本科	招聘	“nice团队”	移动互联网 / D轮及以上 / 2000人以上	满帮集团
90	销售经理	建邺区	04:08发布	15k-30k	15k-30k 经验3-5年 / 本科	商务拓展 BD	“六险一金，弹性工作，带薪休假，扁平管理”	文娱丨内容 / D轮及以上 / 2000人以上	字节跳动
91	数据运营	建邺区	04:17发布	7k-14k	7k-14k 经验3-5年 / 本科	运营	“团队氛围好,晋升空间大,扁平管理”	文娱丨内容 / D轮及以上 / 2000人以上	字节跳动
92	运营实习生	雨花台区	2020-12-24	3k-4k	3k-4k 经验在校/应届 / 本科	运营	“福利待遇优厚、办公环境佳、成长发展空间大”	移动互联网,数据服务 / 未融资 / 15-50人	中堃数据
93	大数据解决方案工程师	奥体	2020-10-19	10k-20k	10k-20k 经验3-5年 / 本科	云计算 大数据 Hive Spark 数据架构	“周末双休，年终奖金，五险一金，弹性工作”	移动互联网,数据服务 / 上市公司 / 500-2000人	初灵信息
94	产品经理	宁南	2020-12-18	14k-25k	14k-25k 经验1-3年 / 本科	需求分析 数据分析	“大公司，大平台，重点项目”	企业服务,软件开发 / 上市公司 / 2000人以上	法本信息
95	市场专员	秦淮区	2020-12-23	8k-15k	8k-15k 经验1-3年 / 本科	市场 营销 代理商 渠道	“14薪、季度旅游、年度体检、愉快的氛围、补充险”	人工智能,物联网 / B轮 / 50-150人	清云智飞
96	大数据开发工程师	奥体	2020-10-19	10k-20k	10k-20k 经验1-3年 / 本科	大数据 通信/网络设备 Hadoop Java	“周末双休,年终奖金,五险一金,弹性工作”	移动互联网,数据服务 / 上市公司 / 500-2000人	初灵信息
97	产品经理	宁南	2020-12-21	9k-15k	9k-15k 经验1-3年 / 大专	企业服务 移动互联网 需求分析 企业软件 供应链 Axure	“五险一金,带薪年假,节日福利”	移动互联网,电商 / 不需要融资 / 150-500人	南京百氪汇信息网络有限公司
98	工程招采	鼓楼区	2020-12-14	10k-15k	10k-15k 经验5-10年 / 本科	工程采购 供应商管理 成本控制	“公司氛围好 发展空间大”	电商,消费生活 / 上市公司 / 2000人以上	京东五星电器
99	市场招采	三牌楼	2020-12-14	10k-15k	10k-15k 经验5-10年 / 本科	新零售 招标 采购 供应商管理	“公司氛围好 发展空间大”	电商,消费生活 / 上市公司 / 2000人以上	京东五星电器
100	市场渠道-商业化运营	玄武区	2020-12-16	7k-12k	7k-12k 经验3-5年 / 大专	商务拓展 渠道推广 市场调研 活动	“发展空间大 领导好”	旅游 / 上市公司 / 2000人以上	同程旅行
101	电商运营	栖霞区	2020-12-16	6k-12k	6k-12k 经验3-5年 / 本科	电商	“全额五险一金 带薪年假”	移动互联网,消费生活 / D轮及以上 / 150-500人	出门问问
102	软件实施(J17570)	鼓楼区	2020-12-21	4k-6k	4k-6k 经验在校/应届 / 本科	售后 售前 技术支持 实施	“师徒制、超长年假、透明晋升”	数据服务 / 不需要融资 / 50-150人	华铖亿宏
103	项目实施工程师	雨花台区	2020-12-24	8k-10k	8k-10k 经验1-3年 / 本科	实施 数据库 ERP Python	“年度调薪、丰厚项目奖”	软件开发 / 未融资 / 少于15人	跃路科技
104	大数据工程师	江东	2020-12-18	20k-30k	20k-30k 经验5-10年 / 本科	大数据	“福利齐全”	移动互联网,教育 / 不需要融资 / 150-500人	联创信息
105	高级python开发工程师	浦口区	2020-12-08	11k-18k	11k-18k 经验3-5年 / 本科	水治理 数据库 机器学习 BI 物联网	“早九晚六 自由 友爱”	企业服务,数据服务 / 天使轮 / 少于15人	数翰网络
106	解决方案专家（运营商）	江东	2020-12-17	22k-35k	22k-35k 经验3-5年 / 本科	中台 运营商 解决方案	“福利齐全”	移动互联网,教育 / 不需要融资 / 150-500人	联创信息
107	互联网产品经理（海外应用商店）	雨花台区	2020-12-16	25k-50k	25k-50k 经验5-10年 / 本科	产品策划 项目管理 用户增长 竞品分析	“发展前景”	硬件 / 不需要融资 / 2000人以上	vivo
108	数据开发工程师	雨花台区	2020-12-21	6k-8k	6k-8k 经验在校/应届 / 大专	云计算 数据挖掘 数据分析	“六险一金，年度旅游体检，补助，带薪培训”	移动互联网,企业服务 / B轮 / 150-500人	博云
109	互联网运营经理-直播运营(007926)	雨花台区	2020-12-03	25k-50k	25k-50k 经验3-5年 / 本科	直播	“弹性工作,股票期权,千万级用户,高并发”	硬件 / 不需要融资 / 2000人以上	vivo
110	数据开发工程师	雨花台区	2020-12-11	8k-14k	8k-14k 经验1-3年 / 本科	ETL MySQL Oracle 数据挖掘	“周末双休，五险一金，年终奖金，年度体检”	数据服务,软件开发 / 不需要融资 / 150-500人	佰聆数据
111	售后客服	开发区	2020-11-19	10k-12k	10k-12k 经验1-3年 / 本科	工具软件 售后 客服 客服管理	“自研，偶尔加班,双休,六险一金”	企业服务,广告营销 / A轮 / 50-150人	Linkflow
112	产品客户支持	雨花台区	2020-12-14	4k-8k	4k-8k 经验1年以下 / 本科	旅游 移动互联网 客服	“人性化管理,年轻团队,豪华团建,高福利”	移动互联网,信息安全 / 不需要融资 / 15-50人	道成科技
113	产品运营	雨花台区	2020-12-11	5k-8k	5k-8k 经验3-5年 / 本科	庭审直播 运营 转化变现 活动策划 用户留存	“发展前景好”	移动互联网 / 天使轮 / 500-2000人	司法云平台
114	产品经理	玄武区	2020-12-22	15k-30k	15k-30k 经验5-10年 / 本科	互联网金融 大数据	“对的团队，对的人；砥砺前行，共同经营；”	金融,消费生活 / 未融资 / 500-2000人	苏宁金服
115	Java开发（保险银行）-[201599]	栖霞区	2020-12-04	12k-24k	12k-24k 经验1-3年 / 本科	教育 本地生活	“五险一金”	企业服务 / 天使轮 / 少于15人	葡萄调查
116	互联网产品经理	建邺区	2020-12-22	10k-18k	10k-18k 经验3-5年 / 大专	需求分析 产品设计 原型设计 用户研究	“氛围轻松 环境好 领导nice”	企业服务 / 未融资 / 50-150人	零七优服
117	会员产品经理	光华路	2020-11-26	15k-20k	15k-20k 经验3-5年 / 本科	用户研究 流程设计 产品设计	“发展前景好、带薪年假、年轻团队”	移动互联网,电商 / B轮 / 150-500人	贝登医疗
118	产品支持与运营	雨花台区	2020-12-14	4k-8k	4k-8k 经验1-3年 / 本科	移动互联网 用户	“产品支持,产品运营,产品客服”	移动互联网,信息安全 / 不需要融资 / 15-50人	道成科技
119	信息流投放	开发区	2020-12-21	5k-10k	5k-10k 经验1-3年 / 大专	电商 新零售 KOL媒介 公关（PR） 电商广告 媒体投放	“五险一金 带薪年假 带薪病假”	移动互联网,电商 / 不需要融资 / 50-150人	阿奴精油
120	用户运营经理	雨花台区	2020-12-11	8k-15k	8k-15k 经验3-5年 / 本科	医疗健康 运营 用户增长 裂变拉新 转化变现	“福利待遇齐全，公司氛围nice”	移动互联网,医疗丨健康 / 不需要融资 / 50-150人	慧医160
121	产品经理（财税）	雨花台区	2020-12-08	15k-28k	15k-28k 经验5-10年 / 本科	财务 税务	“六险一金、待遇优厚、节日福利”	移动互联网,企业服务 / B轮 / 150-500人	云帐房
122	大数据研发工程师	雨花台区	2020-12-22	15k-25k	15k-25k 经验3-5年 / 本科	Java Hadoop	“五险一金定期体检年终奖带薪年假餐补”	移动互联网,电商 / 上市公司 / 150-500人	徐工信息
123	产品经理	开发区	2020-11-23	9k-15k	9k-15k 经验1-3年 / 本科	电商 企业服务 需求分析 产品设计 SaaS	“发展空间大、工作氛围轻松”	电商 / 不需要融资 / 50-150人	南京木木西里科技有限公司
124	电话销售专员	鼓楼区	2020-12-18	6k-10k	6k-10k 经验不限 / 不限	广告营销 金融 销售 电话销售 地推 信贷	“入职五险一金，新人带薪培训，节假日高温补贴”	金融 / 上市公司 / 500-2000人	平安普惠
125	产品经理	光华路	2020-12-07	9k-14k	9k-14k 经验1-3年 / 不限	云计算 移动互联网 产品设计 产品策划 项目管理 用户研究	“五险一金，综合意外险，节日福利”	数据服务 / 天使轮 / 15-50人	网感至察
126	跨境电商运营总监	玄武区	2020-12-15	20k-40k	20k-40k 经验3-5年 / 本科	C端用户运营 电商运营 跨境电商	“上市公司”	医疗丨健康 / 上市公司 / 2000人以上	鱼跃医疗
127	市场主管	汉中路	2020-12-02	6k-12k	6k-12k 经验3-5年 / 不限	医疗健康 教育 地推 线下拓展 渠道 市场竞争分析	“欢迎投递”	移动互联网 / B轮 / 150-500人	企鹅医生
128	HRBP (MJ002366)	雨花台区	2020-12-15	9k-18k	9k-18k 经验3-5年 / 本科	HRBP 员工关系 绩效考核 薪酬福利	“发展平台 公司氛围 成长空间”	电商,移动互联网 / C轮 / 2000人以上	SHEIN
129	算法工程师	雨花台区	2020-10-13	15k-30k	15k-30k 经验3-5年 / 硕士	Entity Linking	“公司核心研发部，平台大，发展前景好”	企业服务,移动互联网 / 上市公司 / 2000人以上	亚信
130	高级产品经理	新街口	2020-12-06	25k-35k	25k-35k 经验10年以上 / 本科	C端产品	“产品负责人”	教育 / 未融资 / 50-150人	指南者留学
131	互联网业务风控	江宁区	2020-12-22	15k-25k	15k-25k 经验5-10年 / 本科	风控 策略设计	“全额五险一金，周末双休，节日生日福利，餐补”	其他 / 未融资 / 500-2000人	国家电网有限公司客户...
132	行政助理	雨花台区	2020-12-08	5k-7k	5k-7k 经验在校/应届 / 本科	助理 文秘 行政	“科技公司、领域大咖、企业导师、稳定成长”	医疗丨健康,数据服务 / 未融资 / 少于15人	素问智能
133	用户运营	建邺区	2020-12-08	7k-12k	7k-12k 经验1-3年 / 本科	信息安全 用户增长 活动策划 内容运营	“健康体检、全额公积金、补充商业保险、福利年假”	移动互联网 / 不需要融资 / 50-150人	川陀大匠
134	运营专员/运营经理	玄武区	2020-12-03	8k-10k	8k-10k 经验1-3年 / 本科	cps	“集团重点业务线，团队氛围好”	电商 / 上市公司 / 2000人以上	苏宁云商集团互联网平台公司
135	用户运营	开发区	2020-08-21	4k-5k	4k-5k 经验不限 / 大专	运营 用户增长 活动运营	“团队年轻有活力，福利待遇好，公司氛围融洽”	软件开发,区块链 / 未融资 / 50-150人	得票信息
136	猎头顾问	雨花台区	2020-11-16	10k-20k	10k-20k 经验1-3年 / 大专		“绩效奖金”	电商、社交 / 未融资 / 50-150人	上海猎鑫人力
137	电商平台运营	集庆门	2020-12-22	6k-9k	6k-9k 经验1-3年 / 本科	电商 运营 活动策划	“上市公司平台，氛围好，福利佳”	电商,软件开发 / 上市公司 / 150-500人	小旗欧飞
138	PMO	建邺区	2020-11-22	15k-25k	15k-25k 经验5-10年 / 硕士	保险 项目管理 成本管理	“国企，福利，互联网金融转型期”	金融 / 不需要融资 / 2000人以上	紫金保险
139	产品经理	奥体	2020-12-03	15k-25k	15k-25k 经验3-5年 / 本科	用户增长 C端	“发展空间大”	硬件 / 上市公司 / 2000人以上	小米集团
140	化妆品产品助理	江宁区	2020-12-21	4k-8k	4k-8k 经验不限 / 本科	电商 新零售 项目管理 过程管理 需求分析 敏捷	“五险一金 带薪病假 带薪年假”	移动互联网,电商 / 不需要融资 / 15-50人	文众南京
141	K12业务城市经理-南京	鼓楼区	04:32发布	18k-36k	18k-36k 经验3-5年 / 大专	营销 数字营销 社会化营销 整合营销 互相营销	“下午茶,六险一金,团队氛围好,带薪休假”	文娱丨内容 / D轮及以上 / 2000人以上	字节跳动
142	电商BD负责人	建邺区	04:24发布	10k-20k	10k-20k 经验不限 / 本科	销售	“六险一金,团队氛围好,晋升空间大”	文娱丨内容 / D轮及以上 / 2000人以上	字节跳动
143	HRBP	小行	2020-12-23	10k-20k	10k-20k 经验3-5年 / 本科	绩效管理 人才发展	“超级独角兽 大平台大梦想”	移动互联网 / D轮及以上 / 2000人以上	满帮集团
144	HR运营分析专家	小行	2020-12-23	15k-25k	15k-25k 经验5-10年 / 本科	SSC 流程 数据 运营	“超级独角兽 大平台大梦想”	移动互联网 / D轮及以上 / 2000人以上	满帮集团
145	推荐策略产品经理-南京(007636)	雨花台区	2020-12-03	30k-60k	30k-60k 经验3-5年 / 本科	推荐	“奖金丰厚、工作氛围好、发展空间大”	硬件 / 不需要融资 / 2000人以上	vivo
146	产品经理（中后台方向）	月牙湖	2020-12-03	10k-20k	10k-20k 经验3-5年 / 本科	电商 B2B 中台	“独角兽”	硬件 / C轮 / 150-500人	好享家
147	渠道运营经理	建邺区	2020-12-10	11k-20k	11k-20k 经验1-3年 / 本科	渠道	“专业平台”	移动互联网,文娱丨内容 / 不需要融资 / 2000人以上	咪咕
148	产品经理——ERP	月牙湖	2020-12-03	12k-20k	12k-20k 经验3-5年 / 本科	ERP	“商业保险”	硬件 / C轮 / 150-500人	好享家
149	市场专员	玄武区	2020-12-19	5k-10k	5k-10k 经验不限 / 本科	教育 推广 市场 地推	“入职及缴纳五险一金、餐补、节日福利、员工旅游”	教育 / 上市公司 / 500-2000人	南京新东方
150	社群运营专员	秦淮区	2020-12-22	4k-6k	4k-6k 经验1-3年 / 本科	电商 本地生活	“公司猫星遍地随意撸”	移动互联网,电商 / 不需要融资 / 150-500人	广电猫猫
151	资深商品企划（高端女装线） (MJ002413)	安德门	2020-12-03	10k-20k	10k-20k 经验不限 / 本科	跨境电商 企划 女装	“跨境电商 海外市场 女装 快时尚 五险一金”	电商,移动互联网 / C轮 / 2000人以上	SHEIN
152	全栈开发工程师	建邺区	2020-12-08	18k-25k	18k-25k 经验3-5年 / 本科	全栈 Python docker	“发展空间”	信息安全 / 上市公司 / 2000人以上	360
153	西班牙语市场运营 (MJ002627)	安德门	2020-12-07	8k-15k	8k-15k 经验1-3年 / 本科	数据分析 营销策略 跨境电商 西班牙语	“海外市场 西班牙语 发展空间大”	电商,移动互联网 / C轮 / 2000人以上	SHEIN
154	电商运营经理	小行	2020-11-27	12k-20k	12k-20k 经验3-5年 / 本科	电商 天猫运营 淘宝运营 京东运营 品类运营	“产销研一体、自主品牌、全球布局、行业领先”	移动互联网 / 不需要融资 / 500-2000人	精创电气
155	亚马逊运营经理	小行	2020-11-27	12k-20k	12k-20k 经验3-5年 / 本科	电商 智能硬件 运营 跨境电商 亚马逊 shopify	“股票期权、全球布局、高新技术、自由品牌”	移动互联网 / 不需要融资 / 500-2000人	精创电气
156	人力资源经理	溧水区	2020-09-16	12k-20k	12k-20k 经验5-10年 / 本科	快消食品 人力资源规划 部门管理	“五险一金、品类****、业务空间大、待遇丰厚”	电商 / C轮 / 150-500人	大希地
157	HRBP(南京LPC) (MJ007055)	雨花台区	2020-11-26	8k-13k	8k-13k 经验3-5年 / 本科	教育 HRBP	“年底双薪，带薪年假”	工具 / D轮及以上 / 2000人以上	作业帮
158	大数据研发工程师	建邺区	2020-12-07	15k-25k	15k-25k 经验1-3年 / 本科	Hadoop Hive MySQL elasticsearch	“带薪年假 年终奖金 股票期权”	移动互联网,金融 / B轮 / 50-150人	知风科技
159	市场总监	浦口区	2020-12-09	25k-40k	25k-40k 经验3-5年 / 本科	快消品 母婴 数据分析 统筹协调 新媒体运营 市场营销	“宠物药行业”	消费生活,医疗丨健康 / 未融资 / 50-150人	诗迈医药咨询
160	产品总监高级产品经理	建邺区	2020-09-17	14k-18k	14k-18k 经验3-5年 / 大专	产品设计 B端产品 功能产品 后台产品	“弹性工作 超长年假 年度体检 商业意外险”	移动互联网,数据服务 / 未融资 / 15-50人	南大数码
161	天猫运营	鼓楼区	2020-11-06	8k-12k	8k-12k 经验1-3年 / 不限	电商 通信/网络设备 京东运营 品牌运营 电商运营	“五险一金、电信平台、发展空间好，绩效提成”	信息安全,硬件 / 不需要融资 / 500-2000人	中博通信
162	产品经理	建邺区	2020-09-17	10k-15k	10k-15k 经验1-3年 / 本科	需求分析 产品设计 原型设计	“六险一金 午餐补助 免费体检 超长带薪年假”	移动互联网,数据服务 / 未融资 / 15-50人	南大数码
163	产品经理	玄武区	2020-12-12	15k-30k	15k-30k 经验3-5年 / 本科	移动互联网 电商 数据分析 需求分析 产品设计 用户增长	“加入苏宁共创未来”	消费生活,移动互联网 / 上市公司 / 2000人以上	苏宁易购
164	漫画运营	瑞金路	2020-11-04	2k-4k	2k-4k 经验不限 / 不限	内容运营 微博运营 新媒体运营 网络运营	“周末双休,五险一金,朝九晚五,绩效奖金”	文娱丨内容 / 不需要融资 / 50-150人	红薯网
165	内容运营助理	瑞金路	2020-11-04	3k-5k	3k-5k 经验不限 / 不限	微信运营 微博运营 网站运营	“福利佳 氛围好”	文娱丨内容 / 不需要融资 / 50-150人	红薯网
166	编导	建邺区	2020-12-15	6k-10k	6k-10k 经验1-3年 / 本科	编导 短视频	“五险一金、下午茶、生日会”	移动互联网 / 不需要融资 / 150-500人	海洋无限
167	业务运营/销售运营（南京）	新街口	2020-12-10	8k-12k	8k-12k 经验不限 / 大专	物流 新零售 策略运营 数据运营 销售运营 项目运营	“五险一金 试用期全薪”	消费生活 / 上市公司 / 2000人以上	达达集团
168	运营经理	浦口区	2020-08-04	10k-18k	10k-18k 经验5-10年 / 本科	移动互联网 金融 运营 用户运营 产品运营 数据分析	“周末双休、年终奖、定期团建、五险一金”	金融,企业服务 / B轮 / 150-500人	汇承金融
169	运营经理（南京）	秦淮区	2020-11-05	15k-22k	15k-22k 经验1-3年 / 本科	运营	“带薪年假，定期体检”	消费生活 / 上市公司 / 2000人以上	美团
170	财务经理	建邺区	2020-07-06	10k-20k	10k-20k 经验5-10年 / 本科	新零售 房产服务	“集团公司，中国500强企业”	企业服务,教育 / 未融资 / 50-150人	编码王教育
171	软件工程师	雨花台区	2020-12-09	10k-20k	10k-20k 经验不限 / 本科	云计算 Java 全栈 服务器端	“技术成长，云计算”	通讯电子 / 不需要融资 / 2000人以上	华为技术有限公司
172	产品运营专员（司辅事业部）	雨花台区	2020-08-12	6k-8k	6k-8k 经验1-3年 / 大专	政务新媒体	“五险一金 双休 定期体检”	移动互联网 / 天使轮 / 500-2000人	司法云平台
173	互联网产品经理岗	奥体	2020-07-22	10k-15k	10k-15k 经验3-5年 / 硕士	新零售 互联网	“新团队”	金融 / 不需要融资 / 2000人以上	紫金保险
174	BI数据开发工程师（SQL、报表开发）	江宁区	2020-09-21	8k-12k	8k-12k 经验1-3年 / 本科	大数据 Hive ETL 数据仓库 数据分析	“双休，五险一金，带薪年假”	移动互联网,电商 / 未融资 / 15-50人	恒悦信息
175	物流运营/商户运营（南京）	新街口	2020-12-10	6k-10k	6k-10k 经验3-5年 / 大专	物流 电商 商家运营 用户增长 数据分析	“带薪年假 五险一金”	消费生活 / 上市公司 / 2000人以上	达达集团
176	数据产品经理	浦口区	2020-08-11	12k-20k	12k-20k 经验3-5年 / 本科	需求分析 B端产品 供应链 产品设计	“核心岗位、大牛带队、重点项目、年终奖金”	企业服务,金融 / B轮 / 150-500人	同城票据网
177	系统架构师 （含后端开发）	建邺区	2020-10-28	25k-35k	25k-35k 经验5-10年 / 本科	高级技术管理	“各类补贴”	通讯电子,软件开发 / 不需要融资 / 150-500人	嘉晟卓成新能源
178	帆软报表（hive上写SQL）	江宁区	2020-11-25	9k-12k	9k-12k 经验1-3年 / 大专	Hive 帆软	“五险一金 年终奖节假日各种福利”	移动互联网,电商 / 未融资 / 15-50人	恒悦信息
179	pmo项目管理	奥体	2020-07-01	15k-25k	15k-25k 经验5-10年 / 硕士	保险 项目管理 过程管理 PMO PMP	“公司PMO管理”	金融 / 不需要融资 / 2000人以上	紫金保险
180	大数据产品经理	江宁区	2020-11-24	10k-20k	10k-20k 经验1-3年 / 本科	大数据 用户研究 竞品分析 数据分析 产品设计	“六险一金/年底奖金/节假日福利/生日福利”	数据服务,信息安全 / 不需要融资 / 50-150人	晟至互联网
181	急招信贷客户经理	玄武区	2020-12-10	10k-18k	10k-18k 经验1-3年 / 大专	互联网金融 借贷 大客户销售 广告销售 地推	“每年两次透明晋升，提供客户资源，模式自由”	金融 / 不需要融资 / 500-2000人	乾造商务咨询
182	运营主管	开发区	2020-10-11	8k-16k	8k-16k 经验3-5年 / 本科	移动互联网 电商 运营管理	“职位发展空间大”	教育 / 未融资 / 少于15人	千才网络
183	保险理赔经理	鼓楼区	2020-11-11	6k-10k	6k-10k 经验1-3年 / 大专	汽车 保险 理赔	“七险一金 节日礼物 定期体检”	消费生活,移动互联网 / A轮 / 500-2000人	中交兴路
184	平台产品经理	雨花台区	2020-10-20	13k-20k	13k-20k 经验5-10年 / 本科	大数据 项目管理	“五险一金，双休，旅游，体检，节假日福利”	其他 / 未融资 / 150-500人	富仁高科
185	催收算法研发工程师	仙林	2020-11-12	23k-40k	23k-40k 经验5-10年 / 本科	风控 催收 风险分析	“金融科技、团队氛围好、算法研发”	电商,金融 / 上市公司 / 2000人以上	苏宁金融
186	用户运营实习生	玄武区	2020-12-04	2k-4k	2k-4k 经验在校/应届 / 本科	用户增长 用户留存 裂变拉新 转化变现	“地铁周边、可转正、领导nice、成长空间大”	教育,移动互联网 / A轮 / 150-500人	赛诚
187	互联网运营	建邺区	2020-12-04	10k-15k	10k-15k 经验3-5年 / 本科	电商 运营 内容运营	“世界五百强”	房产家居,其他 / 不需要融资 / 2000人以上	房地产
188	市场推广	浦口区	2020-08-24	10k-20k	10k-20k 经验1-3年 / 不限	地推 线下推广 市场拓展 市场开发	“时间自由，工作自由，外地旅游”	其他 / 未融资 / 50-150人	丘野环境
189	产品经理	建邺区	2020-12-01	10k-15k	10k-15k 经验3-5年 / 本科	电商 移动互联网 产品设计 产品策划 需求分析	“五险一金 周末双休 加班福利”	移动互联网 / 天使轮 / 50-150人	聚目堂
190	大区经理	开发区	2020-10-27	10k-15k	10k-15k 经验3-5年 / 本科	医疗健康 信息安全 部门管理 团队建设 目标管理 大客户代表	“医疗信息朝阳产业、前景可观，福利待遇丰厚”	硬件 / 未融资 / 50-150人	江苏猫度云科医疗科技有限公司
191	社群运营主管/经理	建邺区	2020-07-30	8k-15k	8k-15k 经验3-5年 / 本科	电商 新零售 网络推广 裂变拉新 品牌运营 社区运营	“节日福利、定期调薪、带薪年假”	移动互联网 / 未融资 / 50-150人	瀚承科技
192	信息流广告优化师	建邺区	04:08发布	8k-16k	8k-16k 经验1-3年 / 本科	广告	“六险一金,餐补,租房补贴,带薪休假”	文娱丨内容 / D轮及以上 / 2000人以上	字节跳动
193	教服质检（南京）	鼓楼区	04:34发布	7k-14k	7k-14k 经验1-3年 / 本科	运营	“健身瑜伽,六险一金,团队氛围好”	文娱丨内容 / D轮及以上 / 2000人以上	字节跳动
194	活动运营	小行	2020-12-15	10k-20k	10k-20k 经验3-5年 / 本科	电商	“发展前景”	移动互联网 / D轮及以上 / 2000人以上	满帮集团
195	大数据工程师	小行	2020-12-15	10k-20k	10k-20k 经验1-3年 / 本科	大数据 ETL 数据仓库	“发展前景”	移动互联网 / D轮及以上 / 2000人以上	满帮集团
196	葡萄牙语市场运营 (MJ002626)	安德门	2020-12-07	8k-15k	8k-15k 经验1-3年 / 本科	跨境电商 快时尚 海外市场 数据分析 营销策略 葡萄牙语	“发展空间大 海外市场 葡萄牙语”	电商,移动互联网 / C轮 / 2000人以上	SHEIN
197	大数据开发（业务安全方向） (MJ002760)	安德门	2020-12-09	12k-24k	12k-24k 经验3-5年 / 本科	信息安全 大数据 数据仓库	“大牛带队 弹性工时 发展前景好”	电商,移动互联网 / C轮 / 2000人以上	SHEIN
198	app运营	浦口区	2020-09-25	6k-10k	6k-10k 经验1-3年 / 本科	用户留存 用户增长 裂变拉新 转化变现	“周末双休”	数据服务,软件开发 / 未融资 / 15-50人	伍牛科技
199	产品经理	玄武区	2020-12-14	15k-30k	15k-30k 经验5-10年 / 本科	电商 金融	“大平台，海量用户”	电商,金融 / 上市公司 / 2000人以上	苏宁金融
200	产品经理-ERP项目经验	月牙湖	2020-11-16	12k-20k	12k-20k 经验1-3年 / 本科	ERP 财务背景 金融背景	“独角兽”	硬件 / C轮 / 150-500人	好享家
201	产品经理/高级产品经理	玄武区	2020-11-16	15k-20k	15k-20k 经验3-5年 / 本科	新零售 移动互联网 用户增长 B端产品 C端产品	“一个可以展示你才华的舞台”	消费生活,移动互联网 / 上市公司 / 2000人以上	苏宁易购
202	软件产品经理	雨花台区	2020-12-09	15k-25k	15k-25k 经验5-10年 / 本科	竞品分析 产品设计 原型设计 结构设计	“五险一金，带薪年假，定期体检，年底双薪”	信息安全,移动互联网 / 不需要融资 / 50-150人	南京慧智灵杰
203	大数据开发工程师	江宁区	2020-12-10	15k-25k	15k-25k 经验3-5年 / 本科	Flink 数仓架构 数据仓库 Python	“发展空间”	其他 / A轮 / 15-50人	智杰物联
204	产品经理	安德门	2020-09-11	7k-13k	7k-13k 经验1-3年 / 大专	产品设计 需求分析 交互设计 项目管理	“双休,节日福利,五险一金”	移动互联网 / 未融资 / 50-150人	南京荣创
205	天猫/京东运营助理	栖霞区	2020-10-12	5k-10k	5k-10k 经验1-3年 / 大专	电商 运营推广	“提供能力展示平台，突破瓶颈，实现自我！”	电商 / 不需要融资 / 50-150人	快乐一族宠物
206	数据产品经理	玄武区	2020-10-22	15k-30k	15k-30k 经验3-5年 / 本科	电商 大数据 产品设计 产品策划 竞品分析 数据分析	“数据线产品经理”	消费生活,移动互联网 / 上市公司 / 2000人以上	苏宁易购
207	数据标注	栖霞区	2020-12-16	3k-5k	3k-5k 经验不限 / 不限	数据标注	“大牛带队”	人工智能 / A轮 / 150-500人	图灵深视
208	产品经理	江浦	2020-11-27	10k-15k	10k-15k 经验1-3年 / 本科	移动互联网 原型设计 产品设计 Axure	“产品经理”	移动互联网,信息安全 / 不需要融资 / 15-50人	舒克云
209	数据仓库开发工程师	应天西路	2020-11-08	15k-25k	15k-25k 经验3-5年 / 本科	大数据 新零售 Hadoop 数据仓库 Hive ETL	“五险一金，转正后享受内购和健身福利”	其他 / 不需要融资 / 150-500人	金鹰国际
210	大数据研发工程师	秦淮区	2020-08-11	15k-20k	15k-20k 经验3-5年 / 本科	Hadoop MySQL 数据架构 Linux	“五险一金、节日福利、双休、年假……”	移动互联网,信息安全 / C轮 / 150-500人	普旭
211	产品经理	珠江路	2020-11-06	15k-25k	15k-25k 经验5-10年 / 本科	竞品分析 数据分析 产品设计 原型设计	“周末双休,五险一金,员工福利,出国机会”	教育 / 未融资 / 50-150人	指南者教育
212	架构师 工业互联网	秦淮区	2020-07-31	15k-30k	15k-30k 经验3-5年 / 本科	大数据 云计算	“双休 五险一金”	教育,人工智能 / 未融资 / 50-150人	国基北盛
213	广告优化师（FB/INS等）	玄武区	2020-09-30	7k-14k	7k-14k 经验不限 / 本科	视频广告 广告策划 品牌传播/推广	“年轻化氛围好、福利优”	移动互联网 / 未融资 / 50-150人	南京焕思
214	数据开发工程师（BI方向/Java后端）	开发区	2020-07-01	13k-16k	13k-16k 经验5-10年 / 本科	数据分析 Java	“五险一金”	房产家居,软件开发 / 不需要融资 / 500-2000人	景枫集团
215	城市/司机管理（经理/专家）-南京	鼓楼区	2020-07-10	9k-16k	9k-16k 经验1-3年 / 本科	城市管理 数据分析	“弹性工作、发展空间大、五险一金”	汽车丨出行 / 不需要融资 / 2000人以上	滴滴
216	O2O销售顾问	玄武区	2020-11-11	7k-14k	7k-14k 经验在校/应届 / 大专	销售 BD 大客户销售 软件销售	“五险一金、下午茶、生日会、团建活动”	移动互联网,消费生活 / C轮 / 500-2000人	客如云
217	贷款顾问	玄武区	2020-12-10	8k-16k	8k-16k 经验1-3年 / 大专	银行 互联网金融 销售 客户代表	“提供客户资源工作模式自由，国企单位不加班”	金融 / 不需要融资 / 500-2000人	乾造商务咨询
218	阿里巴巴国际站跨境电商运营专员	鼓楼区	2020-11-25	8k-10k	8k-10k 经验1-3年 / 本科	电商 移动互联网 网站运营 跨境电商 数据分析 海外运营	“好的运营是电商的灵魂。”	电商 / 不需要融资 / 15-50人	南京南纺诺斯菲尔德商贸有限公司
219	电商运营-鲁班方向	建邺区	04:19发布	16k-32k	16k-32k 经验不限 / 本科	运营	“六险一金,晋升空间大,扁平管理”	文娱丨内容 / D轮及以上 / 2000人以上	字节跳动
220	电商运营-电商引流方向	建邺区	04:19发布	16k-32k	16k-32k 经验不限 / 本科	运营	“六险一金,晋升空间大,扁平管理”	文娱丨内容 / D轮及以上 / 2000人以上	字节跳动
221	活动运营专员	小行	2020-11-19	12k-24k	12k-24k 经验3-5年 / 本科	物流 用户增长 用户留存 裂变拉新	“快速发展，前景可观”	移动互联网 / D轮及以上 / 2000人以上	满帮集团
222	用户运营	小行	2020-11-19	12k-24k	12k-24k 经验3-5年 / 本科	物流 运营 裂变拉新 用户增长 用户留存	“快速发展，前景可观”	移动互联网 / D轮及以上 / 2000人以上	满帮集团
223	前台产品经理（商城选购方向） (MJ002010)	安德门	2020-11-30	10k-15k	10k-15k 经验3-5年 / 本科	电商 跨境电商 推荐 搜索 C端产品	“带薪年假 绩效奖金 晋升空间 福利多多”	电商,移动互联网 / C轮 / 2000人以上	SHEIN
224	品类运营（企划） (MJ001862)	安德门	2020-12-03	8k-15k	8k-15k 经验1-3年 / 本科	品类运营 数据分析 海外运营 跨境电商	“跨境电商 海外市场 五险一金 绩效奖金”	电商,移动互联网 / C轮 / 2000人以上	SHEIN
225	数据开发工程师	玄武区	2020-09-17	15k-22k	15k-22k 经验5-10年 / 本科	数仓工程师 Spark Hive 数据库开发	“大数据”	消费生活,移动互联网 / 上市公司 / 2000人以上	苏宁易购
226	互联网产品经理	鼓楼区	2020-10-17	15k-25k	15k-25k 经验10年以上 / 本科	电商 本地生活	“大平台”	电商,旅游 / 不需要融资 / 50-150人	联创汇金
227	电商运营	江东	2020-09-18	7k-14k	7k-14k 经验3-5年 / 不限	电商 裂变拉新 转化变现 网络推广 数据分析	“双休”	电商 / 未融资 / 少于15人	lomin
228	产品经理	江宁区	2020-09-07	10k-15k	10k-15k 经验1-3年 / 本科	B端产品 信息系统 圆形设计	“双休六险一金，发展空间大，福利待遇佳”	硬件 / 上市公司 / 500-2000人	南思科技
229	java开发工程师	玄武区	2020-09-17	16k-25k	16k-25k 经验3-5年 / 本科	AI Java Hadoop	“AI\\高并发\\海量数据挖掘”	消费生活,移动互联网 / 上市公司 / 2000人以上	苏宁易购
230	新媒体内容运营（双休/13薪）	建邺区	2020-11-13	6k-7k	6k-7k 经验1-3年 / 大专	内容运营 数据分析 新媒体运营 视频脚本	“内容运营 文案策划 视频脚本”	企业服务 / 未融资 / 50-150人	零七优服
231	销售经理	玄武区	2020-11-24	10k-15k	10k-15k 经验1-3年 / 大专	区域销售 销售代表 地推	“流水30%提成，全行业最高提成”	物联网 / 未融资 / 2000人以上	海南掌上能量传媒有限公司
232	SEM高级竞价专员	玄武区	2020-10-12	8k-12k	8k-12k 经验5-10年 / 本科	医疗健康 教育 SEM	“客户类型丰富”	企业服务,广告营销 / 不需要融资 / 少于15人	云齐邦网络
233	客户执行ae	建邺区	2020-11-24	4k-6k	4k-6k 经验不限 / 不限	广告营销 本地生活 执行 顾问 广告协调 市场顾问	“弹性工作、项目奖金、五险一金”	广告营销 / 未融资 / 少于15人	天晟云创
234	新媒体运营	建邺区	2020-07-07	6k-8k	6k-8k 经验3-5年 / 本科	广告营销 媒体 线下拓展 内容运营 品牌运营	“不会限制你的想象力”	企业服务 移动互联网 / 不需要融资 / 150-500人	绿魔商业管理
235	呼叫中心总监	雨花台区	2020-08-10	8k-14k	8k-14k 经验1-3年 / 本科	部门管理 市场管理	“无需陌call陌拜，科技赋能，智能获客”	消费生活 / B轮 / 15-50人	猎居
236	海外媒体广告运营	玄武区	2020-09-30	6k-12k	6k-12k 经验不限 / 本科	广告营销 内容运营 用户运营 网站运营 海外运营	“团队融洽、环境好、待遇优厚”	移动互联网 / 未融资 / 50-150人	南京焕思
237	运营经理/总监	玄武区	2020-08-06	8k-12k	8k-12k 经验不限 / 本科	产品运营 用户运营	“发展空间大”	教育 / 不需要融资 / 50-150人	指南者教育
238	数据报表开发工程师	岔路口	2020-09-09	9k-14k	9k-14k 经验1-3年 / 本科	体育 数据仓库 Hadoop MySQL SQLServer	“自研项目、行业前景好、团队氛围赞”	移动互联网,企业服务 / A轮 / 50-150人	Wishare
239	主播	建邺区	2020-12-01	8k-15k	8k-15k 经验1-3年 / 不限	电商 新零售 直播带货 产品讲解	“五险一金 周末双休 加班福利”	移动互联网 / 天使轮 / 50-150人	聚目堂
240	ETL 中级开发工程师	雨花台区	2020-08-13	10k-15k	10k-15k 经验1-3年 / 不限	数据仓库 ETL	“我们有很好的团队可以一起共同进步”	移动互联网,企业服务 / 天使轮 / 50-150人	银平科技
241	项目实施工程师	雨花台区	2020-12-03	8k-12k	8k-12k 经验1-3年 / 本科	工具软件 实施 数据库 Java SQL	“技术价值、解决方案”	软件开发 / 未融资 / 少于15人	跃路科技
242	广告算法工程师	建邺区	04:06发布	20k-30k	20k-30k 经验3-5年 / 本科	算法	“六险一金，弹性工作，免费三餐，租房补贴”	文娱丨内容 / D轮及以上 / 2000人以上	字节跳动
243	招聘专员	江宁区	04:26发布	5k-10k	5k-10k 经验1-3年 / 本科	人事 招聘 员工关系 薪酬福利 HRBP	“六险一金,团队氛围好,晋升空间大,餐补”	文娱丨内容 / D轮及以上 / 2000人以上	字节跳动
244	联盟多渠道 (MJ002650)	安德门	2020-12-18	5k-8k	5k-8k 经验不限 / 本科	渠道 市场	“发展空间大 周末双休 绩效奖金”	电商,移动互联网 / C轮 / 2000人以上	SHEIN
245	电商用户运营（英语） (MJ002537)	安德门	2020-11-30	6k-8k	6k-8k 经验不限 / 本科	电商 用户运营 活动运营 跨境电商	“带薪年假 绩效奖金 晋升空间 福利多多”	电商,移动互联网 / C轮 / 2000人以上	SHEIN
246	高级产品经理	雨花台区	2020-11-09	15k-30k	15k-30k 经验3-5年 / 本科	物流 移动互联网 产品设计 物流产品 移动产品/APP	“满帮集团欢迎您的加入”	移动互联网 / D轮及以上 / 2000人以上	满帮集团
247	高级产品经理	玄武区	2020-09-29	18k-32k	18k-32k 经验5-10年 / 本科	电商 产品策划 用户研究 用户增长 移动产品/APP	“用户增长，会员营销”	消费生活,移动互联网 / 上市公司 / 2000人以上	苏宁易购
248	高级产品经理	玄武区	2020-11-02	15k-25k	15k-25k 经验1-3年 / 本科	电商 产品策划 项目管理 产品设计 原型设计	“独立负责整个产品”	消费生活,移动互联网 / 上市公司 / 2000人以上	苏宁易购
249	共享充电宝BD	玄武区	2020-07-28	7k-12k	7k-12k 经验不限 / 大专	移动互联网 共享充电宝 销售 BD 地推 市场拓展	“五险一金，带薪休假，月薪过万，晋升空间”	移动互联网 / B轮 / 500-2000人	怪兽充电
250	运营助理	江宁区	2020-07-23	4k-6k	4k-6k 经验在校/应届 / 本科	企业服务 移动互联网 商家运营 内容运营 裂变拉新	“创业公司，保障不少 成长迅速，CEO直聘”	消费生活,数据服务 / 未融资 / 少于15人	栗透科技
251	南京高薪BD最后十天	江宁区	2020-09-30	8k-12k	8k-12k 经验不限 / 不限	招聘 本地生活 市场	“先苦后甜”	数据服务 / 未融资 / 500-2000人	苏州佰欧
252	客户服务经理	雨花台区	2020-09-21	6k-8k	6k-8k 经验1-3年 / 大专	书记员 法院	“五险一金 双休 定期体检 环境优美”	移动互联网 / 天使轮 / 500-2000人	司法云平台
253	安全算法工程师	玄武区	2020-08-18	16k-25k	16k-25k 经验1-3年 / 本科	电商 信息安全 深度学习 自然语言处理 Python Embedding	“五险一金、职业发展、餐补、通讯补贴”	电商,信息安全 / 上市公司 / 2000人以上	苏宁易购
254	金融产品经理	鼓楼区	2020-07-23	5k-8k	5k-8k 经验不限 / 本科	理财 借贷	“公司福利：入职当月缴纳五险一金、周末双休”	金融 / 上市公司 / 500-2000人	平安普惠
255	亚马逊运营专员	秦淮区	2020-11-28	5k-10k	5k-10k 经验不限 / 本科	电商运营 跨境电商	“有竞争力的薪酬、项目提成年度调薪、年终奖”	电商 / 未融资 / 15-50人	悦茂网络
256	健康项目业务经理	玄武区	2020-07-24	8k-12k	8k-12k 经验1-3年 / 本科	医疗健康	“发展空间大”	移动互联网,数据服务 / 上市公司 / 50-150人	江苏骏环昇旺
257	销售顾问（专业培训+六险一金+大平台）	玄武区	2020-11-11	7k-13k	7k-13k 经验1-3年 / 大专	销售 BD	“六险一金、大平台、专业培训、透明晋升”	移动互联网,消费生活 / C轮 / 500-2000人	客如云
258	亚马逊产品开发	秦淮区	2020-11-28	7k-12k	7k-12k 经验1-3年 / 本科	跨境电商运营 亚马逊运营	“有竞争力的薪酬、项目提成年度调薪、年终奖”	电商 / 未融资 / 15-50人	悦茂网络
259	产品运营（万富黑卡APP）	栖霞区	2020-11-10	5k-10k	5k-10k 经验3-5年 / 本科	广告营销 移动互联网 运营 APP运营 数据分析 会员体系	“五险一金，带薪年假，年底分红，奖级绩效”	移动互联网,广告营销 / 不需要融资 / 少于15人	姑婆那些事儿
260	运营专员	江宁区	2020-11-09	6k-10k	6k-10k 经验3-5年 / 本科	B端用户运营 C端用户运营 O2O运营 市场	“****”	其他 / 不需要融资 / 150-500人	欣昊餐饮配送
261	短视频编导/导演	秦淮区	2020-09-01	5k-10k	5k-10k 经验3-5年 / 本科	直播 抖音 短视频 编导	“施展才华的空间，收入与创造的价值对等。”	其他,文娱丨内容 / 未融资 / 500-2000人	逐陌文化
262	算法专家	仙林	2020-07-18	22k-44k	22k-44k 经验3-5年 / 本科	大数据 互联网金融	“上升空间”	电商,金融 / 上市公司 / 2000人以上	苏宁金融
263	大数据项目经理	奥体	2020-10-14	20k-30k	20k-30k 经验5-10年 / 本科	大数据 通信/网络设备 解决方案 系统架构 实施 项目管理	“高端产品，年底奖金，领导NICE，双休”	数据服务 / 不需要融资 / 15-50人	江苏国信华夏
264	产品经理b端（财务产品）	安德门	2020-10-13	25k-35k	25k-35k 经验5-10年 / 本科	企业服务 产品策划 需求分析 数据分析 产品设计	“快速发展 技术氛围好”	电商,企业服务 / B轮 / 150-500人	舟谱数据
265	阿里巴巴国际站运营	浦口区	2020-08-03	4k-5k	4k-5k 经验在校/应届 / 本科	电商 社交 运营	“发展前景，代缴员工社保费”	电商 / 未融资 / 少于15人	爱朗克电子商务
266	产品专家	秦淮区	2020-12-01	20k-30k	20k-30k 经验3-5年 / 本科	网络货运 大宗 产品设计 流程设计 竞品分析 用户研究	“环境好，发展空间大”	物流丨运输 / 天使轮 / 150-500人	村鸟物流
267	大数据高级开发工程师	夫子庙	2020-11-06	20k-30k	20k-30k 经验3-5年 / 本科	Hadoop Spark Java	“双休 五险一金 团建福利齐全 带薪年假”	移动互联网,信息安全 / C轮 / 150-500人	普旭
268	新媒体运营	建邺区	2020-11-30	6k-8k	6k-8k 经验3-5年 / 本科	企业服务 社交	“综合能力”	移动互联网 / A轮 / 50-150人	南京掌缘信息科技有限公司
269	科技金融产品主管	雨花台区	2020-11-25	20k-35k	20k-35k 经验5-10年 / 本科	互联网金融 消费金融 产品策划 项目管理	“股权激励、创新业务、发展前景”	移动互联网,金融 / 未融资 / 2000人以上	华博集团
270	运营助理	江东	2020-08-06	6k-8k	6k-8k 经验在校/应届 / 本科	O2O运营 产品运营 内容运营	“大平台”	电商,旅游 / 不需要融资 / 50-150人	联创汇金
271	招聘专员	鼓楼区	2020-12-24	6k-8k	6k-8k 经验1-3年 / 本科	招聘 人事	“入职缴纳六险一金、带薪培训、晋升机会多”	文娱丨内容 / D轮及以上 / 2000人以上	字节跳动
272	招聘专员-字节跳动	鼓楼区	2020-12-21	5k-9k	5k-9k 经验不限 / 本科	HR 人事 招聘	“六险一金 晋升快 薪资高”	文娱丨内容 / D轮及以上 / 2000人以上	字节跳动
273	COD优化专员-阿语 (MJ000681)	雨花台区	2020-12-14	4k-8k	4k-8k 经验不限 / 本科	质检 阿拉伯语	“做五休二 五险一金 年终奖金 绩效奖金”	电商,移动互联网 / C轮 / 2000人以上	SHEIN
274	资深文案策划	新街口	2020-10-20	6k-12k	6k-12k 经验1-3年 / 本科	教育 文案 策划 软文 文案营销	“晋升空间大 可独立负责项目 双休”	医疗丨健康 / 未融资 / 150-500人	南京医格尔信息科技有限公司
275	天猫运营	雨花台区	2020-07-07	6k-11k	6k-11k 经验不限 / 不限	电商	“福利待遇好，氛围好”	电商 / 不需要融资 / 50-150人	雅舍
276	社区运营/校园运营	浦口区	2020-12-12	4k-6k	4k-6k 经验不限 / 大专	电商 本地生活	“高佣金，高福利”	电商,消费生活 / 不需要融资 / 少于15人	南京安飞特
277	财务主管	马群	2020-10-10	8k-10k	8k-10k 经验5-10年 / 大专	电商	“电商业务稳定，新的餐饮业务发展迅速，前景好”	电商 / 未融资 / 15-50人	西域良品
278	阿里巴巴国际站运营	浦口区	2020-08-03	4k-5k	4k-5k 经验不限 / 本科	电商 社交 运营 内容运营 电商运营 社区运营	“发展前景，代缴员工社保费”	电商 / 未融资 / 少于15人	爱朗克电子商务
279	社区运营/校园运营	浦口区	2020-12-12	4k-6k	4k-6k 经验不限 / 大专	电商 本地生活 用户增长 用户留存 裂变拉新 会员体系	“高佣金，高福利”	电商,消费生活 / 不需要融资 / 少于15人	南京安飞特
280	网络推广	雨花台区	2020-09-24	5k-8k	5k-8k 经验不限 / 本科	工具软件 VR/AR SEO SEM B端用户运营	“五险一金，周末双休，带薪年假，年底双薪”	移动互联网,游戏 / B轮 / 50-150人	睿悦信息
281	社群运营专员	江宁区	2020-08-31	5k-7k	5k-7k 经验不限 / 本科	运营 社群运营 社区运营 内容运营	“社区团购领头企业”	其他,电商 / C轮 / 500-2000人	十荟团
282	广告优化专员	雨花台区	2020-08-04	5k-8k	5k-8k 经验不限 / 本科	互联网广告	“发展前景好，福利待遇好”	电商,移动互联网 / C轮 / 2000人以上	SHEIN
283	高级市场专员	浦口区	2020-07-24	5k-8k	5k-8k 经验不限 / 本科	教育 推广 校园推广 线下推广 市场开发	“全程好老师，严控出高分”	教育 / C轮 / 2000人以上	高顿教育集团
284	新媒体专员	中央门	2020-12-06	6k-8k	6k-8k 经验在校/应届 / 大专	医疗健康	“包食宿、带薪假、房补、节日福利、快乐团队”	移动互联网,医疗丨健康 / 不需要融资 / 150-500人	博盛医疗集团
285	用户运营（运营专员）	开发区	2020-09-16	6k-8k	6k-8k 经验1-3年 / 本科	运营 用户增长 用户运营	“五险一金 带薪年假 每年多次涨薪 绩效奖金”	电商 / 不需要融资 / 50-150人	南京木木西里科技有限公司
286	商务渠道	宁南	2020-08-03	5k-10k	5k-10k 经验不限 / 大专	电商 商务	“福利待遇 发展前景”	电商 / A轮 / 50-150人	斑马软件
287	实习生	小行	2020-11-16	5k-10k	5k-10k 经验不限 / 大专	物流 云计算 销售 市场 校园	“晋升快”	移动互联网 / D轮及以上 / 2000人以上	满帮集团
288	电子商务专员	小行	2020-11-07	6k-10k	6k-10k 经验不限 / 大专	移动互联网 售前支持	“开心”	移动互联网 / D轮及以上 / 2000人以上	满帮集团
289	推广运营专员实习生	栖霞区	2020-07-31	2k-3k	2k-3k 经验在校/应届 / 大专	电商 运营 品牌运营 数据分析	“1.免费班车2.免费午餐3.全勤奖”	硬件 / 上市公司 / 2000人以上	A.O史密斯
290	京东运营	溧水区	2020-09-18	7k-12k	7k-12k 经验1-3年 / 大专	电商 电商运营	“本公司是集团公司，具有发展前途”	电商 / 不需要融资 / 150-500人	递乐集团
291	销售经理	江宁区	2020-09-03	6k-12k	6k-12k 经验1-3年 / 大专	企业服务 商务渠道 大客户销售 客户代表 市场拓展	“新兴行业，国家政府支持；带薪培训，人员成长快”	企业服务 / 不需要融资 / 15-50人	华武天承
292	新媒体运营	雨花台区	2020-10-13	4k-8k	4k-8k 经验1-3年 / 本科	媒体 微信运营 社群运营 内容运营	“有想法”	区块链,金融 / 未融资 / 15-50人	南京天井信息科技有限公司
293	创意文案策划	玄武区	2020-11-13	6k-8k	6k-8k 经验不限 / 大专	策划 文案	“双休、**名师培训、福利待遇优”	消费生活 / 未融资 / 500-2000人	玉鹤鸣
294	招聘专员（南京）	玄武门	2020-07-06	4k-6k	4k-6k 经验不限 / 大专	招聘	“五险一金 年度旅游 定期体检 月度团建”	企业服务 / 未融资 / 500-2000人	万古恒信
295	行政专员	江宁区	2020-10-17	3k-4k	3k-4k 经验不限 / 大专	文员 行政	“未来你我一同创造”	物流丨运输 / D轮及以上 / 500-2000人	安徽壹米
296	网站推广	江宁区	2020-08-11	4k-8k	4k-8k 经验不限 / 大专	渠道 推广 SEM SEO	“双休,餐补,五险,节日福利”	电商 / 不需要融资 / 15-50人	南京美酷
297	咨询顾问	鼓楼区	2020-07-17	7k-9k	7k-9k 经验不限 / 大专	互联网金融 借贷 大客户销售	“不缺人缺像你这样的人才”	金融 / 上市公司 / 500-2000人	平安普惠
298	渠道经理	鼓楼区	2020-10-15	6k-10k	6k-10k 经验不限 / 不限	渠道推广 推广 线下推广	“工作时间自由，能力强工资越高！”	其他 / 未融资 / 500-2000人	咻电科技
299	共享充电宝BD	鼓楼区	2020-10-15	6k-10k	6k-10k 经验不限 / 不限	商务拓展 商务渠道 地推 BD	“上班打卡下班不打卡，晋升空间”	其他 / 未融资 / 500-2000人	咻电科技
