0	数据分析师	北蔡	19:56发布	10k-20k	10k-20k 经验1-3年 / 本科	金融 数据分析	“氛围好,商业医疗险”	金融 / C轮 / 150-500人	萨摩耶数科
1	数据分析师	华漕	17:02发布	12k-18k	12k-18k 经验3-5年 / 本科	教育 企业服务 数据库 BI SQL 数据分析	“上市公司、创新氛围强、团队凝聚力、发展空间大”	教育 / 不需要融资 / 500-2000人	行动教育
2	数据分析师	徐家汇	17:41发布	12k-20k	12k-20k 经验不限 / 本科	大数据 新零售	“福利待遇优厚，发展空间大，团队氛围好”	企业服务,数据服务 / 未融资 / 50-150人	久谦咨询
3	数据分析师	杨浦区	17:01发布	10k-18k	10k-18k 经验3-5年 / 本科	数据分析	“交通便利 待遇良好 晋升机会 技术大牛”	移动互联网 / A轮 / 50-150人	上海众调科技
4	数据分析师	六里	18:02发布	10k-16k	10k-16k 经验1-3年 / 本科	电商 数据分析	“发展前景好 团队氛围佳 注重个人成长”	软件开发 / 未融资 / 150-500人	杉欣集团
5	数据分析师	虹梅路	17:49发布	15k-25k	15k-25k 经验3-5年 / 本科	电商 数据分析	“晋升空间 潜力大 有挑战性”	电商 / C轮 / 150-500人	一条视频
6	高级数据分析师	徐家汇	18:13发布	8k-15k	8k-15k 经验1-3年 / 本科	新零售 CRM BI SQL 数据分析	“五险一金 综合实力强”	企业服务,数据服务 / C轮 / 150-500人	数云
7	数据分析师	北新泾	17:50发布	15k-25k	15k-25k 经验1-3年 / 本科	旅游 大数据 ETL Hive 数据分析 数据处理	“技术大牛群集，年度旅游，晋升机会”	旅游 / 上市公司 / 2000人以上	携程集团
8	数据分析师	杨浦区	17:30发布	15k-20k	15k-20k 经验1-3年 / 本科	消费者分析 数据分析	“五险一金 周末双休 扁平管理 氛围轻松”	数据服务 / B轮 / 150-500人	DataStory
9	数据分析师	徐汇区	16:00发布	15k-30k	15k-30k 经验3-5年 / 本科	数据分析	“岗位晋升空间大、平台好”	社交 / B轮 / 500-2000人	比心陪练
10	数据分析师	金桥	15:43发布	15k-25k	15k-25k 经验5-10年 / 本科	数据分析 SQL 数据建模	“年终奖 带薪年假 交通补助 通讯津贴等”	移动互联网,文娱丨内容 / 不需要融资 / 2000人以上	咪咕
11	数据分析师	闵行区	16:04发布	15k-25k	15k-25k 经验1-3年 / 本科	社交 移动互联网 数据分析 SQL	“行业前景好,人性化管理,福利好”	移动互联网,社交 / 不需要融资 / 50-150人	么么直播
12	数据分析师	东外滩	14:49发布	15k-25k	15k-25k 经验3-5年 / 本科	大数据 数据分析 SPSS	“技术驱动、风口平台”	消费生活 / 上市公司 / 2000人以上	达达集团
13	数据分析师	张江	16:31发布	15k-25k	15k-25k 经验1-3年 / 本科	电商 竞品分析 数据分析	“年终奖金，五险一金，领导好，薪酬福利好”	移动互联网 / 不需要融资 / 150-500人	包图网
14	数据分析师	徐家汇	14:58发布	15k-30k	15k-30k 经验3-5年 / 本科	数据挖掘 算法工程师 数据分析 算法	“佛系不鸡血，提供午餐晚餐，无996，007，大小周”	企业服务 / B轮 / 50-150人	Convert lab
15	高级数据分析师	漕河泾	2020-12-24	18k-35k	18k-35k 经验3-5年 / 本科	电商 移动互联网 MySQL	“专业团队、零食饮料、领导nice、福利好”	电商 / 上市公司 / 500-2000人	Shopee
16	数据分析专家	上海	19:45发布	25k-50k	25k-50k 经验5-10年 / 本科	企业服务 大数据 数据仓库	“假期多、发展好、有饭补、空间大”	数据服务,广告营销 / B轮 / 150-500人	MobTech
17	数据分析师	浦东新区	19:33发布	20k-35k	20k-35k 经验5-10年 / 本科	大数据 数据分析	“发展前景”	消费生活 / 上市公司 / 2000人以上	达达集团
18	数据分析师	陆家嘴	17:27发布	20k-30k	20k-30k 经验5-10年 / 本科	风控 策略设计 分析师	“中信产业基金旗下、持牌、待遇好”	移动互联网,金融 / 不需要融资 / 150-500人	小花科技
19	数据分析师（文本数据建模）	张江	16:28发布	8k-9k	8k-9k 经验1-3年 / 本科	信息安全 大数据 数据仓库 数据挖掘 数据架构	“做五休二，年终奖、五险一金、定期团建”	数据服务,人工智能 / 不需要融资 / 150-500人	上海浩宜信息科技有限公司
20	数据分析师	南码头	17:58发布	18k-20k	18k-20k 经验3-5年 / 本科	用户增长 需求分析 竞品分析 数据分析	“五险一金周末双休摄影天堂13薪软性福利”	移动互联网,文娱丨内容 / 不需要融资 / 500-2000人	韩创科技
21	数据分析专家	七宝	17:38发布	30k-60k	30k-60k 经验5-10年 / 本科	增长黑客 数据分析 商业	“美股上市 牛人团队 亿级日活 福利待遇佳”	移动互联网,数据服务 / 上市公司 / 500-2000人	触宝
22	数据分析师	闵行区	17:13发布	18k-30k	18k-30k 经验3-5年 / 本科	游戏 MySQL SQLServer Python	“核心团队 大平台 领导好 发挥空间大”	移动互联网,游戏 / 不需要融资 / 500-2000人	莉莉丝游戏
23	数据分析	浦东新区	17:09发布	20k-40k	20k-40k 经验3-5年 / 本科	年度旅游 绩效奖金 带薪年假 弹性工作	“大数据平台,千万级用户”	移动互联网,消费生活 / B轮 / 500-2000人	掌门集团
24	资深数据分析师	杨浦区	16:34发布	25k-40k	25k-40k 经验5-10年 / 本科	电商 本地生活 数据分析	“潮流APP 扁平化 技术氛围浓厚”	移动互联网,电商 / B轮 / 500-2000人	得物App
25	数据分析	虹梅路	16:26发布	20k-40k	20k-40k 经验3-5年 / 本科	数据仓库 数仓建模 数仓架构 数据挖掘	“六险一金、带薪年假、免费饮料、一群逗逼同事”	社交 / B轮 / 500-2000人	比心陪练
26	数据分析师	光新	16:32发布	20k-30k	20k-30k 经验不限 / 本科	教育 大数据	“平台大，上升空间大”	教育 / 上市公司 / 2000人以上	精锐在线教育
27	高级数据分析师	五角场	16:28发布	20k-35k	20k-35k 经验5-10年 / 本科	数仓建模	“教育风口，100+技术团队，一线互联网，薪资可谈”	教育 / 不需要融资 / 2000人以上	仁和会计
28	数据分析	南码头	14:53发布	15k-25k	15k-25k 经验3-5年 / 本科	Python SQLServer 数仓建模	“知名图库行业 年底奖金 团队氛围好”	移动互联网,文娱丨内容 / 不需要融资 / 500-2000人	韩创科技
29	数据分析师	浦东新区	16:28发布	20k-35k	20k-35k 经验3-5年 / 大专	数据分析	“下午茶，团建，项目奖金”	移动互联网 / 未融资 / 500-2000人	上海小牛互娱智能科技有限公司
30	数据分析师	浦东新区	15:57发布	20k-35k	20k-35k 经验5-10年 / 本科	数据库开发	“大数据平台,千万级用户,工作氛围好,奖金丰厚”	移动互联网,消费生活 / B轮 / 500-2000人	掌门集团
31	数据分析师	东方路	14:02发布	15k-25k	15k-25k 经验3-5年 / 本科	大数据 金融 商业 数据分析	“弹性工作，年轻化团队，行业领先平台”	移动互联网 / D轮及以上 / 150-500人	蜻蜓FM
32	高级数据分析师	虹桥	13:48发布	15k-30k	15k-30k 经验3-5年 / 本科	BI SQL 数据分析 数据运营	“公司发展前景好，人才氛围活跃”	移动互联网,消费生活 / A轮 / 50-150人	尉合
33	数据分析师	虹桥	13:48发布	13k-23k	13k-23k 经验1-3年 / 本科	移动互联网 BI SQL 数据分析 数据运营	“公司发展前景好，人才氛围活跃”	移动互联网,消费生活 / A轮 / 50-150人	尉合
34	0231CO-数据分析岗	陆家嘴	00:00发布	10k-15k	10k-15k 经验1年以下 / 本科	大数据 金融 数据分析	“五险一金,节日福利,绩效奖金,定期体检”	金融 / 上市公司 / 2000人以上	平安人寿
35	数据分析师	静安区	15:49发布	10k-18k	10k-18k 经验1-3年 / 本科	数据分析 需求分析	“免费班车，五险一金，年终奖，晋升等”	软件开发 / 不需要融资 / 150-500人	内求信息
36	高级数据分析师	平凉路	14:49发布	25k-35k	25k-35k 经验5-10年 / 本科	电商 本地生活 数据分析	“互联网,流量大,研发氛围好,扁平管理”	消费生活 / 上市公司 / 2000人以上	达达集团
37	0231VS-数据建模设计岗	陆家嘴	00:00发布	10k-15k	10k-15k 经验1-3年 / 本科	大数据 金融	“五险一金,带薪年假”	金融 / 上市公司 / 2000人以上	平安人寿
38	数据分析师	虹梅路	13:53发布	12k-16k	12k-16k 经验1-3年 / 本科	教育 用户增长 数据分析	“发展空间大”	教育,游戏 / B轮 / 2000人以上	快乐种子
39	数据分析师	洋泾	10:45发布	10k-20k	10k-20k 经验3-5年 / 本科	云计算 数据分析 物联网	“五险一金、定期团建、节日福利、芯片设计行业”	人工智能,物联网 / 不需要融资 / 50-150人	上海铨芯半导体
40	数据分析师	黄浦区	14:09发布	20k-40k	20k-40k 经验3-5年 / 本科	金融 SQL 分析师	“持牌机构 待遇优厚 上升空间大”	移动互联网,金融 / 不需要融资 / 150-500人	中原消费金融
41	数据分析师	闵行区	13:39发布	8k-13k	8k-13k 经验1-3年 / 大专	Hadoop Spark Hive 数据分析	“季度奖金 班车 加班费”	企业服务,软件开发 / 上市公司 / 2000人以上	法本信息
42	数据分析Leader（商业地理地产）	上海	20:00发布	25k-45k	25k-45k 经验3-5年 / 本科	数据仓库	“假期多、发展好、有饭补、空间大”	数据服务,广告营销 / B轮 / 150-500人	MobTech
43	数据分析师	静安区	10:28发布	10k-20k	10k-20k 经验1-3年 / 本科	大数据 数据分析	“技术大牛，发展空间，弹性工作，加班晚餐，零食”	金融,数据服务 / A轮 / 50-150人	探知数据
44	内容安全业务-数据分析师	黄浦区	2020-12-24	25k-50k	25k-50k 经验3-5年 / 本科	电商 本地生活	“良好的发展前景”	消费生活 / D轮及以上 / 500-2000人	小红书
45	数据分析师	嘉定区	10:36发布	10k-20k	10k-20k 经验1-3年 / 本科	汽车 SQL Python	“发展前景好”	信息安全,其他 / 上市公司 / 2000人以上	上汽集团全新智能电动汽车
46	数据分析师	中山公园	11:08发布	10k-15k	10k-15k 经验1-3年 / 本科	数据库 SQL	“弹性工作制、五险一金、年假多”	数据服务,其他 / 未融资 / 500-2000人	音智达
47	高级数据分析师	五角场	11:23发布	12k-18k	12k-18k 经验不限 / 硕士	大数据 移动互联网 Python SQL 数据分析 R	“弹性工作,技术驱动,大牛互助”	数据服务,企业服务 / B轮 / 150-500人	脉策科技
48	数据分析师	浦东新区	11:01发布	15k-20k	15k-20k 经验3-5年 / 本科	MySQL	“上市公司”	移动互联网,金融 / 上市公司 / 2000人以上	上海银科创展投资集团有限公司
49	数据分析师	青浦区	10:29发布	12k-16k	12k-16k 经验1-3年 / 本科	大数据 移动互联网 数据分析 SQL	“绩效奖金,福利津贴,交通补贴,假日福利”	数据服务,移动互联网 / B轮 / 50-150人	算话智能科技有限公司
50	数据分析师	静安区	09:22发布	14k-20k	14k-20k 经验3-5年 / 本科	房产服务 移动互联网 数据分析 用户研究	“五险一金、绩效奖金、定期体检、弹性工作”	房产家居 / A轮 / 50-150人	上海定卓
51	数据分析师	虹梅路	09:36发布	15k-25k	15k-25k 经验3-5年 / 本科	数据分析	“智能仓储机器人公司”	硬件,数据服务 / C轮 / 150-500人	快仓智能仓储
52	数据分析实习生	黄浦区	15:39发布	2k-3k	2k-3k 经验在校/应届 / 不限	数据分析 数据处理	“师徒制；弹性工作时间”	移动互联网,企业服务 / 上市公司 / 2000人以上	51JOB
53	数据分析师	长宁区	09:41发布	15k-25k	15k-25k 经验3-5年 / 本科	数据分析	“福利待遇 晋升途径”	移动互联网,教育 / A轮 / 150-500人	樊登读书
54	数据分析师	徐汇区	09:44发布	15k-25k	15k-25k 经验3-5年 / 本科	数据分析 数据运营	“挑战大,丰富内容,氛围好”	移动互联网,文娱丨内容 / A轮 / 50-150人	瑛麒动漫
55	数据分析师	虹口区	10:21发布	15k-25k	15k-25k 经验1-3年 / 本科	渠道 市场分析	“品牌资源多、福利待遇好”	移动互联网,教育 / D轮及以上 / 2000人以上	掌门1对1在线教育
56	数据分析师	潍坊	11:10发布	20k-30k	20k-30k 经验3-5年 / 本科	数据分析 商业分析	“六险一金 周末双休 带薪年假 节假日补贴”	金融,文娱丨内容 / 上市公司 / 500-2000人	上海金大师网络科技有限公司
57	数据分析师	闸北公园	09:49发布	8k-15k	8k-15k 经验1-3年 / 本科	SQL SPSS	“团队完整 公司规模大”	移动互联网,消费生活 / 上市公司 / 500-2000人	易居克而瑞
58	数据分析工程师（工业大数据）	浦东新区	19:59发布	15k-20k	15k-20k 经验3-5年 / 本科	Hadoop 机器学习 python	“13薪，班车，培训机会”	企业服务,数据服务 / 不需要融资 / 50-150人	上海金亥
59	数据分析师	洋泾	11:52发布	20k-35k	20k-35k 经验5-10年 / 本科	大数据	“业务发展上升期”	消费生活 / 上市公司 / 2000人以上	达达集团
60	数据分析师	延吉	11:44发布	25k-50k	25k-50k 经验5-10年 / 不限	电商 数据仓库	“独角兽、福利待遇优、高成长、年轻团队化”	移动互联网,电商 / B轮 / 500-2000人	得物App
61	数据分析师	中山公园	09:47发布	15k-25k	15k-25k 经验1-3年 / 本科	大数据 金融 MySQL 数据分析 数据挖掘	“AI金融 业务落地 六险一金 15天年假”	人工智能 / C轮 / 50-150人	CraiditX
62	数据分析师	碧云社区	10:28发布	20k-30k	20k-30k 经验5-10年 / 本科	数据分析	“平台稳定 有发展机会 待遇福利优厚”	移动互联网,金融 / 不需要融资 / 150-500人	证通股份
63	数据分析师(J12094)	徐汇区	19:22发布	8k-15k	8k-15k 经验1-3年 / 本科	数字化 数据分析	“重点项目”	数据服务,广告营销 / D轮及以上 / 2000人以上	明略科技集团
64	数据分析师	中山公园	09:47发布	18k-30k	18k-30k 经验3-5年 / 本科	大数据 数据挖掘	“AI金融 业务落地 15天带薪年假”	人工智能 / C轮 / 50-150人	CraiditX
65	数据分析师	长宁区	09:50发布	8k-12k	8k-12k 经验1-3年 / 本科	Python	“电商运营 公司环境好 年轻化团队”	移动互联网,电商 / 天使轮 / 150-500人	想出网络科技
66	高级数据分析师	闸北公园	09:49发布	20k-25k	20k-25k 经验5-10年 / 本科	Python	“公司规模大 氛围好 薪酬体系完善”	移动互联网,消费生活 / 上市公司 / 500-2000人	易居克而瑞
67	数据分析师	长宁区	10:03发布	15k-30k	15k-30k 经验3-5年 / 硕士	医疗健康 大数据	“五险一金,周末双休,EAP服务,核心岗位”	医疗丨健康 / C轮 / 50-150人	VHS 好人生
68	数据分析师（实习） (MJ000600)	虹口足球场	18:13发布	4k-6k	4k-6k 经验不限 / 本科	大数据 MySQL	“团队氛围好 免费晚餐”	移动互联网,文娱丨内容 / D轮及以上 / 500-2000人	虎扑
69	数据分析师	黄浦区	10:00发布	9k-13k	9k-13k 经验1-3年 / 大专	电商 广告营销 用户增长 需求分析 数据分析	“补充公积金 补充商业险 带薪年假病假”	移动互联网,广告营销 / 不需要融资 / 150-500人	西窗科技
70	数据分析师	长宁区	10:03发布	10k-15k	10k-15k 经验1-3年 / 硕士	医疗健康 大数据	“朝阳行业，核心岗位”	医疗丨健康 / C轮 / 50-150人	VHS 好人生
71	数据分析师	松江区	09:17发布	13k-20k	13k-20k 经验3-5年 / 本科	电商 数据分析 BI sql python	“五险一金 晋升空间 周末双休 绩效奖金”	电商 / C轮 / 500-2000人	云汉芯城
72	数据分析师	张江	11:51发布	9k-14k	9k-14k 经验1-3年 / 本科	教育 大数据 数据挖掘 数据分析	“免费班车,年终奖、商业补充医疗保险”	数据服务 / 不需要融资 / 15-50人	数道科技
73	数据分析师	天山路	09:41发布	10k-15k	10k-15k 经验在校/应届 / 本科	数据分析	“晋升空间大 办公环境好 福利好”	移动互联网,教育 / A轮 / 150-500人	樊登读书
74	数据分析师	金桥	11:03发布	6k-10k	6k-10k 经验不限 / 本科	Python SQL 数据分析	“前景广阔,待遇优”	数据服务,电商 / 天使轮 / 15-50人	chance
75	数据分析工程师(J11958)	闸北区	15:45发布	15k-25k	15k-25k 经验1-3年 / 本科	大数据	“一日三餐、饮料零食免费、无限年假”	游戏,社交 / B轮 / 50-150人	TapTap
76	数据分析实习生	张江	11:51发布	3k-4k	3k-4k 经验在校/应届 / 本科	大数据 数据挖掘 数据分析	“免费班车,节日福利”	数据服务 / 不需要融资 / 15-50人	数道科技
77	数据分析实习生	中山公园	11:23发布	2k-3k	2k-3k 经验在校/应届 / 本科	数据分析 增长黑客 可视化	“互联网大数据领先品牌/快速成长/转正机会”	移动互联网,数据服务 / B轮 / 150-500人	易观
78	0232PA-数据分析类	浦东新区	00:00发布	10k-18k	10k-18k 经验1年以下 / 本科	互联网金融 保险	“五险一金,带薪年假,定期体检,免费班车”	金融 / 上市公司 / 2000人以上	平安人寿
79	数据分析实习生	静安区	11:09发布	2k-3k	2k-3k 经验在校/应届 / 本科	新零售 医疗健康 数据分析	“BAT大拿；资本雄厚；弹性工时”	医疗丨健康,数据服务 / 不需要融资 / 150-500人	高济医疗
80	数据分析运营	闵行区	16:55发布	15k-25k	15k-25k 经验3-5年 / 本科	媒体 视频	“全额五险一金，MCN”	电商,文娱丨内容 / 不需要融资 / 50-150人	蕃茄蛋
81	0232MU-大数据分析师	浦东新区	00:00发布	10k-18k	10k-18k 经验1-3年 / 本科	保险 互联网金融 商业 可视化 数据分析 BI	“五险一金,定期体检,免费班车,节日福利”	金融 / 上市公司 / 2000人以上	平安人寿
82	商业数据分析师	徐家汇	18:19发布	12k-24k	12k-24k 经验3-5年 / 本科	大数据 移动互联网 SQL	“美妆护肤垂直领域”	移动互联网 / A轮 / 150-500人	美丽修行
83	数据分析/运营/产品	徐汇区	14:37发布	20k-35k	20k-35k 经验5-10年 / 本科	社交 直播 数据分析 BI 策略	“双倍加班费、餐补、下午茶、福利待遇好、氛围好”	社交 / B轮 / 500-2000人	比心陪练
84	资深数据分析师	杨浦区	04:14发布	20k-30k	20k-30k 经验3-5年 / 本科	数据分析	“弹性工作,免费三餐,租房补贴,带薪休假”	文娱丨内容 / D轮及以上 / 2000人以上	字节跳动
85	数据分析师	浦东新区	00:00发布	12k-20k	12k-20k 经验3-5年 / 本科	银行 数据仓库 精准营销 数据分析 数据建模	“属于平安银行正编岗位，有行员编制”	金融 / 上市公司 / 2000人以上	平安金服
86	BI数据分析师	徐汇区	17:01发布	13k-25k	13k-25k 经验3-5年 / 本科	广告营销 大数据 Python Tablau PowerBI BI	“年度体检 免费晚餐 额外商保 带薪10天年假”	数据服务,移动互联网 / A轮 / 50-150人	驰骛科技ChiefClouds
87	CRM数据分析师	龙华	18:13发布	8k-15k	8k-15k 经验1-3年 / 本科	运营 数据分析	“专业培训,高效团队,年轻氛围”	企业服务,数据服务 / C轮 / 150-500人	数云
88	游戏数据分析师	徐汇区	19:00发布	12k-20k	12k-20k 经验在校/应届 / 本科	游戏行业	“平台大 业务高速发展”	移动互联网,游戏 / 不需要融资 / 500-2000人	阿里互动娱乐事业群
89	数据分析师-上海	静安区	17:04发布	15k-25k	15k-25k 经验5-10年 / 本科	大数据 商业 BI 可视化 数据分析	“五险一金,午餐补助,补充医疗,14薪”	数据服务 / C轮 / 500-2000人	神策数据
90	数据分析师（金融行业）	静安区	17:04发布	15k-25k	15k-25k 经验3-5年 / 本科	数据分析	“接触不同项目”	数据服务 / C轮 / 500-2000人	神策数据
91	商业数据分析师	普陀区	16:01发布	10k-18k	10k-18k 经验1-3年 / 本科	商业分析 咨询公司 数据分析 BI	“互联网文化,高速发展,极高流量”	移动互联网 / C轮 / 2000人以上	收钱吧
92	资深算法数据分析师	虹口区	17:51发布	25k-40k	25k-40k 经验5-10年 / 本科	深度学习 数据挖掘 Python 数据建模	“技术open，领导nice，氛围轻松”	移动互联网 / D轮及以上 / 500-2000人	百布
93	高级大数据分析师	外滩	17:48发布	20k-35k	20k-35k 经验3-5年 / 本科	电商 大数据	“绩效奖金、 带薪年假、午餐补助、岗位晋升”	电商,消费生活 / 不需要融资 / 500-2000人	百联全渠道电商
94	数据分析	嘉定区	09:44发布	10k-20k	10k-20k 经验1-3年 / 本科	物流 SQL BI	“领导nice 大厂”	物流丨运输 / A轮 / 2000人以上	京东物流
95	BI数据分析师	虹梅路	15:20发布	13k-25k	13k-25k 经验3-5年 / 本科	电商 新零售 数据库 可视化 数据分析 SQL	“年度体检免费晚餐额外商保带薪10天年假”	数据服务,移动互联网 / A轮 / 50-150人	驰骛科技ChiefClouds
96	广告-数据分析师	虹桥	17:23发布	20k-40k	20k-40k 经验3-5年 / 本科	数据挖掘	“行业领跑,大牛同事,成长挑战大,简单文化”	文娱丨内容 / 上市公司 / 2000人以上	爱奇艺
97	数据分析实习生	闵行区	04:12发布	3k-6k	3k-6k 经验在校/应届 / 本科	数据分析	“免费三餐,健身瑜伽,扁平管理,用户过亿”	文娱丨内容 / D轮及以上 / 2000人以上	字节跳动
98	数据分析师（算法方向）	浦东新区	16:43发布	25k-50k	25k-50k 经验3-5年 / 本科	大数据 金融 Spark Hive	“福利待遇优厚，发展前景广阔”	金融 / 上市公司 / 2000人以上	平安金服
99	数据分析 (MJ000137)	万源城	14:33发布	15k-30k	15k-30k 经验3-5年 / 本科	游戏 数据分析	“大数据分析 千万级DAU项目 大平台”	游戏 / 不需要融资 / 500-2000人	沐瞳游戏
100	资深数据分析-SH	徐汇区	14:36发布	15k-30k	15k-30k 经验3-5年 / 本科	广告营销 大数据 Python SQL	“氛围好；平台好；公司发展快”	移动互联网,广告营销 / D轮及以上 / 150-500人	深演智能
101	数据分析师（新客运营中心）	东方路	15:08发布	15k-25k	15k-25k 经验3-5年 / 本科	互联网金融 分析师	“弹性工作制 奖金丰厚 团队氛围好 团建多”	金融 / 上市公司 / 500-2000人	上海嘉银金融科技股份有限公司
102	数据分析经理	闵行区	16:24发布	35k-50k	35k-50k 经验5-10年 / 本科	Hive Python 数据分析 商业化	“美股上市 超长年假 大牛云集 核心团队”	移动互联网,数据服务 / 上市公司 / 500-2000人	触宝
103	数据分析师BI	虹梅路	13:53发布	12k-18k	12k-18k 经验3-5年 / 本科	电商 移动互联网 数据仓库 MySQL	“发展空间大”	教育,游戏 / B轮 / 2000人以上	快乐种子
104	（问卷网）数据分析师	徐汇区	15:21发布	7k-14k	7k-14k 经验1-3年 / 本科	Tableau 业务数据模型 用户行为数据 数据平台建设	“提升 团队氛围nice 发展空间”	移动互联网 / C轮 / 150-500人	问卷网@爱调研
105	BA数据分析实习生（可留用）	静安区	16:10发布	2k-3k	2k-3k 经验不限 / 本科	广告营销 数据库 数据分析 SPSS SQL	“500强外资 CRM agcney”	广告营销,数据服务 / 不需要融资 / 2000人以上	arvato China
106	电商数据分析顾问Consultant	龙华	11:29发布	8k-13k	8k-13k 经验1-3年 / 本科	电商 数字营销	“互联网电商+大数据分析（非技术岗）”	数据服务 / 不需要融资 / 150-500人	联蔚数据
107	大数据分析顾问	浦东新区	15:36发布	10k-20k	10k-20k 经验1-3年 / 本科	大数据 工具软件 数据仓库 数仓建模 Python 数据挖掘	“五险一金、补充医疗、带薪假期、专业团队”	数据服务,软件开发 / 未融资 / 15-50人	蓝幸软件
108	车联网数据分析	杨浦区	13:13发布	15k-28k	15k-28k 经验不限 / 本科	数据挖掘 数学 机器学习	“发展空间大、灵活办公”	数据服务,移动互联网 / 未融资 / 15-50人	ExceedData
109	数据分析师（新客运营中心）	东方路	15:08发布	20k-30k	20k-30k 经验3-5年 / 本科	商业分析师 信贷数据分析师 数据分析师	“弹性工作制 奖金丰厚 领导NICE 上市公司”	金融 / 上市公司 / 500-2000人	上海嘉银金融科技股份有限公司
110	数据分析开发工程师（数据挖掘/分析方向）	闵行区	14:17发布	25k-40k	25k-40k 经验3-5年 / 本科	数据挖掘 数据分析	“独角兽 大牛云集 临近地铁 多次调薪”	汽车丨出行 / D轮及以上 / 2000人以上	途虎养车网
111	高级数据分析 (MJ000029)	南方商城	14:17发布	20k-40k	20k-40k 经验5-10年 / 本科	商业 数据分析	“管理完善,福利好,E轮融资,千人规模”	汽车丨出行 / D轮及以上 / 2000人以上	途虎养车网
112	数据分析师	新天地	2020-12-17	15k-25k	15k-25k 经验1-3年 / 本科	移动互联网 数据架构	“互联网公司 待遇福利好”	消费生活 / D轮及以上 / 500-2000人	小红书
113	数据分析师	新天地	2020-12-17	15k-25k	15k-25k 经验1-3年 / 本科	移动互联网	“互联网公司，待遇福利好”	消费生活 / D轮及以上 / 500-2000人	小红书
114	bi数据分析师	徐汇区	16:08发布	10k-15k	10k-15k 经验1-3年 / 本科	MySQL SQLServer Oracle	“节日福利 带薪年假”	移动互联网,金融 / 不需要融资 / 50-150人	上海尤恩
115	BI数据分析师	漕河泾	13:06发布	10k-15k	10k-15k 经验1-3年 / 本科	数据分析	“晋升清晰 发展潜力大 老板好 团队好”	移动互联网,社交 / 不需要融资 / 50-150人	小葫芦
116	数据分析（实习生）	杨浦区	17:01发布	2k-4k	2k-4k 经验在校/应届 / 本科	数据分析 实习	“交通便利 调薪晋升 福利好”	移动互联网 / A轮 / 50-150人	上海众调科技
117	游戏数据分析	五里桥	11:20发布	8k-16k	8k-16k 经验1-3年 / 本科	游戏 移动互联网 数据分析 游戏运营	“项目前景好,集团公司,工作氛围轻”	移动互联网,游戏 / 上市公司 / 2000人以上	分众游戏
118	大数据分析师	青浦区	10:29发布	9k-18k	9k-18k 经验1-3年 / 本科	大数据 数据分析	“优秀团队、绩效奖金、福利津贴、定期体检”	数据服务,移动互联网 / B轮 / 50-150人	算话智能科技有限公司
119	bi数据分析师	黄浦区	11:26发布	15k-25k	15k-25k 经验5-10年 / 本科	金融 保险 Python SQL Tableau Power BI	“发展前景好，大牛云集”	金融 / 上市公司 / 2000人以上	众安保险
120	数据分析实习生(J11277)	长宁区	16:13发布	2k-4k	2k-4k 经验在校/应届 / 本科	汽车 媒体 数据分析	“领导nice 工作环境稳定”	移动互联网,电商 / 上市公司 / 2000人以上	易车公司
121	财务系统产品经理（预算控制与数据分析方向）	张江	10:30发布	15k-30k	15k-30k 经验3-5年 / 本科	分析 财务	“五险一金；定期团建；优秀团队”	文娱丨内容 / 上市公司 / 500-2000人	阅文集团
122	运营（数据分析方向）	张江	10:30发布	15k-25k	15k-25k 经验3-5年 / 本科	运营 数据分析	“上市公司”	文娱丨内容 / 上市公司 / 500-2000人	阅文集团
123	高级数据分析师（互联网方向）	杨浦区	09:28发布	13k-18k	13k-18k 经验3-5年 / 本科	新零售 移动互联网 数据分析	“五险一金 弹性工作 年终奖金 绿色办公”	移动互联网,电商 / C轮 / 150-500人	上海趣致
124	空间数据分析师	五角场	11:23发布	8k-12k	8k-12k 经验不限 / 本科	大数据 移动互联网 数据挖掘 GIS python 数据分析	“弹性工作,技术驱动,大牛互助”	数据服务,企业服务 / B轮 / 150-500人	脉策科技
125	高级/资深数据分析师	中山公园	11:23发布	25k-50k	25k-50k 经验5-10年 / 本科	数据分析 数据仓库	“快速成长/弹性工作/扁平管理”	移动互联网,数据服务 / B轮 / 150-500人	易观
126	游戏数据分析师	宝山区	11:44发布	15k-30k	15k-30k 经验3-5年 / 本科	游戏 BI SQL	“五险一金，带薪年假，员工旅游，下午茶公司团建”	移动互联网,游戏 / 上市公司 / 150-500人	上海绿岸
127	金融数据分析师	浦东新区	14:09发布	25k-50k	25k-50k 经验1-3年 / 硕士	统计 量化研究 机器学习	“发展空间大，交通便利，绩效奖金”	金融,数据服务 / 不需要融资 / 50-150人	晖玉投资
128	BI-数据分析实习生（电商直播业务方向）	龙华	13:30发布	3k-6k	3k-6k 经验在校/应届 / 本科	电商 商业数据分析 BA 直播数据分析 BI	“留用机会 各类补贴”	移动互联网,电商 / B轮 / 150-500人	只二
129	高级数据分析师（上海） (MJ000045)	梅园	10:10发布	15k-30k	15k-30k 经验不限 / 硕士	建模	“六险一金，绩效奖金，带薪年假”	金融 / C轮 / 500-2000人	百融云创
130	数据建模工程师	城隍庙	09:49发布	20k-30k	20k-30k 经验3-5年 / 本科	互联网金融 MySQL 数仓建模 Python 数据库开发	“专业团队 股东背景 发展潜力”	金融 / 上市公司 / 500-2000人	小赢科技
131	商业数据分析	漕河泾	11:17发布	10k-15k	10k-15k 经验1-3年 / 本科	数据分析 市场分析 消费者分析	“工作氛围open 优秀团队 薪资福利好”	电商,广告营销 / A轮 / 50-150人	MarcPoint
132	数据分析工程师	金桥	10:28发布	8k-15k	8k-15k 经验在校/应届 / 本科	大数据 产品需求分析	“平台稳定有潜力 有发展机会 福利待遇优厚”	移动互联网,金融 / 不需要融资 / 150-500人	证通股份
133	数据分析助理实习（保险方向）	浦东新区	12:50发布	2k-4k	2k-4k 经验在校/应届 / 本科	互联网 保险 数据分析	“学习成长快,团队氛围好,发展空间大”	数据服务,人工智能 / B轮 / 50-150人	商涌科技
134	风控数据分析师	城隍庙	09:49发布	18k-25k	18k-25k 经验1-3年 / 本科	互联网金融 数据分析 SQL	“专业团队 股东背景 发展潜力”	金融 / 上市公司 / 500-2000人	小赢科技
135	BI数据分析师	静安区	11:38发布	25k-30k	25k-30k 经验3-5年 / 本科	工具软件 大数据 BI 数据分析 数据运营	“发展空间大,创新项目”	移动互联网,房产家居 / 上市公司 / 2000人以上	易居中国
136	高级数据分析师（上海） (MJ000045)	梅园	10:10发布	25k-35k	25k-35k 经验3-5年 / 硕士	Python 数据挖掘	“六险一金”	金融 / C轮 / 500-2000人	百融云创
137	风险数据分析师	浦东新区	10:39发布	15k-25k	15k-25k 经验不限 / 本科	数据分析	“六险一金”	金融 / D轮及以上 / 500-2000人	快钱支付
138	部门助理实习生（数据分析）	长宁区	09:50发布	2k-3k	2k-3k 经验在校/应届 / 本科	数据分析 数据运营	“电商运营 公司环境好 年轻化团队”	移动互联网,电商 / 天使轮 / 150-500人	想出网络科技
139	数据分析助理	九亭	09:03发布	6k-7k	6k-7k 经验在校/应届 / 本科	数据分析 数据运营 SPSS	“工作环境,专业培训,五险一金,周末双休”	消费生活 / 上市公司 / 500-2000人	金可国际集团-品牌眼镜事业群
140	553123-数据分析师	虹口区	00:00发布	13k-19k	13k-19k 经验3-5年 / 本科	教育 ETL	“五险一金,带薪年假,定期体检,高温补贴”	移动互联网,教育 / C轮 / 2000人以上	平安好学
141	0931FT-数据分析师（上海）	龙华	00:00发布	15k-25k	15k-25k 经验3-5年 / 本科	电商 保险 MySQL	“五险一金,绩效奖金,带薪年假,定期体检”	金融 / 未融资 / 500-2000人	平安健康保险
142	553129-数据分析师	虹口区	00:00发布	15k-20k	15k-20k 经验3-5年 / 本科	教育 MySQL	“五险一金,绩效奖金,带薪年假,定期体检”	移动互联网,教育 / C轮 / 2000人以上	平安好学
143	数据分析师	提篮桥	2天前发布	10k-20k	10k-20k 经验1-3年 / 本科	教育 数据分析	“大牛代教 业务数据分析”	教育,数据服务 / B轮 / 150-500人	橙脑教育
144	数据分析师（智能客服）(T000064)	长宁区	1天前发布	25k-50k	25k-50k 经验3-5年 / 本科	BI 数据分析 SQL 数据库	“平台大,大牛多,氛围好”	电商,移动互联网 / 上市公司 / 2000人以上	拼多多
145	资深数据分析师	张江	2天前发布	20k-30k	20k-30k 经验3-5年 / 本科	本地生活 数据仓库 数仓建模 Python 数据挖掘	“弹性工作、晋升空间、定期学习、不定期团建”	消费生活 / D轮及以上 / 500-2000人	美味不用等
146	资深数据分析-点评增长部	长宁区	09:15发布	25k-35k	25k-35k 经验不限 / 不限	产品经理	“丰富的内容生态”	消费生活 / 上市公司 / 2000人以上	美团
147	数据分析师（社交方向）(T010225)	长宁区	1天前发布	25k-40k	25k-40k 经验1-3年 / 本科	Hadoop Spark	“核心团队、发展快速”	电商,移动互联网 / 上市公司 / 2000人以上	拼多多
148	323197-企划数据分析岗	浦东新区	00:00发布	15k-25k	15k-25k 经验5-10年 / 本科	医疗健康 移动互联网 数据分析	“五险一金,股票期权,绩效奖金,节日福利”	移动互联网,医疗丨健康 / 上市公司 / 2000人以上	平安健康互联网
149	25316A-数据分析师	浦东新区	00:00发布	10k-15k	10k-15k 经验1-3年 / 本科	移动互联网 金融 数据分析 C端用户运营	“五险一金,带薪年假,定期体检,绩效奖金”	金融 / 上市公司 / 2000人以上	陆金所
150	资深数据分析师（广告战略方向）--2270	黄浦区	1天前发布	18k-30k	18k-30k 经验5-10年 / 本科	商业 数据分析 数据运营	“上市公司,发展前景好,团队氛围佳”	文娱丨内容 / 上市公司 / 2000人以上	爱奇艺
151	393148-资深数据分析师	龙华	00:00发布	25k-35k	25k-35k 经验5-10年 / 硕士	医疗健康 大数据 算法工程师 数据挖掘	“五险一金,绩效奖金,带薪年假,节日福利”	医疗健康 / A轮 / 500-2000人	平安医疗
152	数据分析	世纪公园	2天前发布	1k-2k	1k-2k 经验在校/应届 / 本科	Windows 数据库	“近地铁，发展空间大”	金融,数据服务 / 天使轮 / 15-50人	量盛科技
153	数据分析师	嘉定区	3天前发布	10k-20k	10k-20k 经验3-5年 / 本科	教育	“年终奖 2次调薪机会 旅游团建”	游戏,其他 / 未融资 / 150-500人	昆山微远
154	数据分析师	吴淞	3天前发布	10k-12k	10k-12k 经验1-3年 / 本科	数据分析 数据运营 SQL	“领导nice 10天年假”	企业服务 / 上市公司 / 2000人以上	微盟
155	数据分析专家	张江	3天前发布	20k-30k	20k-30k 经验3-5年 / 本科	本地生活 数据分析 数据建模	“弹性工作、晋升空间、定期学习、不定期团建”	消费生活 / D轮及以上 / 500-2000人	美味不用等
156	高级数据分析师	人民广场	2020-12-24	15k-25k	15k-25k 经验3-5年 / 本科	电商 sas 数据分析 解决方案 数据分析案例	“福利优、领导Nice、准独角兽、期权可待”	电商,数据服务 / 不需要融资 / 150-500人	任拓数据科技（上海）有限公司
157	高级数据分析师	七宝	2020-12-24	15k-22k	15k-22k 经验3-5年 / 本科	广告营销 本地生活 SQL 数据分析 SEO 数据挖掘	“数据积累、优秀的团队、进化型组织”	移动互联网 / 上市公司 / 500-2000人	百姓网
158	数据分析师	杨浦区	2020-12-24	15k-25k	15k-25k 经验3-5年 / 本科	数据挖掘 Python	“晋升快 空间大 免费午餐 交通便利”	移动互联网,电商 / D轮及以上 / 500-2000人	找钢网
159	数据分析师	长阳路	2020-12-24	20k-35k	20k-35k 经验3-5年 / 本科	Hive 数据分析	“美股上市，互联**育，技术大牛，环境棒”	教育 / 上市公司 / 2000人以上	流利说®
160	数据分析师	漕河泾	2020-12-24	14k-20k	14k-20k 经验1-3年 / 本科	MySQL	“专业团队、零食饮料、领导nice、福利好”	电商 / 上市公司 / 500-2000人	Shopee
161	数据分析师	浦东新区	2020-12-24	20k-40k	20k-40k 经验5-10年 / 本科	用户研究 数据分析 SQL Python	“核心部门 核心岗位 牛人团队 互联网电商”	电商,移动互联网 / 不需要融资 / 500-2000人	店宝宝电商
162	数据分析专家	延吉	2020-12-24	25k-50k	25k-50k 经验3-5年 / 本科	商业 数据分析 BI	“发展空间广阔、晋升完善、地铁周边、大平台”	移动互联网,文娱丨内容 / D轮及以上 / 500-2000人	虎扑
163	数据分析师	杨浦区	2020-12-23	15k-25k	15k-25k 经验3-5年 / 本科	金融 商业 BI 可视化 数据分析	“高速发展 精英团队 大牛带路”	金融 / 不需要融资 / 500-2000人	GeexFinance
164	数据分析师	闵行区	2020-12-24	15k-30k	15k-30k 经验1-3年 / 本科	新零售 BI 可视化 数据分析 数据运营	“年轻的团队，提供免费食宿,晋升空间大”	消费生活,其他 / C轮 / 2000人以上	紫燕食品
165	数据分析岗(J10544)	张江	2天前发布	15k-30k	15k-30k 经验3-5年 / 本科	大数据 数据分析 数据运营 商业	“国企福利，八险二金”	电商,金融 / 未融资 / 2000人以上	银联商务股份有限公司
166	资深数据分析师	闵行区	3天前发布	20k-40k	20k-40k 经验5-10年 / 本科	医疗健康 数据仓库 数据挖掘 数据分析	“环境好,福利好,氛围好,发展好”	移动互联网,消费生活 / B轮 / 500-2000人	企鹅杏仁
167	数据分析师	浦东新区	2020-12-23	20k-40k	20k-40k 经验3-5年 / 本科	数据分析	“高薪资,平台好,潜力大,氛围浓”	社交,文娱丨内容 / C轮 / 500-2000人	Soul
168	数据分析工程师	长宁区	2天前发布	12k-16k	12k-16k 经验3-5年 / 本科	Flink Spark Hadoop Hive	“五险一金、带薪年假事假、员工旅游”	信息安全,数据服务 / 上市公司 / 500-2000人	安恒信息
169	数据分析师	徐汇区	2020-12-24	15k-25k	15k-25k 经验5-10年 / 本科	医疗健康 数据分析	“餐补、交补、做五休二、全额缴纳五险一金”	移动互联网,医疗丨健康 / 不需要融资 / 50-150人	云健康
170	数据分析师	徐汇区	2020-12-24	15k-25k	15k-25k 经验5-10年 / 本科	医疗健康 SQL Python	“餐补、交补、做五休二、全额缴纳五险一金”	移动互联网,医疗丨健康 / 不需要融资 / 50-150人	云健康
171	数据分析师	浦东新区	2020-12-22	25k-45k	25k-45k 经验不限 / 本科	游戏 数据分析	“二次元科幻机甲少女战斗项目”	移动互联网,游戏 / 不需要融资 / 150-500人	上海域起
172	数据分析师	张江	2020-12-22	20k-35k	20k-35k 经验3-5年 / 本科	大数据 SQLServer	“公司氛围好 晋升快 扁平化管理”	消费生活 / B轮 / 2000人以上	叮咚买菜
173	数据分析专家	张江	2020-12-22	30k-50k	30k-50k 经验5-10年 / 本科	电商 本地生活	“公司氛围好 晋升快 扁平化管理”	消费生活 / B轮 / 2000人以上	叮咚买菜
174	游戏数据分析（欧美）	浦东新区	3天前发布	10k-20k	10k-20k 经验3-5年 / 本科	游戏 数据分析 数据运营 SQL Python	“薪资福利”	游戏 / B轮 / 500-2000人	叠纸游戏
175	数据分析师	中山公园	2020-12-22	7k-12k	7k-12k 经验1-3年 / 本科	电商	“周末双休，节日福利”	电商 / 不需要融资 / 500-2000人	乐其电商
176	高级数据分析师	张江	2020-12-21	15k-30k	15k-30k 经验5-10年 / 本科	Hadoop MySQL	“移动金融,未来金矿,精英团队,助力成长”	金融 / B轮 / 500-2000人	还呗-智能信贷领先者
177	数据分析师	浦东新区	2020-12-21	15k-30k	15k-30k 经验3-5年 / 本科	数据分析	“绩效奖金、餐费补贴、补充医疗保险、发展空间大”	移动互联网 / 未融资 / 50-150人	聚均科技
178	数据分析师	虹口区	2020-12-22	20k-40k	20k-40k 经验1-3年 / 本科	数据分析	“独角兽 年轻化团队”	移动互联网,教育 / D轮及以上 / 2000人以上	掌门1对1在线教育
179	数据分析专家	漕河泾	2020-12-21	25k-50k	25k-50k 经验不限 / 本科	Python 数据挖掘	“发展空间大”	数据服务,广告营销 / B轮 / 150-500人	MobTech
180	数据分析专员	黄浦区	2020-12-20	8k-12k	8k-12k 经验不限 / 本科	数据分析 Excel	“公司发展稳健”	电商,医疗丨健康 / 不需要融资 / 500-2000人	瑞妮丝医疗美容门诊部
181	数据分析师（风控建模）（base上海）	浦东新区	3天前发布	10k-18k	10k-18k 经验1-3年 / 本科	金融 大数据 Python SAS 建模	“发展前景好，培训机会多，团队nice，薪酬完善”	数据服务,金融 / B轮 / 50-150人	中科聚信
182	LK0802-资深数据分析师	复旦大学	3天前发布	18k-35k	18k-35k 经验3-5年 / 本科	互联网	“上市公司,五险一金”	移动互联网,文娱丨内容 / 上市公司 / 2000人以上	哔哩哔哩
183	数据分析师	七宝	2020-12-17	15k-25k	15k-25k 经验5-10年 / 本科	数据分析 python	“公司氛围佳，环境好，福利好”	移动互联网 / 上市公司 / 500-2000人	百姓网
184	到店技术-数据分析师	长宁区	3天前发布	25k-50k	25k-50k 经验3-5年 / 本科	数据分析	“大平台，强技术”	消费生活 / 上市公司 / 2000人以上	美团
185	车辆数据分析专家	嘉定区	3天前发布	35k-50k	35k-50k 经验10年以上 / 本科	数据挖掘	“五险一金，补充公积金，带薪休假”	移动互联网,硬件 / 上市公司 / 2000人以上	NIO蔚来
186	初级数据分析	长宁区	3天前发布	5k-8k	5k-8k 经验不限 / 本科	汽车 数据分析	“七险一金，假期旅游，弹性工作”	移动互联网 / 不需要融资 / 150-500人	彪洋科技
187	数据分析师	普陀区	2020-12-15	8k-14k	8k-14k 经验不限 / 本科	数据分析	“发展前景大”	房产家居 / 上市公司 / 2000人以上	红星美凯龙
188	数据分析师	西藏南路	2020-09-07	8k-15k	8k-15k 经验不限 / 不限	数据分析	“前途无量”	金融 / D轮及以上 / 150-500人	点融
189	薪酬数据分析员	闵行区	3天前发布	8k-14k	8k-14k 经验1-3年 / 本科	SPSS Excel Tableau	“五险一金 绩效奖金 带薪年假 住房补贴”	移动互联网,企业服务 / C轮 / 150-500人	易路
190	高级数据分析师	普陀区	2020-12-07	15k-25k	15k-25k 经验3-5年 / 本科	数据分析 BI 商业洞察	“不打卡，免费三餐”	移动互联网,教育 / B轮 / 500-2000人	叽里呱啦
191	资深数据分析师	提篮桥	2020-12-21	20k-40k	20k-40k 经验5-10年 / 本科	在线教育 早教 SQLServer SQL 业务数据	“快速发展周期 在线早教头部公司 红杉投后”	教育,数据服务 / B轮 / 150-500人	橙脑教育
192	高级数据分析师	周家桥	2020-12-17	25k-30k	25k-30k 经验5-10年 / 本科	数据挖掘	“发展空间大”	旅游 / 上市公司 / 2000人以上	同程旅行
193	数据分析师	曹杨	2020-12-23	15k-30k	15k-30k 经验3-5年 / 本科	BI 商业 数据分析	“五险一金 绩效奖金 弹性工作 补充公积金”	移动互联网,数据服务 / A轮 / 50-150人	联元智能科技
194	特思尔大宇宙数据分析师	静安区	3天前发布	8k-10k	8k-10k 经验3-5年 / 本科	大数据 云计算 数据挖掘	“多元化的工作空间和更多的机遇”	企业服务,数据服务 / 天使轮 / 15-50人	偶橙
195	数据分析师	潍坊	2020-12-03	12k-20k	12k-20k 经验1-3年 / 本科	SQL python	“上市公司 六险一金 晋升空间 快速成长”	金融,文娱丨内容 / 上市公司 / 500-2000人	上海金大师网络科技有限公司
196	数据分析实习生	田林	2020-12-21	4k-6k	4k-6k 经验在校/应届 / 本科	大数据 新零售 数据分析 数据处理 ETL MySQL	“牛人团队 成长空间 期权激励 独当一面”	企业服务,数据服务 / B轮 / 150-500人	观远数据
197	数据分析工程师	虹口区	3天前发布	9k-13k	9k-13k 经验1-3年 / 本科	数据仓库	“数据分析师 数据”	软件开发 / 未融资 / 15-50人	幕库科技
198	高级数据分析师（海外）	七宝	3天前发布	20k-40k	20k-40k 经验3-5年 / 本科	广告变现 数据分析	“上市公司/移动互联网”	移动互联网,数据服务 / 上市公司 / 500-2000人	触宝
199	数据分析师	中山公园	2020-12-09	15k-25k	15k-25k 经验1-3年 / 本科	Spark Hadoop Hive Python	“市场前景好 待遇好 福利好”	电商 / 不需要融资 / 500-2000人	格罗夫
200	数据分析师	杨浦区	2020-11-12	15k-25k	15k-25k 经验3-5年 / 本科	电商 需求分析 数据分析 产品设计	“氛围佳，团队nice”	移动互联网,电商 / B轮 / 500-2000人	得物App
201	数据分析师	新天地	2020-12-02	17k-32k	17k-32k 经验5-10年 / 本科	数据仓库	“五险一金带薪年假弹性工作 补充医疗保险”	金融 / 不需要融资 / 500-2000人	贝壳金服
202	数据分析专家	长宁区	2020-12-02	20k-40k	20k-40k 经验5-10年 / 本科	物流 金融 目标管理 业务流程管理	“独角兽平台 1~∞高成长 百亿美金估值”	移动互联网 / D轮及以上 / 2000人以上	满帮集团
203	数据分析师	闵行区	2020-12-15	20k-30k	20k-30k 经验3-5年 / 本科	数据分析	“平台好 扁平管理 弹性不打卡 免费中晚餐”	房产家居 / 上市公司 / 2000人以上	红星美凯龙
204	反欺诈数据分析师	浦东新区	2020-12-24	12k-24k	12k-24k 经验3-5年 / 本科	借贷 分析师 策略设计	“中信产业基金旗下”	移动互联网,金融 / 不需要融资 / 150-500人	小花科技
205	数据分析师	浦东新区	2020-12-08	20k-30k	20k-30k 经验3-5年 / 大专	数据分析	“丰厚奖金 偏平管理 弹性上班”	移动互联网 / 未融资 / 500-2000人	上海小牛互娱智能科技有限公司
206	数据分析师	青浦区	2020-09-08	8k-10k	8k-10k 经验1-3年 / 本科	物流 数据分析	“福利好”	电商 / 上市公司 / 2000人以上	中通快递
207	风险数据分析师（反欺诈）	浦东新区	2020-12-24	15k-30k	15k-30k 经验3-5年 / 本科	金融科技 风控 反欺诈策略	“团队氛围好,发展潜力大”	金融 / 未融资 / 500-2000人	微财数科
208	风险数据分析师（数据挖掘）	浦东新区	2020-12-24	15k-30k	15k-30k 经验3-5年 / 本科	金融科技 风控 数据挖掘 特征工程	“团队氛围好,发展潜力大”	金融 / 未融资 / 500-2000人	微财数科
209	bi数据分析师	张江	2020-12-24	15k-25k	15k-25k 经验3-5年 / 本科	电商 数仓建模 数据挖掘 数据分析	“上市公司、做五休二、地铁周边、节日福利”	电商,消费生活 / 上市公司 / 500-2000人	ezbuy
210	数据分析师	武宁路	2020-12-18	16k-20k	16k-20k 经验1-3年 / 本科	电商	“潜力”	移动互联网,企业服务 / D轮及以上 / 500-2000人	拉勾猎头
211	数据分析师	武宁路	2020-12-18	16k-20k	16k-20k 经验1-3年 / 本科	电商	“潜力”	移动互联网,企业服务 / D轮及以上 / 500-2000人	拉勾猎头
212	大数据分析工程师	张江	2020-12-24	15k-30k	15k-30k 经验3-5年 / 大专	大数据	“职位发展好,福利健全,免费班车”	移动互联网 / 不需要融资 / 150-500人	上海展盟
213	数据分析专员	田林	2020-12-02	4k-7k	4k-7k 经验1-3年 / 本科	数据分析 数据运营	“五险一金、双休、14薪、提供食宿”	其他 / 上市公司 / 2000人以上	天邦股份
214	数据分析师	宝山区	2020-12-14	15k-20k	15k-20k 经验1-3年 / 本科	大数据 商业 可视化 数据分析 BI	“弹性,高薪,自宅工作，远程工作”	数据服务,电商 / 未融资 / 少于15人	拓端数据
215	数据分析工程师	浦东新区	2020-12-24	10k-16k	10k-16k 经验3-5年 / 大专	Hive MySQL	“晋升空间大 公司重点项目”	移动互联网,金融 / 不需要融资 / 500-2000人	海万科技
216	电商数据分析师	人民广场	2020-12-24	15k-25k	15k-25k 经验3-5年 / 本科	电商 电商研究 抗压 驱动力 研究咨询	“福利优、领导Nice、准独角兽、期权可待”	电商,数据服务 / 不需要融资 / 150-500人	任拓数据科技（上海）有限公司
217	数据分析师	浦东新区	2020-11-10	15k-30k	15k-30k 经验5-10年 / 本科	大数据	“福利好”	移动互联网 / B轮 / 500-2000人	WiFi万能钥匙
218	大数据分析负责人/经理	浦东新区	2020-12-24	25k-50k	25k-50k 经验3-5年 / 本科	移动互联网 大数据 Hadoop Spark 数据仓库 Java	“薪资高，氛围好，领导nice”	移动互联网 / 不需要融资 / 150-500人	上海展盟
219	数据分析专员	宝山区	2020-12-14	3k-6k	3k-6k 经验在校/应届 / 本科	大数据 工具软件 商业 可视化 R python	“远程工作、按项目结算、优秀平台、高时薪”	数据服务,电商 / 未融资 / 少于15人	拓端数据
220	数据分析师	闵行区	2020-11-24	8k-12k	8k-12k 经验1年以下 / 本科	数据分析 python SQL	“弹性工作”	电商,数据服务 / 未融资 / 50-150人	雅通数据
221	SLG手游高级数据分析师	徐汇区	2020-12-24	20k-40k	20k-40k 经验3-5年 / 本科	游戏	“发展前景大，平台高，福利好”	社交 / 上市公司 / 2000人以上	腾讯
222	数据分析经理（服务方向）	北新泾	3天前发布	15k-30k	15k-30k 经验3-5年 / 本科	运营 数据分析	“创新团队，活力无限”	旅游 / 上市公司 / 2000人以上	携程集团
223	数据分析岗	浦东新区	2020-12-24	20k-35k	20k-35k 经验3-5年 / 本科	互联网金融 借贷 业务数据分析	“中信产业基金旗下”	移动互联网,金融 / 不需要融资 / 150-500人	小花科技
224	数据分析实习生	徐汇区	2020-11-26	3k-4k	3k-4k 经验在校/应届 / 本科	新零售 大数据 商业	“外资高管团队；公司文化好；已获多轮融资”	企业服务 / B轮 / 50-150人	HARB
225	数据运营（游戏数据分析师）	徐家汇	2020-12-23	11k-18k	11k-18k 经验3-5年 / 本科	游戏 运营	“年底双薪,员工旅游,员工体检,餐补车补”	游戏 / 未融资 / 150-500人	番糖游戏
226	数据分析实习生	普陀区	2020-10-30	4k-5k	4k-5k 经验在校/应届 / 本科	大数据 数仓建模 Python	“直接与大牛学习交流”	金融 / 天使轮 / 15-50人	格蓝威驰科技
227	数据分析工程师	闵行区	3天前发布	10k-20k	10k-20k 经验1-3年 / 本科	医疗健康 ETL 数据仓库 MySQL	“发展好,福利好,氛围好,环境好”	移动互联网,消费生活 / B轮 / 500-2000人	企鹅杏仁
228	业务数据分析	虹桥	2020-12-24	6k-8k	6k-8k 经验不限 / 大专	数据分析	“节日福利、七天年假、员工班车、加班工资”	电商,移动互联网 / 上市公司 / 2000人以上	旺旺集团
229	数据分析师（TapTap）(J11856)	闸北公园	2020-12-24	18k-35k	18k-35k 经验1-3年 / 本科	MySQL Python 数据分析	“扁平化管理；包三餐”	游戏,社交 / B轮 / 50-150人	TapTap
230	数据建模分析师	城隍庙	2020-12-24	15k-30k	15k-30k 经验3-5年 / 硕士	Java	“优美四合院、周五七小时、免费优质午餐”	数据服务,人工智能 / 不需要融资 / 150-500人	中诚信征信
231	资深数据分析师	张江	2020-11-09	20k-40k	20k-40k 经验5-10年 / 本科	互联网 数据分析	“大数据平台,千万级用户,工作氛围好,奖金丰厚”	移动互联网,消费生活 / B轮 / 500-2000人	掌门集团
232	数据分析师（创新药方向）	张江	2020-12-23	10k-20k	10k-20k 经验不限 / 硕士	大数据 医疗健康 数据分析	“带薪年假 定期体检 扁平管理 发展空间大”	移动互联网,医疗丨健康 / 天使轮 / 15-50人	医药魔方
233	数据分析师	闵行区	2020-12-15	7k-10k	7k-10k 经验在校/应届 / 本科	大数据 数据分析 可视化 数据库	“贴近实战的实习岗位，绩优者优先录用”	数据服务 / 不需要融资 / 15-50人	上海算酷信息科技有限公司
234	数据分析师	浦东新区	2020-09-23	12k-20k	12k-20k 经验3-5年 / 本科	大数据 互联网金融 数据分析 数据运营	“福利待遇 发展前景”	金融 / 上市公司 / 2000人以上	醇馨信息
235	高级数据分析师	静安区	2020-12-21	10k-15k	10k-15k 经验1-3年 / 本科	hive sql excel	“团队氛围好，加班少”	消费生活,其他 / C轮 / 2000人以上	上海链家
236	境外数据分析 (MJ000102)	田林	2020-12-23	15k-30k	15k-30k 经验不限 / 不限	游戏运营	“六险一金,扁平化,年终多薪”	移动互联网,游戏 / 不需要融资 / 2000人以上	上海米哈游
237	数据分析师（风控建模方向-上海）	城隍庙	2020-12-24	15k-30k	15k-30k 经验1-3年 / 硕士	Java 数据分析	“弹性工作制,周五7小时,扁平化管理”	数据服务,人工智能 / 不需要融资 / 150-500人	中诚信征信
238	数据分析师	莘庄	2020-12-21	15k-25k	15k-25k 经验3-5年 / 本科	SQL 数据库	“13-15薪”	移动互联网,硬件 / D轮及以上 / 2000人以上	哈啰出行
239	数据分析师	塘桥	2020-12-15	15k-25k	15k-25k 经验1-3年 / 本科	Spark	“绩效工资”	金融 / 上市公司 / 2000人以上	浦发信用卡
240	数据分析师	复旦大学	2020-11-16	9k-13k	9k-13k 经验1-3年 / 硕士	可视化 数据分析	“数据分析”	教育,数据服务 / 天使轮 / 15-50人	数据之家
241	数据分析（销氪）	吴淞	3天前发布	13k-25k	13k-25k 经验5-10年 / 本科	企业服务 数据报表 数据看板	“公司前景好，发展空间大”	企业服务 / 上市公司 / 2000人以上	微盟
242	数据分析岗	浦东新区	3天前发布	25k-45k	25k-45k 经验3-5年 / 硕士	MySQL Python tableau	“绩效奖金、技术氛围好、办公环境好”	金融 / 上市公司 / 2000人以上	广发证券
243	高级数据分析师	长阳路	2020-12-14	18k-24k	18k-24k 经验3-5年 / 本科	数据分析 Hive MySQL	“企业文化积极向上 平台发展成熟稳健”	金融 / 上市公司 / 2000人以上	诺亚（中国）控股有限公司
244	高级数据分析师	塘桥	2020-12-09	20k-30k	20k-30k 经验3-5年 / 硕士	大数据 金融 数据分析 金融	“金融,高薪”	金融 / 上市公司 / 2000人以上	浦发信用卡
245	高级数据分析经理	宝山区	2020-12-24	20k-30k	20k-30k 经验5-10年 / 本科	新零售 数据挖掘 数仓建模	“待遇好，氛围好，学习机会多。”	电商,企业服务 / B轮 / 150-500人	虎赞科技
246	数据分析师	浦东新区	2020-12-18	20k-30k	20k-30k 经验5-10年 / 本科	移动互联网 游戏 数据分析	“下午茶，五险一金，团建，带薪年假，项目奖金”	移动互联网 / 未融资 / 500-2000人	上海小牛互娱智能科技有限公司
247	ND8460-资深数据分析师	杨浦区	2020-12-23	20k-40k	20k-40k 经验3-5年 / 本科	互联网	“上市公司,五险一金”	移动互联网,文娱丨内容 / 上市公司 / 2000人以上	哔哩哔哩
248	数据分析（内容策略） (MJ000662)	田林	2020-12-23	15k-30k	15k-30k 经验不限 / 不限	游戏	“六险一金,扁平化,年终多薪”	移动互联网,游戏 / 不需要融资 / 2000人以上	上海米哈游
249	数据分析师	静安区	2020-12-16	13k-25k	13k-25k 经验3-5年 / 本科	互联网金融 数据分析	“紧贴市场业务需求，和Global团队合作”	金融,软件开发 / 不需要融资 / 150-500人	易得碧计算机
250	高级数据分析师	闵行区	2020-10-14	20k-40k	20k-40k 经验5-10年 / 本科	广告营销 新零售 Spark MySQL Oracle Python	“接驳班车 免费三餐”	电商 / 上市公司 / 2000人以上	唯品会
251	数据分析师(商业方向，中高级）	静安区	2020-12-24	10k-20k	10k-20k 经验1-3年 / 本科	大数据	“大数据人工智能；名校系大牛；技术氛围浓”	移动互联网,数据服务 / 不需要融资 / 50-150人	一面数据
252	资深数据分析师	北外滩	2020-11-27	15k-30k	15k-30k 经验5-10年 / 本科	Hive Python MySQL	“年终奖，平台快速发展”	金融 / B轮 / 150-500人	i云保
253	数据分析师	徐家汇	2020-12-02	20k-30k	20k-30k 经验3-5年 / 不限	电商 新零售	“发展前景大、项目靠谱、团队nice”	电商,消费生活 / 不需要融资 / 150-500人	怡途集团
254	数据分析师	陆家嘴	2020-11-09	12k-15k	12k-15k 经验在校/应届 / 硕士	教育 数据分析	“线上办公，时间自由”	数据服务、教育 / 不需要融资 / 150-500人	知掘教育
255	数据分析师	外滩	2020-12-11	8k-10k	8k-10k 经验1-3年 / 本科	金融 算法 数据库	“五险一金 职位前景好”	金融 / D轮及以上 / 150-500人	北京理享家
256	数据分析师	莘庄	2020-12-21	25k-40k	25k-40k 经验3-5年 / 本科	SQL 商业 可视化	“发展前景”	移动互联网,硬件 / D轮及以上 / 2000人以上	哈啰出行
257	数据分析师	浦东新区	2020-12-17	14k-24k	14k-24k 经验3-5年 / 本科	视频 移动互联网	“发展、提升”	移动互联网,企业服务 / 上市公司 / 500-2000人	前程无忧
258	数据分析专家	延吉	2020-08-25	25k-45k	25k-45k 经验5-10年 / 本科	电商 数据分析 SQL Tableau	“大厂 牛人 盈利”	电商,通讯电子 / 不需要融资 / 150-500人	上海识致信息科技有限责任公司
259	数据分析工程师（应届生）	张江	3天前发布	8k-10k	8k-10k 经验在校/应届 / 本科	数据分析	“发展平台，晋升空间”	移动互联网,金融 / 不需要融资 / 2000人以上	交银企服
260	商业数据分析师-华东	漕河泾	2020-12-24	15k-30k	15k-30k 经验3-5年 / 本科	大数据 Hadoop Hive GrowingIO SQL	“氛围open，大牛多多~”	企业服务,数据服务 / B轮 / 150-500人	GrowingIO
261	资深数据分析师	中山公园	2020-11-26	30k-60k	30k-60k 经验5-10年 / 本科	电商 大数据 ETL 数仓建模 MySQL Python	“大数据，全球视野，”	移动互联网,电商 / 上市公司 / 2000人以上	亚马逊（中国）
262	数据分析专家	北外滩	2020-10-09	25k-45k	25k-45k 经验5-10年 / 本科	Python SQL 数据统计	“扁平化管理；有竞争力的薪酬；团队氛围好”	金融 / 上市公司 / 2000人以上	众安保险
263	资深数据分析师	张江	2020-10-26	25k-50k	25k-50k 经验5-10年 / 本科	工具软件 电商 商业 可视化 数据分析 SQL	“薪资待遇好，全年基本上16薪以上。”	文娱丨内容 / 上市公司 / 500-2000人	趣头条
264	数据分析师	虹桥	2020-08-28	20k-35k	20k-35k 经验3-5年 / 本科	信息安全 用户研究 用户增长 需求分析 数据分析	“弹性工作”	移动互联网 / B轮 / 150-500人	信飞数科/信用飞/首付游
265	数据分析师	杨浦区	2020-09-29	9k-18k	9k-18k 经验1-3年 / 本科	汽车 大数据 数据分析 用户增长 SQL	“背靠上汽集团大数据平台”	其他,汽车丨出行 / 未融资 / 500-2000人	上汽大通
266	软件维护工程师（数据分析方向）	徐家汇	2020-12-24	15k-30k	15k-30k 经验3-5年 / 本科	数据仓库	“六险一金、年底双薪、期权激励、年终奖”	移动互联网 / C轮 / 150-500人	海鹚科技
267	数据分析师	宝山区	2020-09-23	15k-30k	15k-30k 经验3-5年 / 本科	电商 大数据 数据分析 SQL	“大平台”	移动互联网,电商 / 上市公司 / 500-2000人	京东
268	数据分析实习	七宝	2020-12-23	2k-3k	2k-3k 经验在校/应届 / 不限	地图 分类信息	“弹性,成长,独当一面”	数据服务,企业服务 / 未融资 / 少于15人	楷青
269	数据分析师校招	田林	2020-12-24	2k-3k	2k-3k 经验在校/应届 / 本科	医疗健康 数据分析	“发展前景好”	数据服务,硬件 / A轮 / 50-150人	至数
270	影视作品 数据分析员	徐家汇	2020-12-23	1k-2k	1k-2k 经验在校/应届 / 大专	大数据 数据分析	“交通便利、工作环境舒适”	金融,企业服务 / 未融资 / 15-50人	拍片保
271	游戏数据分析师	虹梅路	2020-12-21	30k-40k	30k-40k 经验3-5年 / 本科	游戏 社交 商业 数据运营 数据分析	“业务导向 扁平化管理”	社交 / B轮 / 500-2000人	比心陪练
272	数据分析师	浦东新区	2020-09-23	15k-30k	15k-30k 经验3-5年 / 本科	大数据	“知名国企外包，福利好”	不限 / 未融资 / 15-50人	上海骞行
273	数据分析师	静安区	2020-12-03	9k-14k	9k-14k 经验不限 / 本科	Python SQL/My AQL	“公司前景好 发展空间大 福利待遇优”	医疗丨健康 / 未融资 / 50-150人	中间带
274	数据分析师	浦东新区	2020-08-19	15k-25k	15k-25k 经验3-5年 / 本科	大数据 金融 数据挖掘 机器学习 风控	“空间大 领导nice 有发展”	数据服务 / C轮 / 150-500人	集奥聚合（GEO）
275	数据分析工程师	张江	2020-12-21	25k-35k	25k-35k 经验5-10年 / 本科	Oracle Python SQLServer	“公司规模大，前景好”	文娱丨内容 / 上市公司 / 500-2000人	趣头条
276	初级数据分析师	虹梅路	2020-12-24	5k-10k	5k-10k 经验在校/应届 / 不限	数据分析	“发展前景好”	数据服务,硬件 / A轮 / 50-150人	至数
277	资深数据分析师（商业分析方向）	浦东新区	2020-12-21	25k-50k	25k-50k 经验3-5年 / 本科	数据分析	“牛人多，大平台，带薪年假，团队旅游，福利多”	金融 / B轮 / 500-2000人	还呗-智能信贷领先者
278	数据分析实习生 (MJ000088)	浦东新区	2020-12-23	4k-6k	4k-6k 经验在校/应届 / 不限	社交 MySQL	“发展快、团队氛围好、人才济济”	社交,文娱丨内容 / C轮 / 500-2000人	Soul
279	数据分析师	静安区	2020-10-14	8k-13k	8k-13k 经验不限 / 本科	移动互联网 数据分析 BI SaaS SQL	“帮助制造业客户提高效率, 实现数据驱动决策”	企业服务,数据服务 / B轮 / 150-500人	黑湖科技
280	数据分析	长征	2020-10-19	22k-35k	22k-35k 经验5-10年 / 硕士	电商 本地生活	“15薪”	消费生活 / D轮及以上 / 2000人以上	饿了么
281	商业数据分析师	镇宁路	2020-12-19	8k-16k	8k-16k 经验1-3年 / 本科	数据分析	“五险一金 国外旅游 补充医疗保险”	电商,广告营销 / 不需要融资 / 50-150人	上海威超广告有限公司
282	数据分析师助理	浦东新区	2020-12-23	6k-8k	6k-8k 经验1-3年 / 本科	金融 媒体 数据分析 MySQL	“开创性机构-有发展前景-团队氛围好”	金融,数据服务 / 不需要融资 / 15-50人	橘涞金服
283	高级数据分析师	徐家汇	2020-11-15	30k-50k	30k-50k 经验5-10年 / 硕士	大数据 金融 数据分析	“全球最佳雇主”	人工智能 / 不需要融资 / 2000人以上	SAS
284	游戏数据分析师 (MJ000813)	浦东新区	2020-12-14	10k-20k	10k-20k 经验不限 / 不限	数据分析	“发展空间大”	游戏 / B轮 / 500-2000人	叠纸游戏
285	销售运营（数据分析方向）	张江	2020-12-18	15k-25k	15k-25k 经验3-5年 / 本科	运营 数据运营 销售运营	“六险一金，扁平化管理，年终奖金”	移动互联网,文娱丨内容 / D轮及以上 / 2000人以上	喜马拉雅
286	Python数据分析师SH	虹口区	2020-12-16	10k-20k	10k-20k 经验1-3年 / 本科	金融 Python SQLServer	“办公环境优越；团队氛围好；两餐补贴”	金融 / 不需要融资 / 500-2000人	通联数据
287	ui设计师（数据分析方向）	徐汇区	2020-12-21	10k-15k	10k-15k 经验3-5年 / 本科	大数据 云计算 UI UE 交互	“餐补·弹性工作·导师带领”	企业服务,数据服务 / B轮 / 150-500人	观远数据
288	数据分析实习	花木	2020-12-23	3k-4k	3k-4k 经验在校/应届 / 不限	医疗健康 数据分析 BI	“成长快”	医疗丨健康,移动互联网 / 不需要融资 / 150-500人	云鹊医疗
289	数据分析师 (MJ000795)	城隍庙	2020-12-22	20k-40k	20k-40k 经验3-5年 / 硕士	金融 数据算法	“团队实力强 金融投研实力强”	金融 / 不需要融资 / 150-500人	东证资管
290	数据分析师	徐家汇	2020-10-24	10k-16k	10k-16k 经验在校/应届 / 硕士	银行 数据分析	“全球最佳雇主”	企业服务,数据服务 / 不需要融资 / 2000人以上	SAS
291	数据分析师	浦东新区	2020-11-30	15k-20k	15k-20k 经验1-3年 / 本科	大数据 数据挖掘	“团队氛围好,挑战与学习,办公环境好”	移动互联网,消费生活 / A轮 / 50-150人	美至科技
292	数据建模师	漕河泾	2020-12-24	12k-20k	12k-20k 经验1-3年 / 本科	大数据 企业服务 数仓建模 Hadoop Erwin PowerDesigner	“氛围open，成长空间大~”	企业服务,数据服务 / B轮 / 150-500人	GrowingIO
293	数据分析工程师	浦东新区	2020-12-22	6k-8k	6k-8k 经验在校/应届 / 本科	Spark Python Pandas	“临港地区人才福利政策”	数据服务 / 未融资 / 15-50人	中云数据
294	游戏数据分析 (MJ000325)	闵行区	2020-12-18	15k-23k	15k-23k 经验不限 / 不限	MySQL	“福利待遇好，晋升空间大”	游戏 / 不需要融资 / 500-2000人	沐瞳游戏
295	数据分析师（实习生）	中山公园	2020-12-22	5k-10k	5k-10k 经验在校/应届 / 本科	电商 大数据	“周末双休”	电商 / 不需要融资 / 500-2000人	乐其电商
296	数据分析主管	黄浦区	2020-12-20	20k-30k	20k-30k 经验3-5年 / 本科	电商 ETL MySQL	“福利待遇好，工作环境佳”	电商,医疗丨健康 / 不需要融资 / 500-2000人	瑞妮丝医疗美容门诊部
297	客服数据分析师	东外滩	2020-12-01	12k-20k	12k-20k 经验3-5年 / 本科	数据运营 BI SQL 数据库	“互联网大平台 发展空间大 福利好”	消费生活 / 上市公司 / 2000人以上	达达集团
298	业务数据分析师(J21305)	北新泾	2020-12-15	13k-25k	13k-25k 经验1-3年 / 本科	数据分析 数据运营	“平台大”	旅游 / 上市公司 / 2000人以上	携程集团
299	数据分析专家	闵行区	2020-11-30	35k-45k	35k-45k 经验5-10年 / 本科	hive Excel	“可以电话和视频，反馈速度快”	电商,通讯电子 / 不需要融资 / 500-2000人	文通图像识别研究中心
300	数据分析师	静安区	2020-10-13	5k-8k	5k-8k 经验1年以下 / 本科	大数据	“成为核心员工，伴随公司一同成长”	金融 / 不需要融资 / 15-50人	路诚数据
301	数据分析实习生	张江	2020-09-19	2k-3k	2k-3k 经验在校/应届 / 大专	数据分析	“有留用机会”	广告营销 / 未融资 / 少于15人	上海一里井
302	数据分析师-515	长宁区	2020-12-18	8k-12k	8k-12k 经验1-3年 / 本科	广告营销 数据分析	“超长带薪年假 健身卡 免费早餐”	社交,广告营销 / D轮及以上 / 500-2000人	飞书深诺
303	数据分析经理	闸北公园	2020-07-14	10k-20k	10k-20k 经验1-3年 / 本科	房产服务 数据分析 行业分析	“发展潜力大，福利待遇优”	其他,企业服务 / 上市公司 / 2000人以上	易居房友
304	数据分析师（会python）	浦东新区	2020-12-04	12k-20k	12k-20k 经验1-3年 / 本科	SQL python	“大数据”	移动互联网,数据服务 / 不需要融资 / 50-150人	蚁城科技
305	数据分析经理	静安寺	2020-12-10	15k-25k	15k-25k 经验3-5年 / 本科	大数据 数据分析	“上市公司”	数据服务,企业服务 / 上市公司 / 500-2000人	Gridsum 国双
306	数据分析师（实习）	静安区	2020-12-24	3k-6k	3k-6k 经验在校/应届 / 本科	大数据	“大数据人工智能；名校系大牛；技术氛围浓”	移动互联网,数据服务 / 不需要融资 / 50-150人	一面数据
307	商业数据分析主管	周家桥	2020-12-17	25k-35k	25k-35k 经验5-10年 / 本科	数据分析 消费者分析 市场竞争分析 营销策略	“团队管理”	旅游 / 上市公司 / 2000人以上	同程旅行
308	数据分析	徐汇区	2020-09-28	7k-10k	7k-10k 经验1-3年 / 本科	汽车	“专业汽车行业研究，发展前景佳，公司氛围佳”	企业服务 / 未融资 / 500-2000人	博万
309	BI数据分析师	江桥	2020-11-30	10k-15k	10k-15k 经验1-3年 / 本科	大数据 云计算 数据仓库	“团队年轻/发展平台大”	电商 / C轮 / 500-2000人	FlowerPlus
310	数据分析师（海外）	八佰伴	2020-11-15	15k-25k	15k-25k 经验3-5年 / 本科	算法工程师	“技术实力强”	信息安全,数据服务 / C轮 / 150-500人	冰鉴科技
311	财务数据分析高级经理	长阳路	2020-11-20	17k-30k	17k-30k 经验5-10年 / 本科	金融	“行业头部企业”	金融 / 上市公司 / 2000人以上	诺亚（中国）控股有限公司
312	数据分析(J10941)	汶水路	2020-11-10	15k-25k	15k-25k 经验3-5年 / 本科	数据仓库 数仓建模 Hadoop Hive	“独角兽 年轻化”	移动互联网,消费生活 / 上市公司 / 2000人以上	房多多
313	安全大数据分析师	新天地	2020-12-02	17k-32k	17k-32k 经验5-10年 / 本科	Python	“五险一金 带薪年假 补充医疗”	金融 / 不需要融资 / 500-2000人	贝壳金服
314	高级数据分析师	徐家汇	2020-11-17	20k-40k	20k-40k 经验5-10年 / 硕士	银行 数据挖掘	“全球最佳雇主”	企业服务,数据服务 / 不需要融资 / 2000人以上	SAS
315	Game Data Analyst游戏数据分析	南京西路	2020-12-23	18k-22k	18k-22k 经验1-3年 / 本科	游戏 大数据 MySQL tableau	“知名IP，专业团队，员工福利”	移动互联网,游戏 / 上市公司 / 150-500人	EA
316	数据建模分析师	虹桥	2020-11-29	12k-18k	12k-18k 经验1-3年 / 本科	银行 风险管理	“大平台，发展空间大”	金融,消费生活 / 上市公司 / 2000人以上	交通银行
317	游戏数据分析专家	徐汇区	2020-12-11	15k-30k	15k-30k 经验3-5年 / 本科	游戏 运营	“3餐免费、带薪病假、双休、带薪年假”	文娱丨内容 / D轮及以上 / 2000人以上	快手
318	业务数据分析	虹桥	2020-12-09	7k-9k	7k-9k 经验1-3年 / 大专	数据分析 SPSS	“节日福利、七天年假、员工班车、加班工资”	电商,移动互联网 / 上市公司 / 2000人以上	旺旺集团
319	0831I0-数据分析岗	陆家嘴	2020-11-12	25k-30k	25k-30k 经验1-3年 / 本科	保险 医疗健康 业务管理	“五险一金,绩效奖金,带薪年假,定期体检”	金融 / 上市公司 / 2000人以上	平安养老保险股份有限公司
320	《40万顶薪》资深数据分析工程师02	张江	2020-12-21	14k-28k	14k-28k 经验5-10年 / 本科	游戏 数据挖掘	“发展前景，良好的团队氛围，福利待遇”	游戏 / 不需要融资 / 150-500人	上海敬游软件
321	《21万顶薪》数据分析工程师00	张江	2020-12-14	6k-12k	6k-12k 经验在校/应届 / 本科	数据分析	“游戏”	游戏 / 不需要融资 / 150-500人	上海敬游软件
322	数据分析-钥匙业务	浦东新区	2020-12-16	15k-25k	15k-25k 经验3-5年 / 本科	SQLServer	“弹性工作,技术驱动”	移动互联网,消费生活 / B轮 / 500-2000人	掌门集团
323	数据分析/商业分析师(J10572)	虹梅路	2020-12-22	15k-25k	15k-25k 经验3-5年 / 本科	数据分析 业务建模 python R	“工作环境佳 公司重点项目 发展前景好”	游戏 / D轮及以上 / 2000人以上	网鱼
324	商业数据分析经理	五里桥	2020-12-15	35k-45k	35k-45k 经验5-10年 / 本科	医疗健康 企业服务 商业数据分析 项目管理 团队管理	“新团队，发展前景好，不加班”	医疗丨健康 / 未融资 / 2000人以上	Indegene
325	数据建模工程师	浦东新区	2020-12-07	3k-5k	3k-5k 经验在校/应届 / 本科	数据建模 数据管理 python	“发展空间大 晋升渠道多 团队氛围好”	数据服务 / 上市公司 / 2000人以上	思特奇Si-tech
326	大数据建模岗JK2007	浦东新区	2020-12-21	15k-30k	15k-30k 经验3-5年 / 本科	数据分析 数据仓库 MySQL SQLServer	“央企”	金融 / 不需要融资 / 500-2000人	太平金科
327	电商广告投放数据分析	田林	2020-12-21	25k-40k	25k-40k 经验5-10年 / 本科	电商 广告营销 消费者分析 营销策略 数据分析	“外企文化 超长年假”	消费生活 / 不需要融资 / 2000人以上	宜家
328	bi数据分析师	徐汇区	2020-11-05	15k-22k	15k-22k 经验3-5年 / 本科	数据仓库 MySQL Python Bi	“全栈的数据及业务增长视角”	消费生活 / 不需要融资 / 2000人以上	北京我爱我家
329	数据分析全栈顾问	闵行区	2020-12-15	8k-12k	8k-12k 经验3-5年 / 本科	房产服务 大数据	“全面的培训体系拉开你与同辈人的距离。”	数据服务 / 不需要融资 / 15-50人	上海算酷信息科技有限公司
330	数据分析师-digital-广告监测方向	中山公园	2020-12-07	6k-7k	6k-7k 经验不限 / 本科	广告营销 大数据 媒介 投放	“AI大数据广告监测”	数据服务,广告营销 / D轮及以上 / 2000人以上	明略科技集团
331	数据分析实习	曹杨	2020-12-23	5k-6k	5k-6k 经验在校/应届 / 不限	BI 可视化 数据分析	“五险一金 绩效奖金 弹性工作 补充公积金”	移动互联网,数据服务 / A轮 / 50-150人	联元智能科技
332	电商数据分析师	张江	2020-12-08	8k-16k	8k-16k 经验3-5年 / 本科	电商 大数据 数据分析 行业分析 消费者分析 市场分析	“扁平管理,电商3.0,学习成长快,老板好”	电商,广告营销 / 未融资 / 15-50人	Uni-Win
333	数据分析经理	老西门	2020-12-08	20k-40k	20k-40k 经验5-10年 / 本科	电商 领导力 数据挖掘 数据分析	“发展迅猛 成长快”	电商,其他 / 不需要融资 / 150-500人	上海奥深商务咨询有限公司
334	大数据分析岗JK2010	浦东新区	2020-12-21	15k-25k	15k-25k 经验1-3年 / 本科	MySQL Oracle SQLServer 数据分析	“央企”	金融 / 不需要融资 / 500-2000人	太平金科
335	贷后数据分析	张江	2020-12-04	12k-20k	12k-20k 经验1-3年 / 本科	风控 信贷风险管理	“工作氛围好”	金融 / 上市公司 / 500-2000人	360数科
336	数据分析经理	汶水路	2020-11-26	20k-25k	20k-25k 经验5-10年 / 本科	BI 商业 数据分析 SQL	“业内top one agency 大牌客户 高智商团队”	广告营销,数据服务 / 不需要融资 / 2000人以上	arvato China
337	资深业务数据分析师	徐汇区	2020-09-21	15k-30k	15k-30k 经验3-5年 / 本科	SQL 金融信贷 消费金融	“持牌消金 行业top 金融科技 大牛带教”	金融,移动互联网 / 不需要融资 / 2000人以上	马上消费
338	商业数据分析师	浦东新区	2020-11-23	10k-15k	10k-15k 经验1-3年 / 本科	金融 数据分析 SQL 商业 数据库	“专业指导 福利待遇优 上市公司”	金融 / 上市公司 / 2000人以上	醇馨信息
339	大数据分析师	虹梅路	2020-12-02	10k-18k	10k-18k 经验1-3年 / 本科	企业服务 游戏 ETL SQL	“团队氛围好，踏实做事”	游戏 / D轮及以上 / 2000人以上	网鱼
340	数据分析运营	黄浦区	2020-12-13	8k-12k	8k-12k 经验1-3年 / 本科	电商 广告营销 数据分析	“带薪年假；补充医疗保险；绩效奖金”	电商,数据服务 / 不需要融资 / 50-150人	Webpower
341	高级数据分析师（风控方向）	浦东新区	2020-12-11	18k-35k	18k-35k 经验3-5年 / 本科	信息安全 电商 数据仓库 MySQL Python Hive	“不接需求，不做报表，专注于项目分析。”	电商 / B轮 / 500-2000人	梦饷集团
342	数据分析/数据运营/策略运营	龙华	2020-12-10	7k-14k	7k-14k 经验不限 / 本科	移动互联网 Python 数据分析 数据运营	“平台大，上市公司，团队氛围佳”	其他 / 不需要融资 / 2000人以上	上海我爱我家房地产经...
343	数据分析师（供应链）	闵行区	2020-08-31	20k-40k	20k-40k 经验5-10年 / 本科	电商 新零售 数据分析 SQL	“供应链优势，数据体量大，5年新零售沉淀”	电商,消费生活 / D轮及以上 / 2000人以上	永辉云创科技有限公司
344	数据分析师（会员营销方向）	闵行区	2020-08-31	20k-40k	20k-40k 经验3-5年 / 本科	电商 新零售 SQL 数据分析	“千万会员，超市龙头，5年新零售沉淀”	电商,消费生活 / D轮及以上 / 2000人以上	永辉云创科技有限公司
345	SSC-数据分析	长征	2020-09-24	25k-33k	25k-33k 经验5-10年 / 本科	数据分析 数据运营	“五险一金,定期体检,旅游福利”	消费生活 / D轮及以上 / 2000人以上	饿了么
346	高级数据分析师 (MJ002663)	长宁区	2020-11-09	20k-30k	20k-30k 经验5-10年 / 本科	电商 数据分析	“五险一金 年底双薪 绩效奖金 晋升涨薪”	电商,移动互联网 / C轮 / 2000人以上	SHEIN
347	风控数据建模经理	陆家嘴	2020-11-05	20k-40k	20k-40k 经验3-5年 / 本科	风控 风险分析 风险管理	“福利待遇好，晋升空间大”	物流丨运输 / 上市公司 / 2000人以上	顺丰速运
348	高级数据分析经理	中山公园	2020-11-26	50k-100k	50k-100k 经验10年以上 / 本科	电商 互联网 高科技 SQL Data Warehouse	“团队管理，全球视野，大平台，海量数据”	移动互联网,电商 / 上市公司 / 2000人以上	亚马逊（中国）
349	数据分析应用开发工程师-应届生招聘	杨浦区	2020-10-20	10k-15k	10k-15k 经验1年以下 / 本科	大数据 数据仓库 AWS	“大数据 云”	移动互联网,数据服务 / 未融资 / 150-500人	比孚
350	实习生-商业数据分析	交通大学	2020-11-03	3k-6k	3k-6k 经验在校/应届 / 本科	统计学 商务分析学	“发展前景 优秀可转正式员工”	移动互联网 / B轮 / 150-500人	商帆
351	数据分析岗	曹家渡	2020-10-22	10k-15k	10k-15k 经验1-3年 / 本科	金融 Python	“年度旅游 通讯津贴 带薪年假 下午茶”	移动互联网,金融 / C轮 / 150-500人	南燕保险科技
352	商业数据分析师	周家桥	2020-12-17	2k-3k	2k-3k 经验在校/应届 / 本科	电商 数据库 BI 商业 数据分析	“直接接触一线品牌的商业数据分析工作”	消费生活 / 未融资 / 15-50人	上海花楸餐饮管理有限...
353	数据分析(实习生)	周家桥	2020-12-16	2k-3k	2k-3k 经验在校/应届 / 本科	大数据 电商 MongoDB Python	“直接接触项目的数据分析工作”	消费生活 / 未融资 / 15-50人	上海花楸餐饮管理有限...
354	【15-20K在线兼职】数据分析讲师	共康	2020-11-24	15k-20k	15k-20k 经验不限 / 本科	副业发展 知识经验变现 数据分析讲师	“用**时间发展靠谱副业，人生多一个选择。”	移动互联网,教育 / 未融资 / 少于15人	堔享网
355	数据分析助理	闵行区	2020-11-06	3k-4k	3k-4k 经验在校/应届 / 本科	大数据	“老板nice，大牛云集”	移动互联网,数据服务 / B轮 / 50-150人	扩博智能
356	业务数据分析师	徐汇区	2020-12-04	10k-15k	10k-15k 经验1-3年 / 本科	大数据 医疗健康 BI SQL 数据分析 数据库	“发展前景、领导好、福利号”	医疗丨健康 / 未融资 / 150-500人	上海松佰牙科器械有限公司
357	BI-数据分析实习生（电商直播业务方向）	龙华	2020-12-08	3k-6k	3k-6k 经验在校/应届 / 本科	电商 BI 直播数据分析 商业数据分析 BA	“留用机会 各类补贴”	移动互联网,电商 / B轮 / 150-500人	只二
358	数据分析项目经理	黄浦区	2020-08-25	15k-20k	15k-20k 经验1-3年 / 本科	人工智能 计算机软件 项目管理 解决方案 数据分析 机器学习	“硅谷文化 股票期权 弹性工作 贝果假期”	人工智能 / A轮 / 50-150人	行动贝果
359	电商数据分析（实习）	静安区	2020-11-12	5k-10k	5k-10k 经验在校/应届 / 本科	广告营销 市场分析 营销策略 消费者分析 数据分析	“全面的培训、轻松的氛围、大牛众多”	数据服务 / 不需要融资 / 150-500人	联蔚数据
360	运营数据分析	洋泾	2020-09-22	8k-10k	8k-10k 经验1-3年 / 本科	游戏 游戏运营 运营	“全勤奖、年度体检、年度旅游、餐补”	游戏 / B轮 / 150-500人	微屏游戏
361	用户运营（偏数据分析方向）	徐汇区	2020-11-20	10k-13k	10k-13k 经验1-3年 / 本科	新零售 数字营销 数据分析 用户增长 裂变拉新	“好吃好喝，在增长迅速的赛道充分发挥你能力”	消费生活 / 天使轮 / 15-50人	上海丰果
362	Stata数据分析师	长宁区	2020-08-27	6k-10k	6k-10k 经验在校/应届 / 本科	线上兼职 远程实习	“重要职位”	教育,其他 / A轮 / 15-50人	上海链牍科技有限公司
363	金融数据分析远程实习生	长宁区	2020-08-27	6k-10k	6k-10k 经验在校/应届 / 本科	线上兼职 远程实习	“重要职位”	教育,其他 / A轮 / 15-50人	上海链牍科技有限公司
364	数据分析经理（网络金融）	天山路	2020-12-09	20k-30k	20k-30k 经验3-5年 / 本科	数据分析	“年终奖，银行，补充医疗，公积金”	移动互联网,金融 / 不需要融资 / 2000人以上	交银企服
365	数据分析岗	浦东新区	2020-12-08	20k-25k	20k-25k 经验3-5年 / 本科	数据分析 SQL DBA	“补充公积金 企业年金 补充医疗 餐补”	移动互联网,金融 / 不需要融资 / 150-500人	ChinaPay
366	Data Analyst数据分析工程师	静安区	2020-09-27	20k-40k	20k-40k 经验3-5年 / 本科	电商 数据分析	“硅谷电商,美资企业,团队优秀,福利好”	电商 / D轮及以上 / 50-150人	WISH CHINA
367	数据建模专家-上海（MJ000161）	塘桥	2020-07-29	20k-40k	20k-40k 经验3-5年 / 本科	数据分析 数据架构 算法 数据挖掘	“安全计算独角兽，福利待遇好”	数据服务,金融 / B轮 / 50-150人	富数科技
368	实习数据分析师	浦东新区	2020-11-30	2k-4k	2k-4k 经验在校/应届 / 本科	电商 大数据	“转正机会”	移动互联网,消费生活 / A轮 / 50-150人	美至科技
369	在校学校-数据分析实习生	长风公园	2020-11-16	2k-3k	2k-3k 经验在校/应届 / 本科	新零售 本地生活 运营	“技能提升 实习证明 团队氛围好 领导nice”	移动互联网,消费生活 / A轮 / 150-500人	佐大狮
370	数据分析leader	徐汇区	2020-11-24	25k-35k	25k-35k 经验3-5年 / 本科	大数据 数据分析	“C轮公司，发展空间大”	人工智能 / D轮及以上 / 150-500人	广东精鑫贸易有限公司
371	数据挖掘工程师/数据分析师	长宁区	2020-09-01	30k-50k	30k-50k 经验5-10年 / 本科	移动互联网 金融 算法工程师 数据挖掘	“福利待遇好 公司实力强”	企业服务 / 未融资 / 50-150人	友保
372	数据分析工程师	浦东新区	2020-09-07	6k-8k	6k-8k 经验在校/应届 / 本科	Spark Python Pandas	“实习可留用”	数据服务,软件开发 / 未融资 / 15-50人	双实科技
373	数据分析专家+上海-浦东新区	洋泾	2020-07-10	20k-35k	20k-35k 经验5-10年 / 本科	Python SQL R 语言 SPSS	“薪资福利好、领导很nice”	企业服务,数据服务 / 不需要融资 / 50-150人	上海际链
374	战略数据分析专家	杨浦区	2020-07-07	25k-35k	25k-35k 经验5-10年 / 本科	房产服务	“房地产开发、物业管理、营销管理、服务管理”	企业服务,消费生活 / 不需要融资 / 150-500人	武汉悦莱
375	大数据分析师	徐家汇	2020-11-15	12k-15k	12k-15k 经验在校/应届 / 硕士	大数据 金融 数仓建模 算法工程师	“全球最佳雇主”	人工智能 / 不需要融资 / 2000人以上	SAS
376	见习数据分析师	浦东新区	2020-08-14	2k-4k	2k-4k 经验在校/应届 / 不限	MySQL EXCEL PPT SPSS	“可转正，工资可调”	企业服务 / 不需要融资 / 15-50人	迈哲华投资管理咨询
377	数据分析专员	浦东新区	3天前发布	6k-12k	6k-12k 经验1-3年 / 大专	支付	“管理规范,工作氛围好,各种团建,福利待遇好”	移动互联网,金融 / 不需要融资 / 150-500人	盛付通
378	交通数据分析工程师	浦东新区	3天前发布	8k-12k	8k-12k 经验1-3年 / 本科	SQL 数据分析 oracle MySQL	“专业技术、五险一金、年终奖金、带薪年假、双休”	移动互联网 / 不需要融资 / 50-150人	方纬科技
379	医药数据分析师(疫苗方向)	张江	2020-12-23	8k-16k	8k-16k 经验1-3年 / 硕士	医疗健康 大数据 数据分析	“带薪年假 定期体检 扁平管理 发展空间大”	移动互联网,医疗丨健康 / 天使轮 / 15-50人	医药魔方
380	客服专员（数据分析方向）	城隍庙	2020-12-22	6k-9k	6k-9k 经验1-3年 / 本科	数据分析	“发展前景佳”	其他 / 未融资 / 2000人以上	一兆韦德健身管理有限公司
381	数据分析专员-488	长宁区	2020-12-18	8k-12k	8k-12k 经验1-3年 / 不限	电商 数据分析	“超长带薪年假 健身卡 免费早餐”	社交,广告营销 / D轮及以上 / 500-2000人	飞书深诺
382	数据分析师	闵行区	04:20发布	11k-22k	11k-22k 经验1-3年 / 本科	产品	“下午茶,健身瑜伽,六险一金,团队氛围好”	文娱丨内容 / D轮及以上 / 2000人以上	字节跳动
383	1231KF-数据仓库工程师/数据建模工程师	浦东新区	16:43发布	25k-50k	25k-50k 经验5-10年 / 本科	ETL 数据仓库 数仓建模 数仓架构	“采暖补贴,员工旅游,高温补贴,定期体检”	金融 / 上市公司 / 2000人以上	平安金服
384	数据分析师	闵行区	04:13发布	15k-25k	15k-25k 经验3-5年 / 本科	广告	“六险一金,免费三餐,租房补贴,带薪休假”	文娱丨内容 / D轮及以上 / 2000人以上	字节跳动
385	数据分析师	徐汇区	04:05发布	15k-30k	15k-30k 经验1-3年 / 本科	数据分析	“六险一金，弹性工作，免费三餐，餐补”	文娱丨内容 / D轮及以上 / 2000人以上	字节跳动
386	高级数据分析师	徐汇区	04:04发布	15k-30k	15k-30k 经验3-5年 / 硕士	数据分析	“弹性工作，晋升空间，团队氛围好”	文娱丨内容 / D轮及以上 / 2000人以上	字节跳动
387	资深数据分析师	黄浦区	04:06发布	20k-40k	20k-40k 经验1-3年 / 本科	数据分析	“六险一金，弹性工作，免费三餐，餐补”	文娱丨内容 / D轮及以上 / 2000人以上	字节跳动
388	数据分析实习生	闵行区	04:30发布	2k-4k	2k-4k 经验在校/应届 / 本科	数据分析	“下午茶,团队氛围好,免费三餐,租房补贴”	文娱丨内容 / D轮及以上 / 2000人以上	字节跳动
389	数据分析/商业分析专家	浦东新区	18:01发布	16k-30k	16k-30k 经验3-5年 / 本科	BI SQL 数据库 商业	“带薪年假，年度旅游、体检”	金融 / 上市公司 / 2000人以上	平安金服
390	数据分析师-轮胎保养	莘庄	09:13发布	18k-34k	18k-34k 经验3-5年 / 本科	SQLServer 数据分析	“技术氛围浓厚 平台发展空间大”	汽车丨出行 / D轮及以上 / 2000人以上	途虎养车网
391	数据分析（K12教辅运营）	杨浦区	04:29发布	10k-20k	10k-20k 经验1-3年 / 本科	运营	“六险一金,团队氛围好,晋升空间大”	文娱丨内容 / D轮及以上 / 2000人以上	字节跳动
392	资深游戏产品运营（数据分析向）-无双	浦东新区	10:20发布	25k-50k	25k-50k 经验不限 / 本科	运营	“下午茶,六险一金,股票期权,团队氛围好”	文娱丨内容 / D轮及以上 / 2000人以上	字节跳动
393	数据分析师-视频会议	闵行区	04:28发布	25k-50k	25k-50k 经验3-5年 / 本科	产品	“六险一金”	文娱丨内容 / D轮及以上 / 2000人以上	字节跳动
394	社区数据分析师-生态方向	黄浦区	2020-12-09	20k-40k	20k-40k 经验3-5年 / 本科	数据仓库	“互联网大厂”	消费生活 / D轮及以上 / 500-2000人	小红书
395	商业化数据分析师-电商广告方向	闵行区	04:25发布	30k-60k	30k-60k 经验3-5年 / 本科	数据分析	“下午茶,健身瑜伽,六险一金,股票期权”	文娱丨内容 / D轮及以上 / 2000人以上	字节跳动
396	商业化数据分析师	闵行区	04:23发布	30k-60k	30k-60k 经验3-5年 / 本科	数据分析	“下午茶,健身瑜伽,六险一金,股票期权”	文娱丨内容 / D轮及以上 / 2000人以上	字节跳动
397	数据科学家/数据分析师-因果推断&实验评估方向	闵行区	04:25发布	30k-60k	30k-60k 经验不限 / 本科	数据分析	“下午茶,健身瑜伽,六险一金,团队氛围好”	文娱丨内容 / D轮及以上 / 2000人以上	字节跳动
398	游戏业务中台数据分析师	闵行区	04:15发布	18k-36k	18k-36k 经验3-5年 / 本科	数据分析	“用户过亿,弹性工作,股票期权,六险一金”	文娱丨内容 / D轮及以上 / 2000人以上	字节跳动
399	资深游戏产品运营（数据分析向）-101	浦东新区	04:35发布	30k-60k	30k-60k 经验不限 / 本科	产品	“下午茶,健身瑜伽,六险一金,五险一金”	文娱丨内容 / D轮及以上 / 2000人以上	字节跳动
400	数据分析-经济学家	闵行区	04:25发布	30k-60k	30k-60k 经验不限 / 硕士	数据分析	“下午茶,健身瑜伽,六险一金,股票期权”	文娱丨内容 / D轮及以上 / 2000人以上	字节跳动
401	1231GP-大数据分析师	唐镇	00:00发布	15k-25k	15k-25k 经验1-3年 / 本科	数据分析	“五险一金,绩效奖金,免费班车,定期体检”	金融 / 上市公司 / 2000人以上	平安金服
402	12314E-数据分析岗	浦东新区	00:00发布	8k-10k	8k-10k 经验1-3年 / 本科	移动互联网 金融 运营 呼叫中心 数据分析 效果跟踪	“五险一金,带薪年假,定期体检,免费班车”	金融 / 上市公司 / 2000人以上	平安金服
403	1231LB-数据分析岗	浦东新区	00:00发布	8k-10k	8k-10k 经验1-3年 / 本科	金融	“五险一金,高温补贴,节日福利”	金融 / 上市公司 / 2000人以上	平安金服
404	短视频数据分析师	闵行区	04:12发布	20k-40k	20k-40k 经验3-5年 / 本科	产品经理	“六险一金,股票期权,弹性工作,免费三餐”	文娱丨内容 / D轮及以上 / 2000人以上	字节跳动
405	国际化数据分析师	闵行区	04:14发布	20k-40k	20k-40k 经验3-5年 / 本科	数据分析	“六险一金,弹性工作,免费三餐,餐补”	文娱丨内容 / D轮及以上 / 2000人以上	字节跳动
406	商业化数据分析师	徐汇区	04:07发布	20k-40k	20k-40k 经验3-5年 / 本科	数据分析	“六险一金，弹性工作，免费三餐，租房补贴”	文娱丨内容 / D轮及以上 / 2000人以上	字节跳动
407	高级数据分析师-音乐	闵行区	04:15发布	15k-30k	15k-30k 经验1-3年 / 本科	数据分析	“六险一金,股票期权,弹性工作,免费三餐”	文娱丨内容 / D轮及以上 / 2000人以上	字节跳动
408	高级数据分析师-教育	闵行区	04:15发布	15k-30k	15k-30k 经验1-3年 / 本科	数据分析	“六险一金,股票期权,弹性工作,免费三餐”	文娱丨内容 / D轮及以上 / 2000人以上	字节跳动
409	数据分析师-用户增长	闵行区	04:13发布	15k-30k	15k-30k 经验1-3年 / 本科	数据分析	“六险一金,餐补”	文娱丨内容 / D轮及以上 / 2000人以上	字节跳动
410	市场与用户研究经理——数据分析方向	静安区	04:15发布	20k-40k	20k-40k 经验3-5年 / 本科	移动互联网	“六险一金,弹性工作,免费三餐,租房补贴”	文娱丨内容 / D轮及以上 / 2000人以上	字节跳动
411	数据产品经理-大数据分析应用	闵行区	04:24发布	20k-40k	20k-40k 经验不限 / 本科	产品经理	“健身瑜伽,五险一金,股票期权,大牛带队”	文娱丨内容 / D轮及以上 / 2000人以上	字节跳动
412	内容社区数据分析师	闵行区	04:04发布	20k-30k	20k-30k 经验3-5年 / 本科	数据分析	“下午茶,租房补贴,带薪休假,团队氛围好”	文娱丨内容 / D轮及以上 / 2000人以上	字节跳动
413	数据分析工程师—直播/实时通信	闵行区	04:32发布	25k-50k	25k-50k 经验不限 / 不限	数据挖掘	“下午茶,健身瑜伽,六险一金,五险一金”	文娱丨内容 / D轮及以上 / 2000人以上	字节跳动
414	电商数据分析实习生	闵行区	04:29发布	2k-4k	2k-4k 经验在校/应届 / 本科	数据分析	“下午茶,团队氛围好,免费三餐”	文娱丨内容 / D轮及以上 / 2000人以上	字节跳动
415	奇秀-数据分析经理--3058	长宁区	1天前发布	20k-30k	20k-30k 经验5-10年 / 本科	直播 数据运营 数据分析	“福利待遇,发展前景好”	文娱丨内容 / 上市公司 / 2000人以上	爱奇艺
416	0232NZ-数据分析岗（实习）	浦东新区	00:00发布	1k-2k	1k-2k 经验在校/应届 / 硕士	金融 SQLServer	“高温补贴,节日福利”	金融 / 上市公司 / 2000人以上	平安人寿
417	资深大数据分析师	洋泾	3天前发布	40k-60k	40k-60k 经验5-10年 / 本科	数据分析	“平台大，福利好，年终奖”	金融 / 上市公司 / 2000人以上	平安金服
418	数据分析师	潍坊	2020-12-14	9k-15k	9k-15k 经验1-3年 / 本科	互联网金融 证券/期货 数据分析	“五险一金，有年假，团队年轻，上市企业”	金融,文娱丨内容 / 上市公司 / 500-2000人	上海金大师网络科技有限公司
419	数据分析师	潍坊	2020-12-14	8k-15k	8k-15k 经验1-3年 / 本科	移动互联网 功能产品 移动产品/APP PC端 客户端	“福利多多”	金融,文娱丨内容 / 上市公司 / 500-2000人	上海金大师网络科技有限公司
420	商业数据分析师	虹梅路	3天前发布	20k-30k	20k-30k 经验3-5年 / 本科	新零售 大数据 商业	“免费班车，各种培训，10天带薪年假”	数据服务,移动互联网 / A轮 / 50-150人	驰骛科技ChiefClouds
421	数据分析师（支付财务方向）(T011729)	天山路	3天前发布	30k-60k	30k-60k 经验1-3年 / 本科	大数据 MySQL	“6亿人在用的APP”	电商,移动互联网 / 上市公司 / 2000人以上	拼多多
422	数据分析专家	延吉	2020-12-22	23k-45k	23k-45k 经验3-5年 / 本科	电商	“年底多薪”	移动互联网,电商 / B轮 / 500-2000人	得物App
423	数据分析师	北外滩	2020-12-17	12k-24k	12k-24k 经验3-5年 / 本科	SPSS 数据运营 数据分析 数据库	“14薪 五险一金 扁平化管理”	移动互联网,教育 / D轮及以上 / 2000人以上	掌门1对1在线教育
424	数据分析-内容安全/生态治理-策略分析/运营建模	黄浦区	2020-12-24	25k-40k	25k-40k 经验1-3年 / 本科	策略分析	“发展空间大，公司规模大”	消费生活 / D轮及以上 / 500-2000人	小红书
425	数据分析师	龙华	2020-10-25	20k-25k	20k-25k 经验1-3年 / 本科	金融 SQL 数据分析	“学习空间大”	金融 / 上市公司 / 2000人以上	平安金服
426	数据分析师	华漕	2020-12-18	15k-30k	15k-30k 经验3-5年 / 本科	企业服务 云计算	“免费员工餐厅、免费班车”	房产家居 / 上市公司 / 2000人以上	红星美凯龙
427	数据分析师	莘庄	2020-11-29	10k-20k	10k-20k 经验3-5年 / 本科	SQL	“**的创业团队”	移动互联网 / 上市公司 / 500-2000人	百姓网
428	数据分析师	东方路	2020-08-14	15k-25k	15k-25k 经验3-5年 / 本科	互联网金融 数据分析 SQL	“薪资水平高，福利待遇好，办公环境优渥”	金融 / 上市公司 / 500-2000人	上海嘉银金融科技股份有限公司
429	数据产品经理/数据分析师	浦东新区	3天前发布	20k-40k	20k-40k 经验3-5年 / 本科	广告营销 金融 思维导图 用户增长 用户研究 需求分析	“大平台 好福利”	金融 / 上市公司 / 2000人以上	平安金服
430	数据分析—客服中心(J10077)	莘庄	2020-12-21	10k-15k	10k-15k 经验3-5年 / 不限	大数据 本地生活 MySQL SQLServer	“~”	移动互联网,硬件 / D轮及以上 / 2000人以上	哈啰出行
431	数据分析专家	浦东新区	2020-11-17	20k-40k	20k-40k 经验5-10年 / 本科	大数据 分析师	“团队氛围好，数据重视度高”	金融 / 上市公司 / 500-2000人	上海嘉银金融科技股份有限公司
432	数据分析总监	吴淞	3天前发布	20k-40k	20k-40k 经验不限 / 本科	电商 营销 数据分析	“五险一金、大平台、好领导”	企业服务 / 上市公司 / 2000人以上	微盟
433	数据分析高级/资深/专家（单车）(J12547)	莘庄	2020-12-21	20k-40k	20k-40k 经验3-5年 / 本科	MySQL	“发展空间大 工作氛围好”	移动互联网,硬件 / D轮及以上 / 2000人以上	哈啰出行
434	数据分析专家-金融项目(J14242)	莘庄	2020-12-21	20k-40k	20k-40k 经验3-5年 / 本科	ETL 数仓建模	“发展前景”	移动互联网,硬件 / D轮及以上 / 2000人以上	哈啰出行
435	数据分析师(J12473)	闵行区	2020-12-21	30k-50k	30k-50k 经验5-10年 / 本科	新零售 电商 数据分析	“平台优，领导nice，发展晋升”	移动互联网,硬件 / D轮及以上 / 2000人以上	哈啰出行
436	数据分析专家(助力车)(J12502)	莘庄	2020-12-21	25k-35k	25k-35k 经验1年以下 / 本科	数据分析 数据运营	“五险一金”	移动互联网,硬件 / D轮及以上 / 2000人以上	哈啰出行
437	数据分析专家(J12385)	莘庄	2020-12-21	20k-40k	20k-40k 经验5-10年 / 本科	数据分析	“单车事业部”	移动互联网,硬件 / D轮及以上 / 2000人以上	哈啰出行
438	数据分析专家(J14070)	闵行区	2020-12-21	30k-50k	30k-50k 经验5-10年 / 本科	数据挖掘 Python	“两轮事业部 核心岗位”	移动互联网,硬件 / D轮及以上 / 2000人以上	哈啰出行
439	业务数据分析师（泛娱乐）	虹梅路	2020-12-21	25k-45k	25k-45k 经验3-5年 / 本科	游戏 本地生活	“扁平化管理”	社交 / B轮 / 500-2000人	比心陪练
440	数据分析专家(助力车)(J12502)	莘庄	2020-12-21	20k-40k	20k-40k 经验不限 / 本科	数据分析	“五险一金”	移动互联网,硬件 / D轮及以上 / 2000人以上	哈啰出行
441	资深/高级数据分析师	延吉	2020-12-24	20k-40k	20k-40k 经验3-5年 / 本科	Hive SQLServer	“年终奖金+季度奖金+好心情+福利多多”	移动互联网,电商 / B轮 / 500-2000人	得物App
442	风控数据分析师	延吉	2020-12-24	20k-40k	20k-40k 经验5-10年 / 本科	电商 体育 数据挖掘 数据分析	“上升空间大，福利待遇优厚”	移动互联网,电商 / B轮 / 500-2000人	得物App
443	数据产品-数据分析师（财务方向）(J12418)	闵行区	2020-12-21	30k-40k	30k-40k 经验5-10年 / 不限	数据分析	“发展前景”	移动互联网,硬件 / D轮及以上 / 2000人以上	哈啰出行
444	DJ3024-资深数据分析师(漫画)	杨浦区	2020-12-21	20k-35k	20k-35k 经验3-5年 / 本科	互联网	“上市公司,五险一金”	移动互联网,文娱丨内容 / 上市公司 / 2000人以上	哔哩哔哩
445	【21届校招】质量数据分析专员/上海(J13720)	闵行区	2020-12-21	15k-20k	15k-20k 经验在校/应届 / 本科	数据分析	“0-12个月年终奖，一线互联网公司”	移动互联网,硬件 / D轮及以上 / 2000人以上	哈啰出行
446	EI8467-资深数据分析师	杨浦区	2020-12-09	13k-26k	13k-26k 经验3-5年 / 本科	数据分析 业务理解	“发展前景,晋升机会,能力发挥”	移动互联网,文娱丨内容 / 上市公司 / 2000人以上	哔哩哔哩
447	游戏数据分析师	闵行区	2020-12-18	15k-25k	15k-25k 经验1-3年 / 本科	数据分析 SQL/Hive 数据挖掘 算法	“福利待遇好，晋升空间大”	游戏 / 不需要融资 / 500-2000人	沐瞳游戏
448	数据分析专家	漕河泾	2020-07-25	20k-40k	20k-40k 经验3-5年 / 本科	企业服务 机器学习 创业 数据挖掘	“数据科学，产品创新孵化”	企业服务,数据服务 / B轮 / 150-500人	GrowingIO
449	JA5738-资深数据分析师	杨浦区	2020-12-18	15k-30k	15k-30k 经验1-3年 / 本科	互联网	“上市公司,五险一金”	移动互联网,文娱丨内容 / 上市公司 / 2000人以上	哔哩哔哩
