0	数据分析师	南山区	20:10发布	10k-15k	10k-15k 经验1-3年 / 本科	数据仓库 ETL 数仓建模 数仓架构	“奖金、五险一金、发展前景广”	广告营销,数据服务 / A轮 / 50-150人	玉策数据
1	数据分析师	南山区	20:16发布	8k-15k	8k-15k 经验3-5年 / 本科	即时通讯 社交 数据分析 用户增长	“高速发展期，前景好，团队强，成长快”	社交 / 天使轮 / 15-50人	喵石科技
2	数据分析师	石厦	17:12发布	12k-24k	12k-24k 经验3-5年 / 本科	大数据 移动互联网 Hadoop Spark Python ETL	“500强,快速晋升,多元发展”	移动互联网,信息安全 / 上市公司 / 2000人以上	深圳联通
3	数据分析师	南山区	17:10发布	12k-20k	12k-20k 经验3-5年 / 本科	大数据 云计算 可视化 商业 数据分析 数据建模	“扁平化管理 行业大神 周末双休”	数据服务,软件开发 / 不需要融资 / 15-50人	中付技术
4	数据分析师	科技园	19:56发布	10k-15k	10k-15k 经验不限 / 本科	金融 数据分析	“精英团队,弹性工作,工作氛围好”	金融 / C轮 / 150-500人	萨摩耶数科
5	数据分析师	南山区	18:36发布	12k-20k	12k-20k 经验1-3年 / 本科	数字 统计 数据运营 python/R	“行业领先，发展空间大，福利待遇好”	游戏 / 不需要融资 / 150-500人	星尘游戏
6	数据分析师	南山区	18:01发布	10k-20k	10k-20k 经验1-3年 / 本科	新零售 本地生活 SQL 数据运营 数据库	“朝阳行业”	移动互联网 / 不需要融资 / 50-150人	懒人科技
7	数据分析师	南山区	18:49发布	16k-20k	16k-20k 经验3-5年 / 本科	移动互联网 数据分析 项目管理 业务数据 经营分析	“周末双休,行业独角兽,快速成长”	移动互联网,消费生活 / B轮 / 2000人以上	来电科技
8	高级数据分析师	福田区	18:01发布	15k-25k	15k-25k 经验3-5年 / 本科	电商 新零售 数据库 数据分析 SPSS SQL	“朝阳行业 牛人聚集 领导nice 团队和谐”	移动互联网 / 不需要融资 / 50-150人	懒人科技
9	高级数据分析师	宝安区	18:03发布	15k-25k	15k-25k 经验3-5年 / 本科	Python 数据挖掘 SQL 数据分析	“带薪年假，五险一金，车补，下午茶，包住”	消费生活,移动互联网 / 未融资 / 150-500人	万顺叫车
10	数据分析师	南山区	17:53发布	15k-22k	15k-22k 经验3-5年 / 本科	ETL Tableau SQL PowerBI	“双休，年终奖，入职即买五险一金”	信息安全,移动互联网 / 未融资 / 15-50人	瑞达飞行
11	数据分析师	益田村	18:13发布	8k-15k	8k-15k 经验1-3年 / 本科	新零售 汽车 SQLServer Python 数仓建模 数据仓库	“发展前景、环境优美、团队氛围好”	移动互联网,消费生活 / B轮 / 500-2000人	优车库
12	数据分析师	福田区	16:13发布	13k-24k	13k-24k 经验3-5年 / 本科	金融 银行 数据分析 python	“周末双休 项目稳定”	移动互联网,金融 / 不需要融资 / 2000人以上	文思海辉·金融
13	数据分析师	南山区	15:16发布	12k-18k	12k-18k 经验3-5年 / 本科	数据分析 MYSQL	“发展前景”	移动互联网 / C轮 / 150-500人	skyroam
14	数据分析师	南山区	16:08发布	15k-28k	15k-28k 经验5-10年 / 本科	数据架构	“空间大 发展好”	企业服务 / 不需要融资 / 150-500人	思为软件
15	数据分析	福田区	20:14发布	20k-25k	20k-25k 经验3-5年 / 本科	用户画像分析	“平台大、福利好、互联网保险业务”	电商,金融 / D轮及以上 / 2000人以上	富德生命人寿总公司电子商务中心
16	数据分析师	南山区	18:19发布	20k-40k	20k-40k 经验3-5年 / 本科	数据分析	“公司平台大 核心团队”	硬件 / 不需要融资 / 2000人以上	OPPO
17	数据分析实习生	大冲	18:11发布	3k-5k	3k-5k 经验1年以下 / 本科	数据分析 SQL Python	“热门行业、公司发展快、氛围好、双休”	移动互联网,教育 / A轮 / 50-150人	HelloTalk
18	数据分析师	新安	16:22发布	8k-16k	8k-16k 经验1-3年 / 本科	电商 教育 用户增长 数据分析	“行业黑马,丰厚奖金,核心成员,五险一金”	教育 / 不需要融资 / 150-500人	BT学院
19	数据分析师	南山区	16:45发布	10k-14k	10k-14k 经验1-3年 / 本科	医疗健康 可视化 数据分析 BI SQL	“六险一金，年度体检，团队旅游”	移动互联网,医疗丨健康 / 不需要融资 / 150-500人	玄关健康
20	高级数据分析师	大冲	17:15发布	8k-12k	8k-12k 经验1-3年 / 本科	广告营销 企业服务 用户研究 需求分析 竞品分析 数据分析	“六险一金 年终奖金 年度体检 超长假期”	数据服务,广告营销 / D轮及以上 / 2000人以上	明略科技集团
21	数据分析师	南山区	16:40发布	7k-14k	7k-14k 经验1-3年 / 本科	教育 企业服务 商业 数据分析 数据运营 BI	“CEO指导、氛围好、十三薪、带薪年假”	企业服务,教育 / A轮 / 50-150人	人人都是产品经理
22	数据分析专家	南山区	15:05发布	15k-25k	15k-25k 经验3-5年 / 本科	广告营销 医疗健康	“微博平台 丰厚年终 大牛团队 行业准独角兽”	医疗丨健康,移动互联网 / D轮及以上 / 150-500人	爱问医联
23	022440-数据分析岗	购物公园	00:00发布	10k-20k	10k-20k 经验1年以下 / 本科	金融 保险	“五险一金,带薪年假,节日福利,定期体检”	金融 / 上市公司 / 2000人以上	平安人寿
24	数据分析师	科技园	13:37发布	10k-20k	10k-20k 经验1-3年 / 大专	电商 spss软件 SQL数据库 SAAS行业 流量数据	“扁平化管理 年轻的团队 电商 区块链”	移动互联网,区块链 / B轮 / 50-150人	玖昔科技
25	数据分析师	南山区	15:00发布	9k-15k	9k-15k 经验1-3年 / 大专	物流 地图 需求分析 数据分析 竞品分析	“周末双休 季度奖金 年终奖金”	企业服务,软件开发 / 上市公司 / 2000人以上	法本信息
26	数据分析师	龙岗区	09:21发布	12k-18k	12k-18k 经验1-3年 / 本科	需求分析 数据分析	“五险一金 周末双休 带薪年假”	移动互联网,消费生活 / D轮及以上 / 2000人以上	货拉拉
27	数据分析师	科技园	13:58发布	10k-15k	10k-15k 经验1-3年 / 本科	用户研究 需求分析 数据分析 策略	“五险一金，组织旅游，节日福利”	金融,移动互联网 / 未融资 / 50-150人	时代区块链
28	高级数据分析师	西丽	13:51发布	15k-25k	15k-25k 经验3-5年 / 本科	电商 MySQL 数据挖掘 数据分析 python	“国际化团队 大牛多 知名风投”	电商 / C轮 / 500-2000人	盈富斯
29	数据分析师	科技园	15:21发布	20k-30k	20k-30k 经验3-5年 / 本科	金融 互联网 SQL 数据分析	“有前景”	金融,软件开发 / 不需要融资 / 150-500人	金腾科技信息（深圳）有限公司
30	数据分析师	福田区	13:35发布	9k-16k	9k-16k 经验1-3年 / 本科	房产服务 数据分析 SQL	“年14薪+N，成长空间大”	移动互联网,消费生活 / 不需要融资 / 50-150人	乐有家
31	数据分析师	南山区	16:05发布	7k-9k	7k-9k 经验1-3年 / 本科	企业服务 移动互联网	“朝九晚六周末双休+六险一金+班车早餐夜宵券”	企业服务,人工智能 / 上市公司 / 2000人以上	亿达信息
32	0231U6-数据分析岗	福田区	00:00发布	15k-20k	15k-20k 经验1-3年 / 本科	大数据 金融 BI 数据分析	“五险一金,绩效奖金,定期体检,节日福利”	金融 / 上市公司 / 2000人以上	平安人寿
33	数据分析师	南油	11:43发布	15k-30k	15k-30k 经验3-5年 / 本科	数据分析 SQL	“鹅厂大平台 同事牛人多”	社交 / 上市公司 / 2000人以上	腾讯
34	数据分析	科技园	12:02发布	15k-28k	15k-28k 经验5-10年 / 本科	可视化 商业 数据运营	“五百强、海景工位、免费食堂”	人工智能,物联网 / 未融资 / 500-2000人	恒大高科技集团
35	高级数据分析师	南山区	11:08发布	15k-25k	15k-25k 经验3-5年 / 本科	教育 电商 SQL	“七险一金 年终奖 员工福利 餐补 绩效奖金”	移动互联网,教育 / 不需要融资 / 500-2000人	广州市果肉教育科技有限公司
36	数据分析	科技园	09:32发布	12k-18k	12k-18k 经验3-5年 / 本科	体育 运营 APP推广 用户增长 用户留存	“氛围轻松，发展前景好”	移动互联网,社交 / 不需要融资 / 50-150人	加满分科技
37	数据分析师	南山区	10:26发布	13k-25k	13k-25k 经验1-3年 / 本科	视频 移动互联网 MySQL	“亿级用户 扁平管理 六险一金”	移动互联网 / C轮 / 50-150人	大宇无限
38	数据分析	南山区	10:51发布	15k-25k	15k-25k 经验1-3年 / 本科	信息安全 大数据 ETL 数仓建模	“周末双休、季度游、每周下午茶”	信息安全 / A轮 / 150-500人	永安在线
39	数据分析师	前海	10:14发布	15k-20k	15k-20k 经验3-5年 / 不限	数据分析 数据运营	“领导好，年终奖，下午茶，扁平化管理”	游戏 / B轮 / 150-500人	迷你玩
40	数据分析师	南山区	10:07发布	18k-35k	18k-35k 经验3-5年 / 本科	商业 数据分析	“大牛团队 办公环境好”	企业服务 / B轮 / 150-500人	数位科技
41	数据分析主管	南山区	20:26发布	18k-30k	18k-30k 经验5-10年 / 本科	数据库 数据分析 python	“五险一金 带薪年假 年终奖金 餐饮补贴”	移动互联网,社交 / 不需要融资 / 150-500人	爱问科技
42	数据分析师	南山区	08:41发布	8k-15k	8k-15k 经验1-3年 / 本科	游戏 商业 数据库 数据分析 SQL	“五险一金,高配团队,年终奖,带薪旅行”	移动互联网,游戏 / 不需要融资 / 150-500人	乐易网络
43	数据分析师	科技园	10:13发布	15k-30k	15k-30k 经验3-5年 / 硕士	教育 大数据 数据分析	“AI风口行业 晋升机会大 团队大牛多”	数据服务 / C轮 / 50-150人	道道
44	数据分析专员	科技园	09:50发布	6k-10k	6k-10k 经验不限 / 本科	广告营销 游戏	“4A公司,平台大,晋升快”	移动互联网,游戏 / 不需要融资 / 150-500人	蓝色光标SNK
45	储备干部/赋能培训/数据分析/无需经验8K底薪	新洲	20:25发布	8k-15k	8k-15k 经验在校/应届 / 本科	大数据 房产服务 数据挖掘 数据分析 赋能培训 沟通表达	“上市公司 包早午餐 五险一金 定期团建 绩效”	移动互联网 / 上市公司 / 2000人以上	贝壳找房（深圳）科技有限公司
46	数据分析	福田区	08:17发布	20k-30k	20k-30k 经验5-10年 / 本科	电商	“独角兽；D+轮融资”	旅游 / D轮及以上 / 500-2000人	KLOOK 客路旅行
47	数据分析师	福田区	09:16发布	10k-16k	10k-16k 经验3-5年 / 本科	电商 移动互联网 数据分析	“发展前景好”	电商,移动互联网 / B轮 / 50-150人	深圳市沃客非凡科技有限公司
48	数据分析专员	大冲	09:30发布	6k-10k	6k-10k 经验1-3年 / 本科	移动互联网 数据分析	“工作氛围好,成长空间大”	移动互联网 / C轮 / 150-500人	懒人听书
49	数据分析师	龙华新区	09:44发布	8k-15k	8k-15k 经验1-3年 / 本科	亚马逊 数据分析 跨境电商 零售 SQL	“季度团建 发展前景 绩效奖金 五险一金”	电商 / 不需要融资 / 50-150人	深圳市巨量科技有限公司
50	高级数据分析师 (MJ000197)	南山区	14:02发布	15k-22k	15k-22k 经验5-10年 / 本科	MySQL Python	“上市公司 免息购房贷款 五险一金 加班福利”	移动互联网 / 上市公司 / 500-2000人	万兴科技集团股份有限公司
51	数据分析师（初级）	福田区	18:35发布	8k-16k	8k-16k 经验3-5年 / 本科	SQLServer 数据分析 SHELL JS	“国有控股、平台稳健、管理规范、制度完善”	消费生活,其他 / D轮及以上 / 2000人以上	天安运营
52	02325T-数据分析师（商业化）	福田区	00:00发布	15k-30k	15k-30k 经验5-10年 / 本科	Hive Python	“五险一金,绩效奖金,带薪年假,定期体检”	金融 / 上市公司 / 2000人以上	平安人寿
53	数据分析师（高级）	益田村	18:13发布	12k-20k	12k-20k 经验1-3年 / 本科	新零售 汽车 数据仓库 数仓建模 SQLServer Python	“发展前景、环境优美、团队氛围好”	移动互联网,消费生活 / B轮 / 500-2000人	优车库
54	数据分析师（Python）	福田区	18:27发布	10k-15k	10k-15k 经验1-3年 / 本科	数据库开发 数据挖掘 Python 金融行业	“五险一金、周末双休、加班补贴、节日福利”	移动互联网,电商 / 未融资 / 15-50人	Atom intl
55	数据分析师 （偏机器学习）	宝安区	18:03发布	13k-25k	13k-25k 经验1-3年 / 本科	数据挖掘 机器学习 用户画像 数据分析	“带薪年假，五险一金，车补，下午茶，包住”	消费生活,移动互联网 / 未融资 / 150-500人	万顺叫车
56	02315R-资深数据分析师(平台电商领域)	福田区	00:00发布	30k-60k	30k-60k 经验3-5年 / 本科	电商 数据分析	“五险一金,绩效奖金,员工旅游,节日福利”	金融 / 上市公司 / 2000人以上	平安人寿
57	游戏数据分析师	南山区	17:24发布	8k-16k	8k-16k 经验1-3年 / 本科	游戏 数据分析 市场策划 市场竞争分析 游戏市场策划	“年底双薪,员工旅游,五险一金,带薪年假”	移动互联网,广告营销 / 未融资 / 50-150人	动能无线
58	1231MF-供应商数据分析岗	福田区	10:16发布	15k-20k	15k-20k 经验3-5年 / 本科	大数据 金融	“五险一金,带薪年假,节日福利,定期体检”	金融 / 上市公司 / 2000人以上	平安金服
59	高级数据分析师（数据挖掘方向）	南山区	18:52发布	25k-40k	25k-40k 经验5-10年 / 本科	本地生活 物联网 数仓建模 数仓架构 数据挖掘 数据架构	“业务场景多样化 高频数据积累 核心岗位”	移动互联网,消费生活 / B轮 / 2000人以上	来电科技
60	数据分析经理	科技园	18:04发布	20k-30k	20k-30k 经验5-10年 / 本科	数据挖掘 数据分析 数据库开发 SQLServer	“大公司 福利待遇好 交通便利”	移动互联网,企业服务 / 不需要融资 / 500-2000人	慧择信息集团
61	高级数据分析师（数据挖掘方向）	南山区	18:11发布	20k-40k	20k-40k 经验5-10年 / 本科	数据挖掘	“周末双休”	移动互联网,消费生活 / B轮 / 2000人以上	来电科技
62	高级数据分析工程师	南山区	17:19发布	20k-40k	20k-40k 经验3-5年 / 本科	金融 Hadoop	“亿级优质活跃用户，高并发高可用技术挑战”	硬件 / 不需要融资 / 2000人以上	OPPO
63	数据分析师-游戏	后海	16:13发布	10k-15k	10k-15k 经验1-3年 / 大专	游戏 数据挖掘	“六险一金,周末双休，旅游，带薪年假”	移动互联网,游戏 / D轮及以上 / 150-500人	宜搜
64	大数据分析师	东门	16:59发布	6k-8k	6k-8k 经验不限 / 本科	大数据	“五险一金，年底双薪”	电商 / 不需要融资 / 50-150人	彬煌投资贸易
65	大数据分析师	罗湖区	16:43发布	25k-50k	25k-50k 经验3-5年 / 本科	大数据 Hadoop Hive	“福利待遇优厚，发展前景广阔”	金融 / 上市公司 / 2000人以上	平安金服
66	电商数据分析专员	罗湖区	16:59发布	6k-8k	6k-8k 经验不限 / 大专	电商 大数据 ETL MySQL	“五险一金，绩效奖金，年底双薪”	电商 / 不需要融资 / 50-150人	彬煌投资贸易
67	游戏数据分析	南油	14:34发布	10k-15k	10k-15k 经验不限 / 本科	游戏 游戏运营	“年内两加薪,年内两晋升,五险又双休”	移动互联网,游戏 / 不需要融资 / 500-2000人	路通网络
68	数据分析(BI方向）	西丽	13:51发布	11k-20k	11k-20k 经验1-3年 / 本科	电商 MySQL Python 数据分析	“国际化团队 知名风投 有大牛”	电商 / C轮 / 500-2000人	盈富斯
69	商品数据分析师	福田区	15:22发布	17k-30k	17k-30k 经验3-5年 / 本科	电商 数据分析	“五险一金,周末双休,节日福利，员工活动”	电商,硬件 / A轮 / 150-500人	立创商城
70	课程设计师（数据分析方向）	南山区	13:45发布	12k-24k	12k-24k 经验1-3年 / 本科	课程设计 数据分析 Python Hive MySQL Excel	“重点项目等你加入”	移动互联网,教育 / D轮及以上 / 2000人以上	编程猫
71	数据应用工程师(偏数据分析+数据可视化)	南油	15:03发布	28k-46k	28k-46k 经验3-5年 / 本科	互联网金融 支付 Hive 数据分析 数据仓库 信息安全	“福利待遇、稳定性、学习成长性”	社交 / 上市公司 / 2000人以上	腾讯
72	腾讯广告数据分析工程师（深圳）	南油	15:03发布	25k-35k	25k-35k 经验3-5年 / 本科	Linux MySQL	“大平台；发展前景；福利待遇”	社交 / 上市公司 / 2000人以上	腾讯
73	数据分析前端开发工程师	香蜜湖	12:10发布	12k-18k	12k-18k 经验3-5年 / 本科	企业服务 大数据	“五险一金,周末双休,交通补助,职位晋升”	数据服务,电商 / 不需要融资 / 500-2000人	万科商业地产平台总部
74	数据分析师（数据运营）	福田区	13:32发布	10k-15k	10k-15k 经验1-3年 / 本科	投资/融资	“香港上市公司，福利齐全，团队氛围好”	金融,数据服务 / 上市公司 / 150-500人	盛业资本
75	高级数据分析师9530	南山区	14:16发布	20k-40k	20k-40k 经验3-5年 / 本科	移动互联网 MySQL	“大平台、带薪年假、班车接送、发展空间大”	硬件 / 不需要融资 / 2000人以上	OPPO
76	经营数据分析经理	大冲	10:00发布	20k-30k	20k-30k 经验5-10年 / 本科	大数据 数据分析 消费者分析	“发展空间大 五险一金 法定节假日 领导好”	电商 / 不需要融资 / 2000人以上	迪阿股份有限公司
77	风控数据分析师(J10532)	南山区	10:52发布	12k-20k	12k-20k 经验1-3年 / 本科	MySQL Python hivesql	“东南亚独角兽 团队优秀 绩效激励”	移动互联网,金融 / D轮及以上 / 500-2000人	AKULAKU
78	数据分析（电商、社区）	上梅林	10:37发布	15k-20k	15k-20k 经验3-5年 / 本科	电商 SQL Python tableau/FineBI	“福利待遇好，背景强大，工作氛围好”	移动互联网,电商 / B轮 / 500-2000人	深圳华秋电子有限公司
79	课程设计实习生（数据分析方向）	南山区	15:05发布	3k-6k	3k-6k 经验在校/应届 / 本科	数据分析 Python	“可转正实习 周末双休 舞台大”	移动互联网,教育 / B轮 / 500-2000人	风变科技（深圳）有限公司
80	数据分析师（深圳）	南山区	09:47发布	13k-18k	13k-18k 经验1-3年 / 本科	大数据 金融 数据挖掘	“精英团队，弹性工作，超长年假，福利优厚”	人工智能 / C轮 / 50-150人	CraiditX
81	数据分析师	宝安区	04:05发布	15k-30k	15k-30k 经验1-3年 / 本科	数据分析	“六险一金，弹性工作，免费三餐，餐补”	文娱丨内容 / D轮及以上 / 2000人以上	字节跳动
82	数据分析经理	福田区	07:20发布	10k-20k	10k-20k 经验3-5年 / 本科	电商 新零售	“发展前景 500强企业 企业文化”	电商,其他 / 上市公司 / 2000人以上	Walmart China
83	数据分析高级经理	南山区	11:13发布	35k-50k	35k-50k 经验5-10年 / 本科	市场 行业分析 数据分析	“年中奖 年终奖”	硬件,移动互联网 / C轮 / 150-500人	Immotor易马达科技
84	数据分析专家讲师（兼职）	大冲	10:36发布	5k-10k	5k-10k 经验3-5年 / 本科	教育 Python	“发展前景好，工作氛围轻松，福利待遇丰厚”	移动互联网,教育 / B轮 / 500-2000人	风变科技（深圳）有限公司
85	数据分析员	CBD	11:53发布	5k-7k	5k-7k 经验1-3年 / 大专	数据分析	“周末双休 六险一金 带薪年假 年度体检”	消费生活,电商 / 上市公司 / 500-2000人	环球资源
86	数据分析助理	CBD	11:53发布	5k-7k	5k-7k 经验1-3年 / 大专	SQL 数据分析 Python Panda	“周末双休 六险一金 带薪年假 年度体检”	消费生活,电商 / 上市公司 / 500-2000人	环球资源
87	数据分析专家	南山区	04:08发布	35k-70k	35k-70k 经验不限 / 本科	数据分析	“扁平管理，过亿用户，职业大牛”	文娱丨内容 / D轮及以上 / 2000人以上	字节跳动
88	数据分析师（挖掘方向）	桃源村	08:56发布	15k-25k	15k-25k 经验3-5年 / 本科	数据分析 SPSS	“上市公司,平台大,福利好,发展空间大”	游戏 / 上市公司 / 500-2000人	吉比特
89	大数据分析助理/双休	新安	14:27发布	5k-7k	5k-7k 经验不限 / 本科	办公软件 数据统计 市场 用户	“公司注重培养人才，欢迎有志之士的加入”	物联网,软件开发 / 未融资 / 50-150人	企点法务
90	风控数据分析师	南头	10:58发布	20k-30k	20k-30k 经验3-5年 / 本科	数据分析 SPSS	“上市公司 技术大牛多 福利多 前景广”	企业服务 / 上市公司 / 500-2000人	极光
91	高级数据分析师（广告）	南山区	10:58发布	25k-40k	25k-40k 经验5-10年 / 本科	广告营销 大数据 数据分析 SQL BI 商业	“上市公司 技术大牛多 福利多 前景广”	企业服务 / 上市公司 / 500-2000人	极光
92	高级产品数据分析师	福田区	08:17发布	15k-25k	15k-25k 经验1-3年 / 本科	电商 数据库 数据分析	“国际化视野”	旅游 / D轮及以上 / 500-2000人	KLOOK 客路旅行
93	数据分析助理	大冲	09:30发布	5k-6k	5k-6k 经验1年以下 / 大专	移动互联网	“5天7小时,工作氛围好,福利好,扁平管理”	移动互联网 / C轮 / 150-500人	懒人听书
94	高级数据分析师（深圳） (MJ000046)	大冲	10:10发布	25k-35k	25k-35k 经验3-5年 / 硕士	数据挖掘	“六险一金，绩效奖金，带薪年假”	金融 / C轮 / 500-2000人	百融云创
95	数据分析工程师	科技园	11:39发布	14k-20k	14k-20k 经验不限 / 硕士	数仓建模 数据挖掘	“不打卡、六险一金、下午茶”	人工智能 / 天使轮 / 15-50人	外脑科技
96	数据分析师/数据研究员（实习）	科技园	10:13发布	3k-6k	3k-6k 经验在校/应届 / 本科	教育 数据挖掘	“可转正 牛人团队 弹性工作 阳光环境”	数据服务 / C轮 / 50-150人	道道
97	（校招）数据分析师 (MJ000301)	大冲	10:10发布	15k-25k	15k-25k 经验在校/应届 / 硕士	Python 数据挖掘	“成长空间”	金融 / C轮 / 500-2000人	百融云创
98	高级数据分析经理-沃尔玛电商	福田区	07:20发布	20k-30k	20k-30k 经验5-10年 / 硕士	新零售 电商 SQL 数据库 数据分析 BI	“发展前景 500强企业 企业文化”	电商,其他 / 上市公司 / 2000人以上	Walmart China
99	数据分析员	南山区	08:45发布	8k-10k	8k-10k 经验1-3年 / 本科	数据分析 数据挖掘	“五险一金、年终奖、带薪年假、培训晋升。”	医疗丨健康 / 不需要融资 / 2000人以上	海王星辰
100	0531BV-数据分析师	福田区	00:00发布	15k-30k	15k-30k 经验3-5年 / 本科	金融 大数据	“五险一金,带薪年假,绩效奖金,定期体检”	金融 / 上市公司 / 2000人以上	平安证券
101	数据分析师	南山区	1天前发布	7k-9k	7k-9k 经验1-3年 / 本科	产品策划 数据分析 sql 数据提取	“双休，年终奖，下午茶，入职即买六险一金”	企业服务,人工智能 / 上市公司 / 2000人以上	亿达信息
102	资深数据分析师	科技园	2天前发布	20k-40k	20k-40k 经验5-10年 / 本科	游戏 数据 竞品分析	“项目奖金 年终奖 弹性上班时间”	移动互联网 / 未融资 / 50-150人	A星互动娱乐
103	1131JP-资深数据分析师	南山区	00:00发布	15k-30k	15k-30k 经验5-10年 / 本科	金融 大数据 Hadoop	“五险一金,绩效奖金,带薪年假,定期体检”	金融 / 上市公司 / 2000人以上	平安科技
104	数据分析师	科技园	1天前发布	15k-30k	15k-30k 经验3-5年 / 本科	战略管理	“核心岗位”	移动互联网,社交 / 天使轮 / 150-500人	深圳市有传科技有限公司
105	Operations-数据分析员	南山区	1天前发布	8k-16k	8k-16k 经验1-3年 / 本科	ETL MySQL Excel VBA	“团队优秀 平台大”	企业服务,数据服务 / 上市公司 / 2000人以上	埃森哲
106	1131OL-资深数据分析师	南山区	00:00发布	30k-60k	30k-60k 经验5-10年 / 本科	数据挖掘 ETL 数仓建模	“五险一金,绩效奖金,带薪年假,员工旅游”	金融 / 上市公司 / 2000人以上	平安科技
107	数据分析	罗湖区	2天前发布	15k-20k	15k-20k 经验1-3年 / 大专	教育 移动互联网	“五险一金,员工旅游,健身俱乐部,带薪年假”	教育,移动互联网 / C轮 / 2000人以上	阿卡索外教网
108	BK32UI-数据分析师	罗湖区	00:00发布	20k-30k	20k-30k 经验3-5年 / 本科	银行 Hive Python	“五险一金,节日福利,定期体检”	金融 / 上市公司 / 2000人以上	平安银行
109	BI数据分析师	香蜜湖	00:00发布	20k-25k	20k-25k 经验5-10年 / 本科	大数据 互联网金融	“大平台互联网相关数据岗，发展前景大”	金融 / 上市公司 / 2000人以上	平安产险深圳分公司
110	数据分析	科技园	3天前发布	10k-20k	10k-20k 经验3-5年 / 本科	股票期权 绩效奖金 扁平管理 五险一金	“技术氛围浓厚 团队氛围好 项目奖金”	移动互联网,医疗丨健康 / 不需要融资 / 150-500人	三代人科技
111	数据分析师	龙岗区	3天前发布	9k-18k	9k-18k 经验1-3年 / 本科	新零售 电商 需求分析 数据分析 竞品分析 用户增长	“新团队，机会多，可塑性强，团队氛围融洽”	移动互联网,电商 / B轮 / 150-500人	百果科技
112	数据分析专员	新安	3天前发布	8k-15k	8k-15k 经验不限 / 大专	数据分析 数据运营 SQL	“福利待遇好，入职后直接购买五险一金”	移动互联网 / 天使轮 / 50-150人	腾企网
113	数据分析师	坂田	3天前发布	15k-30k	15k-30k 经验1-3年 / 本科	大数据 数据分析 可视化 数据库 SQL	“带薪培训 五险一金 年终奖 一年两次调薪”	电商,物联网 / A轮 / 500-2000人	斯达领科
114	高级数据分析师	坂田	3天前发布	25k-40k	25k-40k 经验3-5年 / 本科	大数据 Hadoop Python elasticsearch	“带薪培训 五险一金 年终奖 一年两次调薪”	电商,物联网 / A轮 / 500-2000人	斯达领科
115	数据分析师	福田区	3天前发布	10k-15k	10k-15k 经验1-3年 / 本科	教育 数据分析 Python SQL K12在线教育	“行业发展前景广大”	教育 / 未融资 / 15-50人	中文路
116	数据分析师	龙华新区	3天前发布	12k-20k	12k-20k 经验1-3年 / 本科	互联网金融 数据分析 Python SQL	“季度奖金 年终奖 生日礼金 节假日福利”	电商,数据服务 / 上市公司 / 2000人以上	富士康科技集团
117	数据分析师	国贸	2天前发布	15k-30k	15k-30k 经验在校/应届 / 大专	BI 商业 数据分析	“五险一金，双休，错峰上班”	教育,移动互联网 / C轮 / 2000人以上	阿卡索外教网
118	bi数据分析师	南山区	2天前发布	13k-18k	13k-18k 经验1-3年 / 本科	数据分析	“精英团队，丰厚奖金”	金融,数据服务 / 未融资 / 15-50人	深圳市臻恒网络科技有限公司
119	数据分析师	科技园	2020-12-24	10k-20k	10k-20k 经验不限 / 不限	游戏 数据库 数据分析	“绩效奖金 年终分红 13薪”	游戏 / 未融资 / 15-50人	游戏宅
120	数据分析师	上梅林	2020-12-24	20k-35k	20k-35k 经验3-5年 / 本科	数据分析 SQL BI	“发展前景好”	移动互联网,消费生活 / D轮及以上 / 2000人以上	货拉拉
121	数据分析师	南油	3天前发布	3k-5k	3k-5k 经验在校/应届 / 本科	数据分析 行业分析	“大牛团队，发展空间大”	移动互联网,电商 / 上市公司 / 500-2000人	慧择网
122	数据分析师	南油	2020-12-23	14k-20k	14k-20k 经验3-5年 / 本科	新零售 商业分析 增长黑客 数据分析 数据运营	“腾讯系，A轮千万融资，丰厚的期权激励”	移动互联网 / A轮 / 15-50人	云启星辰
123	数据分析	科技园	2020-12-24	10k-12k	10k-12k 经验1-3年 / 本科	移动互联网 SQL	“平台好”	企业服务,人工智能 / 上市公司 / 2000人以上	亿达信息
124	数据分析师	南山区	3天前发布	12k-20k	12k-20k 经验3-5年 / 硕士	大数据	“期权、晋升/发挥空间大、大牛带队、出国旅游”	数据服务 / 未融资 / 少于15人	量城科技
125	数据分析师	科技园	2020-12-23	12k-24k	12k-24k 经验3-5年 / 本科	电商 数据分析	“新业务,发展空间大,平台好”	物流丨运输 / 上市公司 / 2000人以上	顺丰速运
126	数据分析师	南山医院	3天前发布	8k-15k	8k-15k 经验在校/应届 / 本科	数据分析	“大平台，高薪资，高成长空间”	移动互联网,金融 / D轮及以上 / 500-2000人	盒子科技
127	数据分析师	宝安区	2020-12-22	15k-20k	15k-20k 经验3-5年 / 本科	电商 用户研究 用户增长	“领导nice 发展空间大”	文娱丨内容 / 天使轮 / 150-500人	深圳市寻麟文化娱乐有限公司
128	数据分析师	南山区	2020-12-24	25k-35k	25k-35k 经验3-5年 / 硕士	数据分析	“大平台，项目号，前景好，福利好”	移动互联网 / 不需要融资 / 2000人以上	平安智慧城
129	资深数据分析师	南山区	2020-12-22	20k-40k	20k-40k 经验5-10年 / 本科	企业服务 工具软件 数据挖掘 Python SQL 商业分析	“发展前景好、核心项目、领导nice”	移动互联网,社交 / C轮 / 500-2000人	小鹅（小鹅通）
130	商业数据分析	福田区	2天前发布	17k-25k	17k-25k 经验3-5年 / 本科	数据分析 用户增长 业务拉新	“平台大、机会多、成长快”	消费生活 / B轮 / 2000人以上	叮咚买菜
131	数据分析师	南山区	2020-12-17	12k-18k	12k-18k 经验3-5年 / 本科	SQL 数据分析 BI	“发展空间大 伙伴给力 大平台”	移动互联网,消费生活 / B轮 / 2000人以上	喜茶
132	初中级数据分析师	福田区	3天前发布	10k-15k	10k-15k 经验3-5年 / 本科	金融	“专业团队，深耕金融领域，注重员工成长”	企业服务 / 上市公司 / 2000人以上	长亮科技
133	数据分析师	龙岗区	2020-12-24	7k-14k	7k-14k 经验1-3年 / 本科	电商 数据分析 BI	“五险一金 双休 免费夜宵”	通讯电子 / 不需要融资 / 2000人以上	华为消费者业务
134	数据分析师	南山区	2020-12-18	15k-30k	15k-30k 经验3-5年 / 本科	数据分析 SQL SPSS	“平台大 团队好”	移动互联网,其他 / 上市公司 / 2000人以上	TCL
135	10-12K 数据分析员	罗湖区	3天前发布	10k-12k	10k-12k 经验不限 / 本科	数据分析 可视化	“五险一金”	移动互联网,金融 / 上市公司 / 2000人以上	润杨金融
136	腾讯看点数据挖掘/数据分析工程师	科技园	11:43发布	18k-35k	18k-35k 经验3-5年 / 本科	Spark Flink 数据挖掘 数据分析	“职业发展空间大”	社交 / 上市公司 / 2000人以上	腾讯
137	1231LS-高级数据分析岗	福田区	10:31发布	15k-25k	15k-25k 经验3-5年 / 本科	金融 大数据	“五险一金,带薪年假,节日福利”	金融 / 上市公司 / 2000人以上	平安金服
138	数据分析实习生	南山区	04:25发布	2k-4k	2k-4k 经验在校/应届 / 本科	数据分析	“下午茶,免费三餐,租房补贴”	文娱丨内容 / D轮及以上 / 2000人以上	字节跳动
139	0232WX-数据建模工程师	福田区	00:00发布	10k-20k	10k-20k 经验3-5年 / 本科	移动互联网 数据仓库 数仓建模 数仓工程师	“五险一金,带薪年假,节日福利,绩效奖金”	金融 / 上市公司 / 2000人以上	平安人寿
140	游戏业务中台数据分析师	南山区	04:15发布	18k-36k	18k-36k 经验不限 / 本科	数据分析	“六险一金,弹性工作,免费三餐,租房补贴”	文娱丨内容 / D轮及以上 / 2000人以上	字节跳动
141	数据分析挖掘	福田区	00:00发布	15k-30k	15k-30k 经验5-10年 / 本科	金融 数据分析 Hadoop MySQL Oracle 逻辑回归	“好”	金融 / 上市公司 / 2000人以上	平安金服
142	高级数据分析师	南山区	3天前发布	25k-40k	25k-40k 经验5-10年 / 本科	移动互联网 sql Spark Hive	“大平台 带薪年假”	硬件 / 不需要融资 / 2000人以上	OPPO
143	数据分析师	后海	3天前发布	40k-80k	40k-80k 经验5-10年 / 本科	BI SQL 商业 增长黑客	“团队简单高效，上升空间大”	硬件 / 不需要融资 / 2000人以上	OPPO
144	数据分析师	南山区	2020-12-22	9k-13k	9k-13k 经验1-3年 / 本科	数据分析 hive sql	“腾讯项目”	企业服务,人工智能 / 上市公司 / 2000人以上	亿达信息
145	数据分析师（业务方向）	罗湖区	2天前发布	15k-20k	15k-20k 经验1-3年 / 本科	教育 移动互联网 Python R语言	“发展空间大,周末双休,五险一金”	教育,移动互联网 / C轮 / 2000人以上	阿卡索外教网
146	数据分析师	南山区	2020-12-17	15k-25k	15k-25k 经验3-5年 / 本科	数据分析	“年终多薪 氛围好 领导nice”	移动互联网 / 上市公司 / 500-2000人	移卡
147	数据分析师	前海	2020-12-18	8k-15k	8k-15k 经验1-3年 / 本科	数据分析	“季度项目奖,丰厚年终奖”	移动互联网 / 不需要融资 / 50-150人	云迈网络
148	高级数据分析师	福田区	2020-12-24	18k-22k	18k-22k 经验不限 / 本科	物流 移动互联网 Hive Python	“高速成长，团队氛围好，有竞争力薪酬”	移动互联网,消费生活 / D轮及以上 / 2000人以上	货拉拉
149	数据分析师	福田区	2020-12-16	12k-18k	12k-18k 经验1-3年 / 本科	电商 数据分析 数据管理	“拥有成长速度飞快的团队；90后团队”	电商,消费生活 / A轮 / 15-50人	理然
150	BI 资深数据分析师 - 跨境业务	科技园	3天前发布	17k-30k	17k-30k 经验3-5年 / 本科	电商 移动互联网 数据分析 跨境电商 B2C BI	“福利待遇、五险一金、带薪年假”	电商 / 上市公司 / 500-2000人	Shopee
151	数据分析leader	南山区	3天前发布	30k-36k	30k-36k 经验5-10年 / 本科	数据分析	“独角兽 O2O 互联网家装领头羊 氛围open”	移动互联网,消费生活 / C轮 / 500-2000人	土巴兔
152	数据分析师	宝安区	2020-12-21	25k-50k	25k-50k 经验5-10年 / 本科	大数据 需求分析 数据分析 项目管理	“福利超行业平均水平，发展机会大”	硬件 / 不需要融资 / 2000人以上	vivo
153	数据分析师	科技园	2020-12-20	10k-15k	10k-15k 经验在校/应届 / 本科	电商 大数据 数据分析 跨境电商 网站运营	“业内领先 各种福利 95后团队 独立自主”	电商,社交 / 不需要融资 / 50-150人	徕伊佐慕服饰
154	BI 数据分析师 - C端分析方向	科技园	3天前发布	10k-20k	10k-20k 经验3-5年 / 本科	电商 移动互联网 Python 数据分析 SQL	“带薪年假、弹性工作、五险一金”	电商 / 上市公司 / 500-2000人	Shopee
155	数据分析师	南山区	2020-12-06	15k-24k	15k-24k 经验3-5年 / 本科	云计算 大数据	“带薪年假，定期体检，年度旅游，扁平管理”	移动互联网,其他 / 上市公司 / 2000人以上	TCL
156	数据分析师	南山区	2020-12-24	3k-6k	3k-6k 经验在校/应届 / 本科	大数据	“大数据人工智能；名校系大牛；技术氛围浓”	移动互联网,数据服务 / 不需要融资 / 50-150人	一面数据
157	数据分析师	南山区	2020-12-14	10k-15k	10k-15k 经验1-3年 / 本科	体育 直播 竞品分析 数据分析	“发展计划大 扁平化”	移动互联网,社交 / 不需要融资 / 50-150人	加满分科技
158	数据分析师	南山区	2020-11-18	8k-15k	8k-15k 经验1-3年 / 本科	数据仓库 数据挖掘	“带薪年假、创业公司、五险一金、年终奖”	广告营销,企业服务 / 未融资 / 50-150人	沃菲数字营销
159	数据分析师	泥岗	2020-12-22	15k-25k	15k-25k 经验1-3年 / 本科	教育	“五险一金 双休 带薪年假”	教育,移动互联网 / C轮 / 2000人以上	阿卡索外教网
160	高级数据分析师	科技园	2020-12-15	20k-40k	20k-40k 经验3-5年 / 本科	数据分析	“大平台 福利待遇优厚”	社交 / 上市公司 / 2000人以上	腾讯
161	sz-数据分析	上梅林	2020-12-24	12k-24k	12k-24k 经验3-5年 / 本科	游戏 数据运营 数据分析	“平台大 福利多”	移动互联网,游戏 / 上市公司 / 500-2000人	CMGE中手游
162	数据建模工程师	南山区	3天前发布	15k-25k	15k-25k 经验3-5年 / 本科	数据仓库 Hive 数据集市 维度建模	“AI大数据 年终奖+项目奖”	移动互联网,企业服务 / C轮 / 150-500人	海致
163	开发工程师（数据分析方向）	福田区	3天前发布	7k-9k	7k-9k 经验在校/应届 / 本科	大数据 Spark 数据分析 Hive	“轨道交通,六险一金，周末双休，行业发展好”	其他 / 上市公司 / 150-500人	交控科技
164	数据分析师	坂田	2020-11-19	13k-18k	13k-18k 经验3-5年 / 本科	汽车后市场 供应链 商业 可视化 数据分析 数据运营	“团队大牛 发展晋升”	移动互联网,电商 / C轮 / 500-2000人	开思时代
165	数据分析经理	南山区	2020-12-24	15k-20k	15k-20k 经验3-5年 / 本科	大数据 产品设计 产品策划 用户研究 数据分析	“大数据 B轮 职业空间大 团队氛围好”	移动互联网,电商 / B轮 / 150-500人	卓轩科技
166	储备干部/数据分析/赋能CA/底薪8K	盐田区	3天前发布	8k-13k	8k-13k 经验在校/应届 / 本科	上市公司 六险二金 数据分析 晋升透明 奖金丰厚 每月团建	“上市公司，高底薪高提成，晋升透明，发展空间大”	移动互联网 / 上市公司 / 2000人以上	贝壳找房（深圳）科技有限公司
167	金融量化数据分析实习生	南山区	3天前发布	3k-4k	3k-4k 经验在校/应届 / 本科	互联网金融 数仓建模 SQLServer Python	“腾讯系上市企业、bat团队、导师制”	金融 / 上市公司 / 500-2000人	富途
168	数据分析运营经理	南山区	2020-12-24	15k-28k	15k-28k 经验3-5年 / 本科	互联网金融 运营 产品运营 数据分析	“福利待遇好,奖金丰厚,千万级用户”	金融 / 不需要融资 / 500-2000人	招联金融
169	Python数据分析	南山区	3天前发布	10k-20k	10k-20k 经验1-3年 / 本科	Java Python tcp/ip elastic数据库	“年度体检和旅游，团建，10天年假，期权激励等”	信息安全 / 不需要融资 / 15-50人	OSR
170	高级数据分析师 (MJ000056)	宝安区	2020-12-24	20k-40k	20k-40k 经验3-5年 / 本科	电商 用户增长	“发展前景、大牛团队”	电商,企业服务 / B轮 / 150-500人	店匠科技
171	资深数据分析师	上梅林	2020-11-26	20k-40k	20k-40k 经验3-5年 / 本科	一手内推信息 猎头专业服务 名企保面试 精准高效对接	“丰厚年终奖”	移动互联网,企业服务 / D轮及以上 / 500-2000人	拉勾猎头
172	资深数据分析师(J11772)	上梅林	2020-12-24	25k-50k	25k-50k 经验5-10年 / 本科	BI 商业 数据分析	“发展空间大”	移动互联网,消费生活 / D轮及以上 / 2000人以上	货拉拉
173	数据分析师	南山区	2020-12-18	15k-25k	15k-25k 经验1-3年 / 本科	电商 新零售	“全额公积金 年度旅游 全薪病假 免费健身房”	电商 / 不需要融资 / 500-2000人	百丽新零售
174	数据分析	福田区	2020-12-22	6k-12k	6k-12k 经验1-3年 / 大专	mysql SQL word excel	“五险一金、年终奖、朝九晚六、带薪年假”	企业服务 / 不需要融资 / 50-150人	广州锋泽网络科技有限公司
175	财务数据挖掘/数据分析 (MJ001408)	深大北门	2020-12-23	10k-20k	10k-20k 经验3-5年 / 本科	分析	“上市公司 高速成长 导师制”	金融 / 上市公司 / 2000人以上	乐信
176	大数据分析师	科技园	2020-12-23	13k-25k	13k-25k 经验3-5年 / 本科	大数据 新零售 Hadoop 数据分析 数据挖掘	“福利待遇，弹性工作，下午茶，五险一金”	移动互联网,消费生活 / B轮 / 150-500人	广州市梦享网络技术有限公司
177	营销数据分析师	香蜜湖	2020-12-23	15k-25k	15k-25k 经验3-5年 / 本科	ETL 数据仓库	“福利好、前景好”	硬件 / 上市公司 / 500-2000人	一加手机
178	商业数据分析师	大冲	2020-12-24	7k-10k	7k-10k 经验1-3年 / 本科	数据库 可视化 数据分析	“晋升机会多 培训多”	电商 / 不需要融资 / 2000人以上	迪阿股份有限公司
179	数据分析师(pJldPa)	南山区	2020-12-23	11k-20k	11k-20k 经验1-3年 / 本科	Python Hadoop Hive	“团队氛围好、国内外旅游、带薪年假、弹性上下班”	社交,消费生活 / 不需要融资 / 2000人以上	珍爱网
180	数据分析师	西丽	2020-12-07	12k-20k	12k-20k 经验3-5年 / 本科	数据分析	“独角兽 期权 大平台”	移动互联网,消费生活 / C轮 / 500-2000人	土巴兔
181	数据分析专员	科技园	2020-09-09	6k-10k	6k-10k 经验1-3年 / 本科	BI SQL 数据分析	“五险一金 、下午茶、团建、发展前景”	电商,消费生活 / C轮 / 150-500人	KK馆
182	高级数据分析运营师（信贷业务）	上沙	3天前发布	25k-50k	25k-50k 经验3-5年 / 本科	数仓工程师	“国企”	金融,软件开发 / 不需要融资 / 2000人以上	建信金科
183	高级数据分析师	西丽	2020-12-18	15k-25k	15k-25k 经验3-5年 / 本科	数仓建模 数据仓库	“住房福利、五险一金、周末双休”	其他 / 上市公司 / 2000人以上	万科泊寓
184	数据分析师	宝安区	2020-12-02	15k-30k	15k-30k 经验3-5年 / 本科	大数据 策略运营	“团队氛围好 领导Nice 福利丰厚”	文娱丨内容 / 天使轮 / 150-500人	深圳市寻麟文化娱乐有限公司
185	电商数据分析工程师	南山区	2020-12-22	10k-20k	10k-20k 经验3-5年 / 本科	电商 新零售 数据分析	“不打卡 团队年轻 领导nice”	电商 / 上市公司 / 2000人以上	美的电商
186	高级数据分析师	科技园	2020-12-18	12k-18k	12k-18k 经验3-5年 / 本科	设计 建筑 数据挖掘 数据仓库 数仓建模 数据分析	“周末双休、五险一金、出国旅游、”	其他 / 上市公司 / 500-2000人	杰恩设计
187	数据分析师	南山区	2020-12-08	15k-25k	15k-25k 经验3-5年 / 本科	数据分析	“五险一金 大平台 定期团建 团队氛围好”	电商 / 上市公司 / 2000人以上	京东集团
188	数据分析师	大冲	2020-11-18	12k-18k	12k-18k 经验1-3年 / 本科	游戏 需求分析 竞品分析 数据分析	“团队氛围 成长空间”	移动互联网,游戏 / 不需要融资 / 150-500人	大梦龙途
189	数据分析与挖掘工程师	南山区	2020-12-23	25k-50k	25k-50k 经验5-10年 / 本科	数据挖掘 数据分析	“专业的团队 大厂经验 发展前景”	金融 / 不需要融资 / 500-2000人	WeSure微保
190	数据分析专家	西丽	2020-11-09	11k-20k	11k-20k 经验1-3年 / 本科	电商 本地生活	“指数成长的职业平台，年轻积极的团队氛围”	移动互联网 / C轮 / 150-500人	易加油
191	数据分析师	福田区	2020-12-17	40k-80k	40k-80k 经验3-5年 / 本科	金融	“发展空间大，福利好”	金融,区块链 / 不需要融资 / 150-500人	中国人民银行金融科技研究院
192	ZAJ-数据分析经理	大冲	2020-12-22	15k-25k	15k-25k 经验3-5年 / 本科	互联网金融 银行	“五险一金 绩效奖金 带薪年假”	金融 / 未融资 / 2000人以上	微众银行
193	高级数据分析师-faceu	南山区	04:06发布	10k-20k	10k-20k 经验3-5年 / 本科	数据分析	“六险一金，弹性工作，免费三餐，租房补贴”	文娱丨内容 / D轮及以上 / 2000人以上	字节跳动
194	游戏数据分析师	南山区	04:08发布	15k-30k	15k-30k 经验3-5年 / 本科	产品	“弹性工作，免费三餐，租房补贴，带薪休假”	文娱丨内容 / D轮及以上 / 2000人以上	字节跳动
195	大数据分析师	蔡屋围	3天前发布	20k-40k	20k-40k 经验3-5年 / 本科	营销策略 数据分析	“平台大，福利好，年终奖”	金融 / 上市公司 / 2000人以上	平安金服
196	数据分析师	南山区	2020-12-10	15k-30k	15k-30k 经验3-5年 / 本科	游戏 移动互联网 数据仓库 数仓建模	“大平台 工作氛围好 给力薪酬”	硬件 / 不需要融资 / 2000人以上	OPPO
197	高级数据分析师	南山区	2020-12-16	20k-40k	20k-40k 经验5-10年 / 本科	用户画像 智能硬件 商业 数据库 数据分析	“发展前景”	硬件 / 不需要融资 / 2000人以上	OPPO
198	数据分析师	人民南	2020-11-30	20k-40k	20k-40k 经验5-10年 / 本科	金融 ETL Python 数据仓库	“世界500强 平台好 氛围好 互联网金融”	金融 / 上市公司 / 2000人以上	平安金服
199	高级数据分析师（深圳）	南山区	2020-12-24	20k-40k	20k-40k 经验3-5年 / 本科	游戏 大数据 数据分析 数据挖掘 数据仓库 数据处理	“IEG”	社交 / 上市公司 / 2000人以上	腾讯
200	游戏直播数据分析工程师	南山区	2020-12-24	20k-35k	20k-35k 经验3-5年 / 本科	游戏 直播 数据分析 Hive 数据挖掘 数据仓库	“腾讯全职，直播蓝海”	社交 / 上市公司 / 2000人以上	腾讯
201	YYG-运营管理经理(数据分析及模型)	大冲	2020-12-22	15k-25k	15k-25k 经验3-5年 / 本科	互联网金融 银行	“五险一金 绩效奖金 带薪年假”	金融 / 未融资 / 2000人以上	微众银行
202	数据分析师（数据科学方向）	南山区	2020-12-24	10k-20k	10k-20k 经验1-3年 / 本科	大数据	“大数据人工智能；名校系大牛；技术氛围浓”	移动互联网,数据服务 / 不需要融资 / 50-150人	一面数据
203	数据分析师	坂田	2020-11-03	10k-20k	10k-20k 经验3-5年 / 本科	数据分析	“福利多 晋升空间大”	电商,汽车丨出行 / C轮 / 500-2000人	开思时代
204	数据分析师	车公庙	2020-10-30	11k-20k	11k-20k 经验1-3年 / 大专	新零售 BI SQL 可视化	“能够学习到很多知识”	移动互联网,数据服务 / 未融资 / 150-500人	数神科技
205	SJZ-大数据分析专家	大冲	2020-12-23	40k-80k	40k-80k 经验5-10年 / 硕士	MySQL	“急招”	软件开发,数据服务 / 不需要融资 / 2000人以上	顺丰科技有限公司
206	高级数据分析师	科技园	2020-12-15	20k-35k	20k-35k 经验5-10年 / 本科	大数据 工具软件 Hadoop Hive Python 数据挖掘	“有激情、有冲劲的一支创新团队”	企业服务 / 上市公司 / 2000人以上	金蝶蝶金
207	数据分析师	南山区	2020-11-18	15k-20k	15k-20k 经验1-3年 / 本科	数据挖掘	“五险一金；餐费补贴；管理扁平化；下午茶”	移动互联网,社交 / 不需要融资 / 150-500人	爱问科技
208	数据分析	大冲	2020-12-01	15k-20k	15k-20k 经验1-3年 / 本科	信息安全 大数据 Hive Python 算法工程师 网络安全	“周末双休、季度国内游、年度国外游、免费健身”	信息安全 / A轮 / 150-500人	永安在线
209	大数据分析组实习生（行为金融学方向）	南山区	2020-12-22	1k-2k	1k-2k 经验1年以下 / 本科	IT支持	“金融科技领军、大舞台大作为”	企业服务,其他 / 上市公司 / 2000人以上	招商证券信息技术中心
210	高级数据分析师	南油	2020-10-15	20k-40k	20k-40k 经验3-5年 / 不限	分析师	“弹性工作 福利多多 氛围开放”	金融 / 上市公司 / 2000人以上	众安保险
211	游戏数据分析师	科技园	2020-12-21	15k-25k	15k-25k 经验3-5年 / 本科	游戏 数据分析	“腾讯福利、资金充足、独立项目潜力巨大”	游戏 / 不需要融资 / 50-150人	藤蔓公司
212	BI数据分析师	南油	2020-12-21	15k-25k	15k-25k 经验3-5年 / 本科	企业服务 大数据 数据分析 需求分析 BI	“行业大牛，高成长性”	企业服务,数据服务 / B轮 / 150-500人	观远数据
213	小游戏数据分析师	南山区	04:16发布	11k-22k	11k-22k 经验不限 / 本科	数据分析	“弹性工作,免费三餐,租房补贴,下午茶”	文娱丨内容 / D轮及以上 / 2000人以上	字节跳动
214	市场与用户研究经理——数据分析方向	南山区	04:15发布	15k-30k	15k-30k 经验3-5年 / 本科	运营	“六险一金,弹性工作,免费三餐,租房补贴”	文娱丨内容 / D轮及以上 / 2000人以上	字节跳动
215	高级数据分析师	南山区	2020-12-10	20k-40k	20k-40k 经验5-10年 / 本科	游戏 移动互联网 数据仓库 数仓建模	“大平台 工作氛围好 给力薪酬”	硬件 / 不需要融资 / 2000人以上	OPPO
216	大数据建模工程师/专家	蔡屋围	3天前发布	20k-40k	20k-40k 经验3-5年 / 本科	金融 数据架构 Hive SQLServer R语言	“大平台 薪酬福利优势 大牛带队 职业发展”	金融 / 上市公司 / 2000人以上	平安金服
217	数据分析实习生 (MJ000375)	南山区	2020-12-22	3k-4k	3k-4k 经验不限 / 本科	SQL 数据分析 Python	“发展前景”	企业服务 / 上市公司 / 500-2000人	极光
218	数据分析高级工程师	南山区	2020-12-22	20k-30k	20k-30k 经验5-10年 / 本科	电商 新零售 数据分析	“不打卡 团队年轻 领导nice”	电商 / 上市公司 / 2000人以上	美的电商
219	初级数据分析师	科技园	2020-12-21	10k-15k	10k-15k 经验1-3年 / 本科	大数据 Spark SQLServer Scala Python	“大小周，五险一金，每年体检，团建”	移动互联网,消费生活 / B轮 / 150-500人	广州市梦享网络技术有限公司
220	数据分析中级经理	南山区	2020-12-22	20k-40k	20k-40k 经验1-3年 / 本科	数据分析	“金融科技 发展前景”	企业服务,其他 / 上市公司 / 2000人以上	招商证券信息技术中心
221	数据分析师	南油	2020-11-04	15k-20k	15k-20k 经验3-5年 / 本科	电商 移动互联网 SPSS 数据运营 数据分析 商业	“国际团队”	电商,移动互联网 / 天使轮 / 少于15人	志伏贸易
222	数据分析专员	深圳湾	2020-08-06	6k-10k	6k-10k 经验1-3年 / 本科	数据库 SQL	“平台大 晋升机会多”	物流丨运输 / 上市公司 / 2000人以上	顺丰速运
223	数据分析师	宝安区	2020-08-29	10k-15k	10k-15k 经验不限 / 本科	电商 数据分析 需求分析 竞品分析	“发展前景好”	电商,数据服务 / 未融资 / 少于15人	乐客科技
224	数据分析师	车公庙	2020-08-28	13k-16k	13k-16k 经验3-5年 / 本科	数据分析	“五险一金，双休”	消费生活 / 未融资 / 15-50人	深麒实业
225	高级数据分析师	南山区	2020-08-02	15k-25k	15k-25k 经验不限 / 本科	电商 大数据	“五险一金 定期体检”	数据服务,软件开发 / 不需要融资 / 15-50人	深融汇
226	Equity Data Research Analyst/股票数据分析员	车公庙	2020-12-24	5k-7k	5k-7k 经验不限 / 本科	金融数据处理 股票数据	“金融数据 英文环境 工作氛围好”	金融 / 上市公司 / 500-2000人	晨星Morningstar
227	战略数据分析师（游戏方向）	南山区	04:15发布	15k-30k	15k-30k 经验3-5年 / 本科	运营	“股票期权,弹性工作,免费三餐,餐补”	文娱丨内容 / D轮及以上 / 2000人以上	字节跳动
228	海外游戏数据分析师	南山区	04:10发布	15k-30k	15k-30k 经验3-5年 / 本科	运营	“下午茶,弹性工作,免费三餐,带薪休假”	文娱丨内容 / D轮及以上 / 2000人以上	字节跳动
229	数据分析师	平湖	2020-12-08	10k-15k	10k-15k 经验1-3年 / 本科	电商 新零售	“年轻团队，扁平化管理，晋升空间大”	消费生活,物流丨运输 / 未融资 / 2000人以上	鑫荣懋
230	数据分析师	南山区	2020-11-02	10k-15k	10k-15k 经验1-3年 / 本科	ETL 数据分析 BI 需求分析	“平台好，成长性强，上升空间大”	金融 / 未融资 / 15-50人	融金普惠
231	数据分析师	科技园	2020-10-23	10k-15k	10k-15k 经验1-3年 / 本科	Python	“入职购买五险一金，定期下午茶，定期团建”	房产家居 / 未融资 / 15-50人	驿点公寓
232	数据分析师	福田区	2020-07-26	6k-12k	6k-12k 经验3-5年 / 本科	金融	“金融科技”	电子商务 移动互联网 / 天使轮 / 15-50人	信条智享
233	数据分析师	福田区	2020-07-26	6k-12k	6k-12k 经验3-5年 / 本科	金融	“金融科技”	电子商务 移动互联网 / 天使轮 / 15-50人	信条智享
234	数据分析师	新安	2020-07-20	9k-14k	9k-14k 经验1-3年 / 本科	电商 分类信息 MySQL	“弹性工作”	文娱丨内容,其他 / 不需要融资 / 15-50人	深圳市熙芩时尚贸易有限公司
235	HR数据分析专家（偏数据/建模）	福田区	2020-12-19	15k-28k	15k-28k 经验1-3年 / 本科	人力资源 HRIS HRMS 绩效考核	“大平台 好发展”	房产家居 / 不需要融资 / 2000人以上	万科物业
236	高级数据分析师	南山区	2020-11-13	25k-40k	25k-40k 经验5-10年 / 本科	游戏 Scala Python Hadoop 数据架构	“快速成长，福利待遇富有竞争力、晋升空间大”	软件开发 / 不需要融资 / 15-50人	苏跃科技
237	用户数据分析员	南山区	2020-12-23	15k-20k	15k-20k 经验3-5年 / 本科	用户研究 数据分析 流程设计	“发展前景，团队氛围，双休”	其他 / 上市公司 / 150-500人	北鼎科技
238	数据分析师	南山区	2020-10-26	10k-11k	10k-11k 经验1-3年 / 本科	移动互联网 音乐 SQL 数据分析 Python Tableau	“六险一金、免费早餐、公司班车、年终奖、考核奖”	移动互联网 / 未融资 / 50-150人	然鸿信息科技
239	大数据分析产品	南山区	2020-12-21	15k-30k	15k-30k 经验3-5年 / 本科	大数据 政府项目 B端产品 数据分析	“大平台，数据资产丰富”	移动互联网 / 不需要融资 / 2000人以上	平安智慧城
240	数据分析/分控专员（全职兼职都可）	新安	2020-12-18	8k-15k	8k-15k 经验1-3年 / 本科	数据分析	“周末双休 海外”	人工智能 软件开发 / 未融资 / 50-150人	欣星科技
241	数据分析师	南山区	2020-11-09	20k-35k	20k-35k 经验3-5年 / 本科	云计算 大数据 数据分析	“新领域,新机会”	企业服务,医疗丨健康 / A轮 / 15-50人	深圳市小草生物信息科技有限公司
242	XSY-数据分析师	南山区	2020-12-14	15k-25k	15k-25k 经验3-5年 / 本科	运营 SEM 数据分析 产品运营	“高并发、线上用户、互联网开发方向”	软件开发,数据服务 / 不需要融资 / 2000人以上	顺丰科技有限公司
243	数据分析（业务方向）	泥岗	2020-12-22	15k-25k	15k-25k 经验3-5年 / 本科	教育 Excel	“五险一金 双休 带薪年假”	教育,移动互联网 / C轮 / 2000人以上	阿卡索外教网
244	数据分析	福田区	2020-07-23	9k-11k	9k-11k 经验1-3年 / 不限	投资/融资 可视化 SQL 数据库	“数据分析”	消费生活 / 不需要融资 / 15-50人	iTree Cloud
245	商业数据分析师	华侨城	2020-11-18	15k-25k	15k-25k 经验3-5年 / 不限	新零售 电商 商业 BI 可视化 SQL	“颜值高团队,扁平化管理,老板好,员工福利”	移动互联网 / D轮及以上 / 150-500人	超级猩猩健身
246	资深数据分析师—飞书	南山区	04:33发布	25k-50k	25k-50k 经验不限 / 本科	数据挖掘	“下午茶,六险一金,晋升空间大,扁平管理”	文娱丨内容 / D轮及以上 / 2000人以上	字节跳动
247	反作弊数据分析师-内容风控	南山区	04:33发布	25k-50k	25k-50k 经验3-5年 / 本科	NLP	“下午茶,健身瑜伽,团队氛围好,用户过亿”	文娱丨内容 / D轮及以上 / 2000人以上	字节跳动
248	运营数据分析专员	龙华新区	2020-12-04	10k-15k	10k-15k 经验不限 / 本科	数据管理 消费金融 数据分析	“年终双薪、培训机会、节日礼金、发展机会等”	电商,数据服务 / 上市公司 / 2000人以上	富士康科技集团
249	风控（海外）策略及数据分析工程师（深圳）	科技园	2020-12-15	30k-60k	30k-60k 经验5-10年 / 本科	风控 跨境支付/结算	“发展前景好 平台大 福利好”	社交 / 上市公司 / 2000人以上	腾讯
250	Fund Data Research Analyst/基金数据分析员	福田区	2020-12-24	5k-7k	5k-7k 经验不限 / 本科	基金 大数据	“发展前景 内部晋升 五险一金”	金融 / 上市公司 / 500-2000人	晨星Morningstar
251	运营数据分析岗	南山区	2020-12-18	20k-30k	20k-30k 经验5-10年 / 本科	电商 大数据 策略运营 数据	“周末双休 发展前景 创新业务”	电商 / 上市公司 / 2000人以上	京东集团
252	产品数据分析师(007758)	福田区	2020-12-14	40k-70k	40k-70k 经验5-10年 / 本科	大数据 产品运营	“绩效奖金”	硬件 / 不需要融资 / 2000人以上	vivo
253	数据分析师（网络适应性方向）(008519)	福田区	2020-12-14	30k-60k	30k-60k 经验5-10年 / 本科	MySQL	“绩效奖金”	硬件 / 不需要融资 / 2000人以上	vivo
254	高级数据分析师	福田区	2020-11-16	15k-25k	15k-25k 经验3-5年 / 本科	医疗健康	“医健**品牌”	企业服务 / 不需要融资 / 少于15人	纳彦管理咨询
255	数据分析岗	南山区	2020-12-15	25k-35k	25k-35k 经验3-5年 / 本科	数仓建模 Hadoop Spark	“走在科技金融前端，多元化发展空间”	金融 / 不需要融资 / 2000人以上	招银网络科技
256	腾讯音乐曲库开发中心数据分析	南山区	2020-12-10	25k-50k	25k-50k 经验3-5年 / 本科	Spark Hive Hadoop 数仓建模	“大平台”	社交 / 上市公司 / 2000人以上	腾讯
257	风控数据分析岗	南油	2020-11-30	15k-25k	15k-25k 经验1-3年 / 本科	互联网金融 风控 风险分析	“腾讯战略投资企业，发展前景广阔”	金融 / B轮 / 50-150人	新分享科技服务
258	高级安全数据分析工程师	南山区	2020-12-04	35k-45k	35k-45k 经验3-5年 / 本科	信息安全 数据分析	“大平台；专业团队；团队文化氛围；”	硬件 / 不需要融资 / 2000人以上	OPPO
259	数据研发工程师-高级数据分析师	南山区	2020-12-08	20k-30k	20k-30k 经验5-10年 / 本科	数仓建模 数据仓库 Hadoop	“氛围好，前景好”	移动互联网,社交 / C轮 / 500-2000人	小鹅（小鹅通）
260	商业数据分析专家	福田区	2020-12-24	30k-50k	30k-50k 经验5-10年 / 本科	商业 BI 数据分析 SPSS	“五险一金、年假、商业医保”	移动互联网,消费生活 / D轮及以上 / 2000人以上	货拉拉
261	数据分析	光明新区	2020-11-02	4k-6k	4k-6k 经验不限 / 硕士	大数据	“机关事业单位上班，工作环境好，有机关饭堂”	数据服务,硬件 / A轮 / 15-50人	华澜环保
262	数据分析专员（MJ000126）	南山区	2020-11-24	20k-25k	20k-25k 经验5-10年 / 本科	数据分析 SQL	“五险一金、年终奖、绩效奖金、项目奖...”	移动互联网 / 上市公司 / 500-2000人	万兴科技集团股份有限公司
263	数据分析工程师	南山区	2020-12-11	15k-30k	15k-30k 经验3-5年 / 硕士	数据分析	“前景可观”	人工智能,软件开发 / 天使轮 / 15-50人	物界（上海）科技有限公司
264	数据分析助理（双休+五险一金）	新安	2020-11-10	6k-8k	6k-8k 经验不限 / 大专	电商 信息安全 客服 售前 售后 销售	“五险一金年底双薪 包住全勤奖带薪年假”	通讯电子,软件开发 / 未融资 / 50-150人	百圣信息
265	数据分析岗	福田区	2020-11-16	20k-30k	20k-30k 经验3-5年 / 本科	数据分析	“前景广阔”	金融 / 上市公司 / 2000人以上	长城证券
266	【2021校招】数据分析	大冲	2020-12-08	15k-25k	15k-25k 经验在校/应届 / 本科	移动互联网 数据仓库 数仓建模	“福利好 带薪年假 弹性工作 六险一金”	工具 / 上市公司 / 500-2000人	迅雷
267	供应链数据分析	南山区	2020-12-08	10k-15k	10k-15k 经验3-5年 / 本科	大数据 电商 市场竞争分析 行业分析 数据分析	“高挑战、前景好”	消费生活 / D轮及以上 / 2000人以上	钱大妈
268	数据分析工程师	科技园	2020-12-15	20k-40k	20k-40k 经验3-5年 / 硕士	专题分析 增长分析	“发展前景”	金融 / 不需要融资 / 500-2000人	WeSure微保
269	风控数据分析师	南山区	04:30发布	25k-50k	25k-50k 经验不限 / 本科	后端开发	“六险一金,团队氛围好”	文娱丨内容 / D轮及以上 / 2000人以上	字节跳动
270	高级大数据分析工程师	南山区	2020-12-10	30k-60k	30k-60k 经验5-10年 / 本科	Python Spark Hadoop Hive	“大平台”	社交 / 上市公司 / 2000人以上	腾讯
271	腾讯云高级数据分析师	南山区	2020-12-10	27k-40k	27k-40k 经验5-10年 / 本科	数据分析	“平台，发展机会”	社交 / 上市公司 / 2000人以上	腾讯
272	数据分析师(007879)	宝安区	2020-12-01	25k-50k	25k-50k 经验3-5年 / 本科	移动互联网	“股票期权,精英团队,弹性工作”	硬件 / 不需要融资 / 2000人以上	vivo
273	商业数据分析师 (MJ001365)	深大北门	2020-12-21	10k-20k	10k-20k 经验3-5年 / 不限	数据分析 竞品分析	“上市公司”	金融 / 上市公司 / 2000人以上	乐信
274	资深数据分析师（10.25专场）	上梅林	2020-10-10	20k-40k	20k-40k 经验3-5年 / 本科	一手内推信息 猎头专业服务 名企保面试 精准高效对接	“丰厚年终奖”	移动互联网,企业服务 / D轮及以上 / 500-2000人	拉勾猎头
275	数据分析助理	大冲	2020-12-14	6k-10k	6k-10k 经验在校/应届 / 本科	数据分析	“E轮、餐补、零售海量数据、新零售独角兽”	电商,消费生活 / C轮 / 150-500人	KK馆
276	大数据分析工程师	深圳湾	2020-12-15	35k-55k	35k-55k 经验3-5年 / 硕士	Hadoop 数据挖掘	“行业好，福利待遇好，独角兽企业”	人工智能 / B轮 / 500-2000人	云天励飞
277	数据分析总监	大冲	2020-12-21	60k-90k	60k-90k 经验5-10年 / 本科	云计算 大数据 Hadoop Python R语言 机器学习	“股票期权、扁平化管理、平台大”	移动互联网,企业服务 / 不需要融资 / 500-2000人	慧择信息集团
278	金融数据分析师	福田区	2020-12-16	5k-10k	5k-10k 经验在校/应届 / 本科	金融 大数据 Python MySQL Java	“发展前景好，晋升空间大，90后年轻团队”	金融,企业服务 / 不需要融资 / 150-500人	融臻投资
279	初级数据分析师	罗湖区	2020-12-05	4k-6k	4k-6k 经验不限 / 大专	大数据 ETL	“年底双薪，五险一金，加班补助”	企业服务,软件开发 / 不需要融资 / 50-150人	庆邦物流
280	数据运营经理（大数据分析方向） (MJ000302)	南油	2020-12-22	18k-30k	18k-30k 经验5-10年 / 本科	数据分析 数据运营 增长黑客	“上市公司 待遇优 平台好”	移动互联网 / 上市公司 / 500-2000人	万兴科技集团股份有限公司
281	电商数据分析师	宝安区	2020-12-11	10k-20k	10k-20k 经验3-5年 / 本科	电商 广告营销 商业 增长黑客 数据分析 数据运营	“核心岗位、高成长、晋升、员工宿舍”	企业服务 / 不需要融资 / 500-2000人	安吉尔
282	高级数据分析师 (MJ002608)	南山区	2020-11-26	15k-25k	15k-25k 经验3-5年 / 本科	商业 数据库 数据分析 可视化	“大牛云集 跨境电商 弹性工作 福利齐全”	电商,移动互联网 / C轮 / 2000人以上	SHEIN
283	数据分析岗(001216)	福田区	2020-12-08	12k-24k	12k-24k 经验1-3年 / 硕士	数据库开发	“五险一金，岗位晋升，年终奖，带薪年假，”	金融 / 不需要融资 / 500-2000人	五矿证券
284	高级数据分析工程师（线上讲师）	南山区	2020-12-10	2k-3k	2k-3k 经验3-5年 / 本科	数据挖掘 数据分析 数据仓库 MySQL	“行业发声好机会，打造个人品牌”	社交 / 上市公司 / 2000人以上	腾讯
285	证券数据分析工程师（深圳）	南油	2020-12-07	30k-60k	30k-60k 经验3-5年 / 本科	数据分析	“大平台，业务前景好，发展空间大”	社交 / 上市公司 / 2000人以上	腾讯
286	高级数据分析师（C端）	西丽	2020-12-07	25k-35k	25k-35k 经验5-10年 / 本科	数据分析	“独角兽 期权 大平台”	移动互联网,消费生活 / C轮 / 500-2000人	土巴兔
287	数据分析师（爬虫）	南油	2020-10-10	15k-30k	15k-30k 经验5-10年 / 本科	电商 社交 Java Python 算法工程师 密码技术	“平台大 发展空间大 公司福利好”	软件开发 / 不需要融资 / 50-150人	今日要点
288	数据分析师（故障诊断）	南山区	2020-12-07	10k-15k	10k-15k 经验1-3年 / 本科	技术支持 故障诊断 数据分析	“平台、发展空间大”	硬件 / 未融资 / 2000人以上	DJI大疆创新
289	高级数据分析工程师	南山区	2020-12-03	30k-60k	30k-60k 经验5-10年 / 本科	Hive MySQL	“海景办公 亿万级用户量 高并发”	硬件 / 不需要融资 / 2000人以上	OPPO
290	金融数据分析师	大冲	2020-11-19	10k-18k	10k-18k 经验3-5年 / 大专	python	“周末双休 福利多多”	金融,软件开发 / 不需要融资 / 150-500人	前海尼欧思维
291	数据分析岗	福田区	2020-12-10	25k-50k	25k-50k 经验3-5年 / 本科	大数据 金融 数据挖掘 数据仓库	“金融行业 大数据分析 数据挖掘”	移动互联网,金融 / 上市公司 / 2000人以上	中信银行信用卡中心
292	硬件数据分析师	南山区	2020-12-09	20k-25k	20k-25k 经验3-5年 / 本科	数据分析	“公司和团队就氛围好，领导NICE，架构扁平”	消费生活,汽车丨出行 / A轮 / 500-2000人	街电科技
293	商业数据分析师	宝安区	2020-11-07	18k-25k	18k-25k 经验不限 / 本科	商业 增长黑客 数据分析 数据运营	“大企业”	数据服务 / 天使轮 / 150-500人	炆石数据
294	数据科学家（数据挖掘&数据建模）	福田区	2020-12-05	35k-55k	35k-55k 经验3-5年 / 硕士	金融 大数据 数据挖掘 Python MySQL 数据建模	“弹性工作，高薪资福利，大平台，前景广阔”	企业服务,软件开发 / 未融资 / 500-2000人	启智创新
295	高级数据分析/python	龙岗区	2020-11-20	8k-10k	8k-10k 经验1-3年 / 大专	大数据	“创业型公司”	电商 / 未融资 / 50-150人	瑞拓步
296	人力资源数据分析师	南山区	2020-11-27	15k-30k	15k-30k 经验不限 / 本科	通信/网络设备	“业务增量 人力资源数据分析”	移动互联网,硬件 / 上市公司 / 2000人以上	TCL通讯科技控股有限公司
297	数据分析岗	福田区	2020-08-18	12k-20k	12k-20k 经验不限 / 硕士	大数据 数据仓库 Java Python SQL	“人才房补贴|周末双休|弹性工作”	数据服务 / 不需要融资 / 少于15人	数聚湾区大数据研究院
298	PCG创新项目-增长数据分析师	科技园	2020-12-07	25k-50k	25k-50k 经验不限 / 本科	用户增长	“欢迎加入我们，和前硅谷增长专家强强联手”	社交 / 上市公司 / 2000人以上	腾讯
299	数据分析师（车辆数据产品方向）	福田区	2020-12-15	20k-30k	20k-30k 经验5-10年 / 本科	汽车 大数据 Hadoop 算法工程师 数据挖掘 数据架构	“精算 大数据 数据产品”	移动互联网 / C轮 / 50-150人	鼎然信息科技
