0	数据分析师-郑州	中原区	17:04发布	8k-15k	8k-15k 经验3-5年 / 本科	数据采集	“五险一金,午餐补助,补充医疗,14薪”	数据服务 / C轮 / 500-2000人	神策数据
1	高级数据分析师（五险一金+双休+丰厚福利）	中原区	2天前发布	10k-15k	10k-15k 经验3-5年 / 本科	大数据 Python	“公司发展前景好，团队实力强”	移动互联网,游戏 / B轮 / 500-2000人	安徽省刀锋网络科技有限公司
2	自动驾驶数据分析工程师	郑东新区	2020-12-24	10k-20k	10k-20k 经验在校/应届 / 本科	测试开发 ubuntu git docker	“大牛导师一带一培养”	移动互联网,企业服务 / B轮 / 150-500人	文远知行
3	数据分析	经开区	2020-12-04	10k-20k	10k-20k 经验5-10年 / 本科	大数据 移动互联网 数据库 BI SQL	“五险一金 绩效奖金 带薪休假 定期体检”	电商,数据服务 / 上市公司 / 2000人以上	富士康科技集团
4	数据分析	北环	2020-12-23	4k-8k	4k-8k 经验不限 / 大专	ETL	“双休，五险一金，项目奖金”	数据服务 / B轮 / 少于15人	河皓大数据
5	数据分析师	二七区	2020-11-08	4k-6k	4k-6k 经验不限 / 本科	电力 数据分析	“国家电网 信息系统数据分析师”	人工智能,软件开发 / 不需要融资 / 15-50人	飙风信息
6	数据分析师（中级、高级）	郑东新区	2020-11-16	15k-30k	15k-30k 经验1-3年 / 本科	数据挖掘	“五险一金 住房餐贴 带薪年假 交通补助”	金融 / 上市公司 / 2000人以上	中原银行
7	大数据分析师实习生	中原区	2020-12-24	9k-18k	9k-18k 经验不限 / 大专	视频 工具软件 数据挖掘 大数据运维 网络 IT支持	“五险一金，年底分红”	软件开发、VR丨AR / 未融资 / 150-500人	掌乐多软件
8	数据分析	郑东新区	2020-11-24	6k-10k	6k-10k 经验3-5年 / 本科	数仓建模 数据挖掘	“发展前景好、团队氛围好、双休、五险”	移动互联网 / 不需要融资 / 50-150人	宾果雅通
9	数据分析师	高新区	2020-11-27	12k-24k	12k-24k 经验3-5年 / 本科	人工智能 机器学习 深度学习 推荐	“六险两金,扁平化,高福利,高奖励”	移动互联网 / 不需要融资 / 2000人以上	中移在线服务有限公司
10	大数据分析师助理（单休）	高新区	2020-12-22	3k-6k	3k-6k 经验在校/应届 / 不限	大数据	“双休，五险一金”	软件开发 / 未融资 / 50-150人	土工干
11	数据分析师	管城回族区	2020-09-26	6k-12k	6k-12k 经验1-3年 / 本科	数据分析 BI SQL	“五险一金 大牛带队 公司重点项目”	教育 / 未融资 / 2000人以上	修齐治平
12	数据分析	二七区	2020-10-23	4k-8k	4k-8k 经验不限 / 本科	金融 分类信息	“数据运营”	金融、软件开发 / 未融资 / 50-150人	华之夏
13	数据分析师	二七区	2020-09-10	5k-8k	5k-8k 经验不限 / 本科	大数据 移动互联网 需求分析 数据分析	“新颖行业，工作轻松”	金融 / 未融资 / 150-500人	旭桂电子
14	数据分析师	二七区	2020-08-26	4k-8k	4k-8k 经验不限 / 大专	工具软件 金融 数据分析 企业软件 数据	“等风等雨，我在等你”	金融、软件开发 / 未融资 / 50-150人	华之夏
15	数据分析师	二七区	2020-09-22	4k-8k	4k-8k 经验不限 / 大专	移动互联网 企业软件 数据 商业产品 后台产品	“我们需要思维敏捷的你”	金融 / 未融资 / 150-500人	旭桂电子
16	数据分析师	二七区	2020-09-01	4k-8k	4k-8k 经验不限 / 大专	大数据 互联网金融	“数据分析”	金融,其他 / 未融资 / 50-150人	方九实业
17	数据分析专员	二七区	2020-11-06	6k-8k	6k-8k 经验1-3年 / 本科	分类信息 工具软件 数据分析	“同事很nice、工作轻松、不加班”	数据服务 / 不需要融资 / 50-150人	河南彩评
18	风控数据分析师	郑东新区	2020-07-21	12k-20k	12k-20k 经验3-5年 / 本科	信用租赁 数据分析	“基本薪酬、绩效奖金、项目奖金、盈利分红等”	其他 / 未融资 / 15-50人	八戒租
19	数据建模工程师（G)	淮河路	2020-10-27	8k-15k	8k-15k 经验1-3年 / 本科	数仓建模 机器学习 深度学习	“上市公司、双休、年终奖、重点项目、交餐补”	数据服务,其他 / 上市公司 / 500-2000人	格蒂电力
20	数据库开发（上海工作）	金水区	17:27发布	10k-18k	10k-18k 经验3-5年 / 本科	sql shell PL/SQL	“平台大，福利佳，资深大佬”	金融,软件开发 / 未融资 / 50-150人	西樵软件
21	人力资源总监	金水区	16:53发布	10k-20k	10k-20k 经验5-10年 / 大专	人力资源规划	“周末双休，福利待遇好”	移动互联网 / 未融资 / 150-500人	郑州创恒实业有限公司
22	app运营总监	商务内环	16:58发布	15k-30k	15k-30k 经验5-10年 / 本科	APP运营 C端运营	“五险一金”	其他 / 未融资 / 15-50人	明之旗
23	app推广	郑东新区	16:58发布	8k-15k	8k-15k 经验3-5年 / 本科		“五险一金”	其他 / 未融资 / 15-50人	明之旗
24	网络推广/双休	金水区	16:53发布	6k-10k	6k-10k 经验1-3年 / 大专	APP推广 新媒体推广 网络推广	“周末双休，福利待遇好”	移动互联网 / 未融资 / 150-500人	郑州创恒实业有限公司
25	产品经理	金水区	10:22发布	10k-20k	10k-20k 经验3-5年 / 本科	电商 本地生活 项目管理 需求分析	“五险一金,节日福利,股票期权,国内旅游”	移动互联网,消费生活 / B轮 / 500-2000人	UU跑腿
26	广告优化师	郑东新区	12:20发布	10k-18k	10k-18k 经验5-10年 / 本科	广告营销 广告投放 网络销售 信息流	“六险一金、双休、定期体检、生日会、团建”	数据服务,软件开发 / 未融资 / 150-500人	阿帕斯数云
27	大数据实习生	中原区	15:15发布	5k-8k	5k-8k 经验不限 / 大专	大数据 Hadoop Spark Storm	“能力优秀者待遇更好”	VR丨AR / 未融资 / 150-500人	聚才科技
28	新媒体运营	郑东新区	15:33发布	6k-8k	6k-8k 经验1-3年 / 大专	汽车 微信运营 微博运营	“工作餐 带薪年假”	移动互联网 / 未融资 / 150-500人	河南友途实业有限公司
29	大数据开发工程师	高新区	08:23发布	9k-15k	9k-15k 经验3-5年 / 本科	数据仓库 数仓建模 数仓架构 Hadoop	“升职空间、学习提升、技术大牛”	物联网,其他 / 上市公司 / 150-500人	汉威智慧安全
30	用户运营	金水区	10:22发布	6k-12k	6k-12k 经验1-3年 / 本科	活动运营 裂变拉新 C端用户运营	“五险一金，升职加薪”	移动互联网,消费生活 / B轮 / 500-2000人	UU跑腿
31	销售经理	金水区	04:10发布	10k-20k	10k-20k 经验3-5年 / 大专	商务拓展 BD	“六险一金，弹性工作，带薪休假，扁平管理”	文娱丨内容 / D轮及以上 / 2000人以上	字节跳动
32	商品运营经理	金水区	2020-12-14	16k-25k	16k-25k 经验3-5年 / 不限	电商 新零售 运营 品类运营 商家运营 市场	“滴滴”	汽车丨出行 / 不需要融资 / 2000人以上	滴滴
33	SEM助理/网络推广助理实习生应届生	二七区	09:15发布	3k-6k	3k-6k 经验不限 / 大专	广告营销 医疗健康 推广 SEM 线上推广 品牌推广	“每年两次调薪、有人带、福利好”	医疗丨健康 / 未融资 / 50-150人	妙慈药业
34	策略研究岗 / 量化分析师	经开区	09:55发布	10k-15k	10k-15k 经验1-3年 / 硕士	基金	“优秀的共事团队，更全面的资本市场学习机会”	金融 / 未融资 / 少于15人	钜源基金
35	VIP运营	航海中路	10:24发布	5k-7k	5k-7k 经验1-3年 / 不限	运营 会员体系	“绩效奖金 节日福利”	移动互联网,数据服务 / 不需要融资 / 15-50人	忠客
36	HRBP-组织与人才发展方向 （商业化）	金水区	04:04发布	25k-30k	25k-30k 经验不限 / 本科	人事 招聘 员工关系 薪酬福利 HRBP	“餐补,租房补贴,带薪休假,下午茶”	文娱丨内容 / D轮及以上 / 2000人以上	字节跳动
37	京东运营店长	中原区	1天前发布	8k-15k	8k-15k 经验3-5年 / 大专	电商运营 京东运营 O2O运营 产品运营	“年终奖励、晋升透明”	电商 / 未融资 / 150-500人	郑州文祺电商
38	社群运营	金水区	1天前发布	6k-10k	6k-10k 经验1年以下 / 本科	教育 互联网 用户留存 裂变拉新 转化变现 用户运营	“高薪，晋升空间大，福利完善，导师一对一带教”	教育 / 未融资 / 500-2000人	心田花开
39	产品运营主管/经理（用户增长/策略向）	中原区	2天前发布	10k-15k	10k-15k 经验3-5年 / 本科	用户增长 运营	“公司发展前景好，团队实力强”	移动互联网,游戏 / B轮 / 500-2000人	安徽省刀锋网络科技有限公司
40	大数据人工智能开发实习	高新区	2天前发布	3k-5k	3k-5k 经验在校/应届 / 本科	ETL 数据仓库 数仓建模 数仓架构	“五险一金+带薪休假”	教育,数据服务 / 未融资 / 150-500人	云和数据
41	运营专员	金水区	3天前发布	6k-12k	6k-12k 经验1-3年 / 本科	用户增长 用户留存 裂变拉新 内容审核	“福利补贴 + 节日福利 + 出差补贴 + 项目奖金”	金融 / 不需要融资 / 150-500人	江海沐晖
42	平台运营	经开区	3天前发布	15k-25k	15k-25k 经验5-10年 / 本科	电商 新零售 运营管理	“职位晋升空间大”	软件开发 / 不需要融资 / 50-150人	联合王货
43	运营助理/专员	金水区	3天前发布	4k-6k	4k-6k 经验不限 / 不限	电商 直播 电商运营	“有运营手把手教”	其他 / 未融资 / 50-150人	民尔生物
44	大数据开发助理	金水区	3天前发布	3k-5k	3k-5k 经验在校/应届 / 本科	Hadoop Spark MySQL	“五险一金，双休，住宿”	数据服务,软件开发 / 不需要融资 / 50-150人	磐星网络
45	美团外卖运营	北环	2020-12-24	6k-10k	6k-10k 经验不限 / 不限	商家运营 活动运营 运营 数据分析	“节假日带薪休假，五险一金，节日福利”	企业服务、电商 / 未融资 / 15-50人	外迈信息
46	运营专员	燕庄	2020-12-24	4k-6k	4k-6k 经验不限 / 大专	运营	“入职缴纳五险一金 超长带薪年假”	消费生活,移动互联网 / A轮 / 2000人以上	五八到家有限公司
47	系统开发资深工程师	航空港区	2020-12-21	13k-18k	13k-18k 经验5-10年 / 本科	Java 软件开发 Golang 数据库	“五险一金、绩效奖金、定期体检、节日福利”	电商,数据服务 / 上市公司 / 2000人以上	富士康科技集团
48	智能应用产品经理	管城区	2020-12-23	10k-15k	10k-15k 经验3-5年 / 本科	金融 BI SQL	“五险一金 周末双休 重点项目”	移动互联网,企业服务 / 未融资 / 150-500人	龙湾科技
49	重点客户主管-上海办1694	二七区	2020-12-24	8k-12k	8k-12k 经验3-5年 / 大专	KA	“五险一金,带薪年假”	电商,消费生活 / 上市公司 / 500-2000人	健合集团
50	电商运营店长	金水区	2020-12-23	6k-10k	6k-10k 经验3-5年 / 大专	电商 品类运营 电商运营 天猫运营 淘宝运营	“五险一金 双休”	其他,移动互联网 / 上市公司 / 500-2000人	新东网
51	商务专员	二七区	2020-12-24	4k-8k	4k-8k 经验1年以下 / 本科	通信/网络设备	“国企背景；六险一金；年终奖；体检；年假；”	移动互联网 / 不需要融资 / 500-2000人	赛尔网络
52	app运营	经开区	2020-12-23	8k-10k	8k-10k 经验1-3年 / 大专	电商 APP推广 运营	“透明的晋升空间”	软件开发 / 不需要融资 / 50-150人	询天信息
53	大数据实习岗	中原区	2020-12-23	4k-6k	4k-6k 经验不限 / 不限	大数据 SQLServer Python 数据架构 数据库开发	“直接进入项目组进行项目合作”	VR丨AR / 未融资 / 150-500人	聚才科技
54	技术研发岗	金水区	2020-12-16	10k-20k	10k-20k 经验不限 / 本科	大数据 金融科技 开发技术 性能测试	“五险一金”	金融,软件开发 / 不需要融资 / 2000人以上	建信金科
55	数据运维分析师	管城回族区	2020-12-23	4k-6k	4k-6k 经验1-3年 / 大专	移动互联网 数据分析 数据库运维	“大牛团队 公司重点项目”	移动互联网,数据服务 / 不需要融资 / 15-50人	金数网科
56	小程序渠道商运营	郑东新区	2020-12-24	4k-8k	4k-8k 经验1-3年 / 大专	工具软件 活动运营 社群运营 B端用户运营 内容运营	“高薪行业 福利齐全 带薪假期 十号发薪日”	移动互联网 / 未融资 / 150-500人	夺冠互动
57	数据挖掘工程师	郑东新区	2020-12-24	10k-15k	10k-15k 经验1-3年 / 本科	金融 移动互联网 数据挖掘 数仓建模 Python	“公司重点项目”	金融,软件开发 / 天使轮 / 150-500人	壹车宜家
58	高级产品经理	高新区	2020-12-15	10k-18k	10k-18k 经验5-10年 / 大专	信息安全 移动互联网 产品设计 用户研究 需求分析 交互设计	“六险一金、提供食宿、年底双薪”	信息安全 / 不需要融资 / 50-150人	崤云安全
59	自然语言算法工程师 (MJ000476)	中原区	2020-10-09	10k-15k	10k-15k 经验1-3年 / 本科	深度学习 文本分类 中文分词 模式识别	“年底双薪 人工智能”	移动互联网,企业服务 / C轮 / 150-500人	追一科技
60	产品经理/高级产品经理	高新区	2020-12-15	11k-15k	11k-15k 经验5-10年 / 本科	信息安全 政务项目 产品策划 用户研究 产品设计 竞品分析	“政府主导、自研项目、六险一金、提供食宿”	信息安全 / 不需要融资 / 50-150人	崤云安全
61	数据安全工程师	郑东新区	2020-11-16	15k-30k	15k-30k 经验1-3年 / 本科	网络安全	“五险一金 住房餐贴 带薪年假 交通补助”	金融 / 上市公司 / 2000人以上	中原银行
62	后端高级产品经理	金水区	2020-10-16	8k-15k	8k-15k 经验3-5年 / 大专	电商 新零售 产品策划 项目管理 产品设计 数据分析	“B轮，新零售，稳定”	电商 / B轮 / 150-500人	河南莲菜网络科技有限公司
63	编辑审核部经理（郑州）	金水区	2020-12-23	15k-25k	15k-25k 经验10年以上 / 本科	电商 本地生活 部门管理 业务流程管理 决策能力 领导力	“五险一金、弹性工作、重点项目”	金融 / 上市公司 / 2000人以上	玖富数科集团
64	陪玩运营	燕庄	2020-12-22	8k-16k	8k-16k 经验1年以下 / 不限	游戏运营 APP运营 用户	“五险带薪年假节日福利 年终奖交补高温补贴”	文娱丨内容,社交 / 不需要融资 / 50-150人	河南塔姆网络科技有限公司
65	用户运营	郑东新区	2020-12-08	6k-8k	6k-8k 经验1-3年 / 大专	用户留存 B端用户运营 裂变拉新	“弹性工作制、单双轮休、餐补”	移动互联网 / 未融资 / 150-500人	夺冠互动
66	竞价专员	郑东新区	2020-12-23	5k-10k	5k-10k 经验3-5年 / 大专	企业服务 软件定制 SEM 数据分析	“晋升空间大,项目提成,年终奖,社保五险”	移动互联网,电商 / 不需要融资 / 15-50人	立信科技
67	网络优化	中原区	2020-11-21	4k-6k	4k-6k 经验1年以下 / 大专	SEO网站优化 SEO网络推广	“上市公司，带薪年假,节日福利”	移动互联网,电商 / 上市公司 / 50-150人	亿恩科技
68	区域校长	金水区	2020-09-09	10k-20k	10k-20k 经验3-5年 / 本科	教育 区域管理	“周末双休 社保五险 带薪年假 多重福利”	移动互联网,教育 / 不需要融资 / 500-2000人	京佳教育
69	社群运营专员(J11982)	郑东新区	2020-12-14	8k-10k	8k-10k 经验1-3年 / 本科	教育 媒体	“五险一金 餐补 带薪年假 节日福利”	教育 / 上市公司 / 500-2000人	郑州新东方
70	hrbp	金水区	2020-11-17	12k-18k	12k-18k 经验5-10年 / 本科	金融科技	“发展前景”	金融,软件开发 / 不需要融资 / 2000人以上	建信金科
71	运营经理/主管	管城区	2020-11-03	10k-15k	10k-15k 经验5-10年 / 本科	新零售 O2O运营 社区运营	“双休、五险一金、节假日福利”	移动互联网,消费生活 / 上市公司 / 2000人以上	顺丰-丰e足食
72	产品经理	管城回族区	2020-11-17	4k-8k	4k-8k 经验1-3年 / 不限	医疗健康	“发展空间大”	其他 / 未融资 / 15-50人	羽铂生物
73	直播运营	金水区	2020-09-03	8k-10k	8k-10k 经验1-3年 / 本科	直播 新零售	“上市集团 发展空间大”	房产家居 / 上市公司 / 2000人以上	红星美凯龙
74	产品运营专员	管城区	2020-12-16	5k-7k	5k-7k 经验3-5年 / 本科	产品运营 业务督导	“双休、五险一金、节假日福利”	移动互联网,消费生活 / 上市公司 / 2000人以上	顺丰-丰e足食
75	sem竞价专员	郑东新区	2020-12-22	5k-10k	5k-10k 经验1-3年 / 大专	软件 SEM APP推广	“五险”	移动互联网,电商 / 不需要融资 / 15-50人	立信科技
76	bd经理	金水区	2020-10-12	8k-15k	8k-15k 经验3-5年 / 本科	社交 移动互联网 BD	“双休，五险一金，年底双薪，节日福利”	移动互联网 / 天使轮 / 50-150人	代代科技
77	郑州市场顾问	中原区	2020-08-21	8k-15k	8k-15k 经验不限 / 本科	市场	“丰厚年终奖”	移动互联网,消费生活 / 未融资 / 150-500人	享道出行
78	重点客户主管-郑州办1612	二七区	2020-11-27	8k-10k	8k-10k 经验3-5年 / 大专	KA	“五险一金,带薪年假”	电商,消费生活 / 上市公司 / 500-2000人	健合集团
79	内容编辑审核经理	金水区	2020-12-10	15k-30k	15k-30k 经验5-10年 / 本科	本地生活 新零售	“职位好 前景好 待遇好”	金融 / 上市公司 / 2000人以上	玖富数科集团
80	用户运营专员	经二路	2020-10-28	7k-14k	7k-14k 经验3-5年 / 本科	本地生活 新闻社区 用户留存 会员体系 社区运营	“省级平台 移动互联网 国企事业单位”	移动互联网,消费生活 / 不需要融资 / 2000人以上	河南日报报业集团有限公司
81	网络推广	丰产路	2020-09-09	5k-10k	5k-10k 经验1-3年 / 本科	广告营销 大数据 推广 SEM SEO	“社保五险、带薪培训、节日福利、双休”	移动互联网,教育 / 不需要融资 / 500-2000人	京佳教育
82	产品运营专员	农业路沿线	2020-12-17	12k-20k	12k-20k 经验不限 / 大专	工具软件 移动互联网 裂变拉新 用户增长 产品运营	“五险一金 弹性工作 包住”	软件开发 / 不需要融资 / 50-150人	玲珑
83	互联网产品经理	高新区	2020-12-10	10k-20k	10k-20k 经验3-5年 / 本科	产品策划 项目管理 原型设计 流程设计	“五险一金 周末双休 缴纳公积金”	软件开发 / 不需要融资 / 15-50人	磐森数字
84	在线教育高级销售经理	金水区	2020-09-25	15k-30k	15k-30k 经验1-3年 / 本科	教育 销售	“以网易自有**资源和有道媒体矩阵为核心”	电商 / 上市公司 / 2000人以上	网易
85	hrbp经理	郑东新区	2020-08-17	11k-18k	11k-18k 经验5-10年 / 本科	O2O 互联网 HRBP 培训 招聘 绩效考核	“项目奖励、期权激励、组织驱动、创业公司”	移动互联网,电商 / 天使轮 / 15-50人	租八戒
86	用户增长专家	中原区	2020-12-18	8k-13k	8k-13k 经验3-5年 / 本科	教育 用户增长 用户运营	“项目提成，发展平台，带薪休假。”	教育,数据服务 / 天使轮 / 15-50人	好鱼科技
87	运营总监	南阳路	2020-09-14	10k-20k	10k-20k 经验5-10年 / 不限	app	“CEO,合伙人,项目期权,薪资优厚”	移动互联网,企业服务 / 未融资 / 15-50人	河南中诚
88	产品经理	商务内环	2020-09-22	10k-15k	10k-15k 经验3-5年 / 本科	项目管理 需求分析 数据分析 用户研究	“五险一金”	移动互联网,消费生活 / A轮 / 150-500人	河南悦如网络技术有限公司
89	产品经理/高级产品经理	北环	2020-10-28	10k-15k	10k-15k 经验3-5年 / 本科	电商 本地生活 用户研究 电商 用户增长 生活服务产品	“上升空间大，利益开放”	消费生活 / 未融资 / 150-500人	弗布勒斯
90	期货交易员	淮河路	2020-11-11	8k-14k	8k-14k 经验3-5年 / 不限	期货 证券 基金	“五险一金，五五分成”	金融 / 不需要融资 / 150-500人	水木润泽商务管理
91	bi工程师	金水区	2020-09-28	8k-15k	8k-15k 经验3-5年 / 本科	ETL MySQL SQLServer 可视化	“五险一金 周末双休 班车接送 年底双薪”	移动互联网 / 不需要融资 / 150-500人	拓普计算机公司
92	运营专员	无	2020-12-08	4k-6k	4k-6k 经验1-3年 / 本科	企业服务 房产服务 运营 活动策划 活动运营 内容运营	“五险双休”	企业服务 / 未融资 / 15-50人	联合商务
93	社群运营经理	财经学院	2020-12-10	8k-15k	8k-15k 经验1-3年 / 本科	用户增长 粉丝运营 社群运营	“集团公司 团队人员多 岗位丰富”	教育,移动互联网 / 未融资 / 150-500人	河南文都
94	数据分析师	二七区	2020-10-09	5k-8k	5k-8k 经验不限 / 本科	移动互联网	“底薪高，提成高，空闲，环境好，还想要什么”	金融、软件开发 / 未融资 / 50-150人	华之夏
95	数据分析师	二七区	2020-09-01	4k-6k	4k-6k 经验不限 / 大专	大数据 金融	“公司不加班，福利待遇好”	金融、软件开发 / 未融资 / 50-150人	华之夏
96	政旅营销策划师	金水区	04:30发布	8k-16k	8k-16k 经验1-3年 / 本科	运营	“六险一金,团队氛围好,带薪休假,餐补”	文娱丨内容 / D轮及以上 / 2000人以上	字节跳动
97	app运营总监	商务内环	2020-12-21	13k-25k	13k-25k 经验5-10年 / 本科	移动互联网 OKR管理 运营管理	“六险一金、年终奖金、绩效奖金、免费零食”	其他 / 未融资 / 15-50人	明之旗
98	产品经理	郑东新区	2020-09-03	5k-10k	5k-10k 经验3-5年 / 大专	电商 产品设计 交互设计 需求分析	“重点培养，前途无限”	移动互联网 / 未融资 / 150-500人	夺冠互动
99	市场总监	金水区	2020-07-21	8k-15k	8k-15k 经验3-5年 / 本科	广告营销 分类信息 市场管理 品牌管理 团队建设	“五险+生日福利+工龄工资+旅游团建等”	电商,消费生活 / 不需要融资 / 15-50人	喜鹊到家家政服务
100	电商运营	新密市	2020-07-29	8k-16k	8k-16k 经验3-5年 / 不限	电商 天猫运营 数据分析 产品运营 品类运营	“餐补 房补”	电商 / 未融资 / 少于15人	雅琳蒂
101	淘宝天猫运营	商务内环	2020-12-06	8k-16k	8k-16k 经验不限 / 不限	电商 运营	“高额提成+年终奖”	电商 / 未融资 / 50-150人	昌熙商贸
102	app运营	商务内环	2020-09-21	6k-8k	6k-8k 经验1-3年 / 本科	运营 产品运营 用户运营 用户增长	“五险一金，大牛团队”	移动互联网,消费生活 / B轮 / 500-2000人	UU跑腿
103	期货操盘手	金水区	2020-10-19	8k-16k	8k-16k 经验不限 / 不限	操盘手 期货	“不需要盘手出资金，盘手出技术，公司出资金”	金融 / 不需要融资 / 50-150人	水木润泽投资
104	产品经理	凯旋门	2020-11-16	10k-15k	10k-15k 经验3-5年 / 大专	需求分析	“双休 五险”	不限 / 未融资 / 50-150人	晨罡集团
105	运营主管	管城回族区	2020-09-20	5k-10k	5k-10k 经验3-5年 / 本科	工具软件 移动互联网 团队建设 领导力 对外形象建立 事业部经营	“有躺赚佣金，一次努力，终身受益”	数据服务 / 未融资 / 15-50人	纸速兑
106	产品经理	高新区	2020-09-15	15k-20k	15k-20k 经验5-10年 / 本科	用户研究 项目管理 交互设计 UED	“高薪 工作时间固定 成就感 受人尊重”	教育,移动互联网 / 未融资 / 150-500人	AAA数字艺术教育
107	课程顾问	金水区	2020-10-22	10k-15k	10k-15k 经验不限 / 不限	教育 销售 电话销售 销售代表	“薪资无上限”	教育 / 未融资 / 15-50人	百越卓学教育
108	电商运营店长	中原区	2020-07-16	8k-15k	8k-15k 经验不限 / 不限	电商 运营	“此岗位可全职可兼职， 也可自主创业”	电子商务 移动互联网 / 未融资 / 15-50人	青衿网络
109	产品经理	高新区	2020-09-15	8k-13k	8k-13k 经验3-5年 / 本科	教育 移动互联网 产品策划 用户研究 需求分析 产品设计	“七险一金，带薪年假，发展空间大”	移动互联网 / 上市公司 / 500-2000人	新开普电子
110	新媒体运营	高新区	2020-11-09	4k-6k	4k-6k 经验不限 / 本科	教育 运营 用户增长	“百万级大号 出国团建 五险一金”	文娱丨内容,广告营销 / 未融资 / 少于15人	郑州旁门文化传媒有限公司
111	需求 分析师（G)	淮河路	2020-10-19	9k-13k	9k-13k 经验3-5年 / 本科	电力信息化 需求分析 原型设计	“重点项目、上市公司、双休、五险一金、交餐补”	数据服务,其他 / 上市公司 / 500-2000人	格蒂电力
112	产品经理	郑东新区	2020-09-08	9k-13k	9k-13k 经验3-5年 / 大专	产品设计	“双休 五险一金”	金融 / A轮 / 500-2000人	妙优车
113	产品经理	金水区	2020-11-26	9k-12k	9k-12k 经验3-5年 / 本科	交互设计 产品设计 流程设计 原型设计	“五险一金，有食堂，业务稳定，风口行业”	医疗丨健康 / 不需要融资 / 150-500人	美莱
114	产品经理	高新区	2020-12-08	8k-12k	8k-12k 经验3-5年 / 本科	移动互联网 需求分析 移动产品/APP 产品设计	“产品,需求分析,移动互联”	移动互联网 / 上市公司 / 500-2000人	新开普电子
115	需求分析师	郑东新区	2020-11-27	6k-12k	6k-12k 经验3-5年 / 本科	智能应用 标签库管理 SQL开发	“双休、五险、大公司”	数据服务,信息安全 / 不需要融资 / 50-150人	优炫软件河南分公司
116	电商运营经理	中原区	2020-10-10	7k-12k	7k-12k 经验3-5年 / 本科	电商 广告营销 运营 网络推广 用户增长 用户留存	“有用户基础，网络销售先行者，前景广阔”	电商,信息安全 / 未融资 / 50-150人	郑州牛犇犇网络科技有限公司
117	新媒体运营实习生/微信运营实习生	高新区	2020-12-01	2k-3k	2k-3k 经验在校/应届 / 大专	电商 编辑 内容	“成长快,传帮带,发展潜力好,扁平化”	文娱丨内容 / 未融资 / 15-50人	河南次娱网络科技有限公司
118	运营助理专员	管城回族区	2020-11-21	5k-7k	5k-7k 经验3-5年 / 本科	网站运营 网站分析 数据分析	“进步空间大”	生活服务 / 未融资 / 150-500人	谷润餐饮
119	产品经理	高新区	2020-09-14	6k-12k	6k-12k 经验3-5年 / 大专	政府项目 需求分析	“年度薪酬调整、五险、双休、节日福利”	其他 / 未融资 / 500-2000人	基正科技
120	运营经理	金水区	2020-08-24	6k-12k	6k-12k 经验5-10年 / 大专	游戏	“五险一金,员工餐,免费体检,免费下午茶”	游戏 / 未融资 / 50-150人	百易科技
121	云产品交付顾问	商务内环	2020-09-22	4k-8k	4k-8k 经验不限 / 本科	数据库	“五险一金、双休”	移动互联网,消费生活 / A轮 / 150-500人	河南悦如网络技术有限公司
122	销售经理	京广路	2020-11-17	15k-25k	15k-25k 经验1-3年 / 大专	移动互联网 汽车	“只要有能力月薪两三万不是难事”	汽车丨出行 / 未融资 / 15-50人	郑州锦沃
123	电商运营专员	二七区	2020-10-10	6k-8k	6k-8k 经验不限 / 大专	运营 产品运营 内容运营 跨境电商	“全套培训、老员工一对一指导；薪资可达15-20k”	电商 / 不需要融资 / 15-50人	博昱晟
124	销售经理	金水区	2020-08-24	7k-13k	7k-13k 经验1-3年 / 大专	销售 客户代表 商务拓展 销售代表	“氛围好，工资高”	物联网 / 未融资 / 2000人以上	海南掌上能量传媒有限公司
125	零售经理	金水区	2020-10-05	7k-10k	7k-10k 经验3-5年 / 本科	KA 营销 代理商销售 销售代表	“自然堂”	电商 / 不需要融资 / 2000人以上	伽蓝
126	java开发工程师	高新区	2020-08-13	8k-10k	8k-10k 经验3-5年 / 本科	后端	“大牛师傅,高薪,多次调薪,国际化团队”	移动互联网 / A轮 / 50-150人	learning genie
127	大数据开发工程师	祭城	2020-08-08	8k-10k	8k-10k 经验在校/应届 / 本科	移动互联网 教育	“五险一金、工作餐、图书馆、健身房等等”	教育,移动互联网 / 不需要融资 / 150-500人	校信通
128	关键词优化	中原区	2020-11-21	4k-6k	4k-6k 经验1年以下 / 大专	移动互联网 通信/网络设备 SEO 推广 SEO网站优化 SEO网络推广	“上市公司，带薪年假，福利优厚”	移动互联网,电商 / 上市公司 / 50-150人	亿恩科技
129	运维工程师	祭城	2020-08-08	8k-10k	8k-10k 经验不限 / 本科	移动互联网 MySQL Python 网络安全运维 系统安全运维	“五险一金，定期体检，旅游团建”	教育,移动互联网 / 不需要融资 / 150-500人	校信通
130	新媒体运营专员	金水区	2020-09-01	5k-8k	5k-8k 经验3-5年 / 本科	新零售 电商	“股权激励 年终分红”	人工智能,物联网 / 天使轮 / 15-50人	联航物联
131	hrbp经理	郑东新区	2020-11-11	20k-35k	20k-35k 经验5-10年 / 本科	组织发展（OD） 员工关系 HRBP 薪酬福利	“全球最大的互联网在线教育企业”	教育 / 上市公司 / 2000人以上	跟谁学-高途课堂
132	阿里巴巴运营	二七区	2020-10-22	7k-9k	7k-9k 经验3-5年 / 本科	电商 运营	“运营”	其他 / 不需要融资 / 150-500人	郑通风机制造
133	财务助理	金水区	2020-10-13	3k-6k	3k-6k 经验在校/应届 / 本科	汽车 会计 应收应付 往来	“全国连锁”	汽车丨出行 / 未融资 / 少于15人	宝洁龙商贸
134	电商运营主管	郑东新区	2020-09-21	6k-8k	6k-8k 经验3-5年 / 本科	电商 医疗健康 网络推广 运营	“五险一金、周末双休、餐补、交通补、话补”	医疗丨健康 / 未融资 / 50-150人	华之源生物
135	招聘主管	郑东新区	2020-08-14	7k-9k	7k-9k 经验3-5年 / 本科	教育 招聘	“招聘奖金、招聘提成”	教育 / 未融资 / 150-500人	时七教育集团
136	bd经理	金水区	2020-08-24	9k-13k	9k-13k 经验1-3年 / 不限	BD 市场拓展 市场 商务拓展	“8-12k＋五险一金＋TB团建＋法定假期”	人工智能、硬件 / 未融资 / 2000人以上	海南省掌上能量传媒有限公司
137	Amazon(亚马逊)销售运营	五里堡	2020-07-22	6k-8k	6k-8k 经验不限 / 本科	电商 音乐 运营	“五险一金；绩效奖金；团建经费；年度体检”	电商 / B轮 / 500-2000人	致欧跨境电商
138	编导	商务内环	2020-11-20	5k-10k	5k-10k 经验1年以下 / 大专	视频	“五险一金”	移动互联网,文娱丨内容 / 未融资 / 50-150人	郑州九点一刻文化传播有限公司
139	微商社群运营	高新区	2020-12-01	3k-5k	3k-5k 经验1-3年 / 大专	社群运营	“社群运营”	文娱丨内容 / 未融资 / 15-50人	河南次娱网络科技有限公司
140	运营BD	长江路	2020-11-12	4k-8k	4k-8k 经验不限 / 本科	销售 BD 地推 市场拓展	“高薪 时间自由”	企业服务、电商 / 未融资 / 150-500人	人工智能
141	入校运营	金水区	2020-09-14	5k-8k	5k-8k 经验不限 / 本科	教育 运营	“职位晋升，弹性工作”	教育 / 未融资 / 15-50人	优特教育
142	市场运营专员	金水区	2020-07-13	4k-8k	4k-8k 经验不限 / 本科	教育 市场 营销 市场推广 市场策划	“五险一金全勤奖房补通讯补高温补节日福利”	移动互联网,教育 / 不需要融资 / 50-150人	优蓓教育
143	seo优化师	中原区	2020-11-28	4k-5k	4k-5k 经验1年以下 / 大专	电商 信息安全 SEO 推广 渠道	“上市公司，福利满满”	移动互联网,电商 / 上市公司 / 50-150人	亿恩科技
144	亚马逊跨境电商运营经理	郑东新区	2020-07-30	25k-50k	25k-50k 经验3-5年 / 大专	跨境电商 电商运营	“跨境电商运营经理！年薪你说了算！”	电子商务 / 不需要融资 / 15-50人	驿畅网络
145	跨境电商运营专员	金水区	2020-10-13	4k-8k	4k-8k 经验在校/应届 / 大专	电商 运营 电商运营 跨境电商	“双休，五险，假期福利待遇”	教育 / 未融资 / 50-150人	河南乙本末教育科技有限公司
146	运营专员	金水区	2020-10-13	4k-8k	4k-8k 经验在校/应届 / 大专	电商 电商运营 天猫运营 淘宝运营 京东运营	“双休”	教育 / 未融资 / 50-150人	河南乙本末教育科技有限公司
147	用户运营经理	经开区	2020-10-19	6k-9k	6k-9k 经验3-5年 / 大专	移动互联网 新媒体运营 海外运营 网站运营	“Open氛围、五险一金、各种福利、团建、旅游等”	物联网 / 未融资 / 15-50人	集好家
148	渠道管理专家	郑东新区	2020-08-29	30k-50k	30k-50k 经验5-10年 / 大专	酒店 渠道 市场 销售 市场分析	“上市集团、河南**酒店管理公司”	其他 / 上市公司 / 2000人以上	河南建业新生活酒店管理有限公司
149	新媒体运营	紫荆山	2020-08-19	4k-8k	4k-8k 经验3-5年 / 大专	医疗健康 新零售 活动策划 裂变拉新 产品运营 社群运营	“新零售新模式福报事业”	电商,医疗丨健康 / 未融资 / 15-50人	康之伦
150	人事专员	燕庄	2020-07-05	3k-5k	3k-5k 经验1年以下 / 大专	HR 人力资源	“五险一金、月度奖金、国有企业控股”	房产家居 / 未融资 / 2000人以上	城城不动产管理
151	游戏运营	中原区	2020-08-18	9k-12k	9k-12k 经验1-3年 / 大专	游戏 运营 用户增长 裂变拉新	“游戏发展前景好”	电商 / 未融资 / 15-50人	汇千电子
152	feed流/信息流投放	中原区	2020-11-27	5k-10k	5k-10k 经验不限 / 不限	电商 直播 运营 付费内容 电商运营	“单休 节假日休息 年奖”	电商 / 未融资 / 50-150人	复驰商贸
153	新媒体编辑	管城回族区	2020-08-06	4k-6k	4k-6k 经验不限 / 大专	媒体 文案 审核	“发展空间大”	移动互联网 / 未融资 / 50-150人	杭州伊阁
154	电商运营助理	二七区	2020-11-28	3k-6k	3k-6k 经验不限 / 大专	电商 新零售 用户运营 品牌运营 活动运营 品类运营	“运营”	电商 / 未融资 / 少于15人	绳木
155	商家运营	二七区	2020-11-17	4k-8k	4k-8k 经验不限 / 大专	B端用户运营 市场 电商运营	“商家运营 成长空间”	企业服务、电商 / 未融资 / 150-500人	人工智能
156	信息专员	航空港区	2020-08-07	4k-5k	4k-5k 经验不限 / 大专	物流 项目管理 解决方案 需求分析	“发展前景好”	物流丨运输 / 不需要融资 / 50-150人	中州航空有限责任公司
157	商务经理	淮河路	2020-10-27	3k-6k	3k-6k 经验不限 / 大专	广告营销 电商 市场推广 市场策划 数据分析 行业分析	“提成丰厚”	软件开发 / 未融资 / 少于15人	百思达
158	网络推广	管城区	2020-09-08	4k-6k	4k-6k 经验不限 / 大专	SEM SEO 网站推广	“室内弹性工作”	房产家居 / 上市公司 / 150-500人	朝钦节能
159	速卖通运营	管城回族区	2020-07-24	3k-6k	3k-6k 经验不限 / 大专	电商 海外运营 跨境电商 数据分析 运营	“后期能力出众可晋升为运营主管”	电商 / 不需要融资 / 少于15人	唐棣电子商务
160	储备交易员	二七区	2020-07-16	4k-8k	4k-8k 经验不限 / 大专	操盘手 股票 期货 外汇	“薪资3千到8千早九晚六单双轮休五险一金”	金融,其他 / 未融资 / 50-150人	方九实业
161	全职/兼职电商运营	中原区	2020-07-15	8k-9k	8k-9k 经验不限 / 大专	电商 移动互联网 运营 产品运营	“有能力你就来”	电子商务 移动互联网 / 未融资 / 15-50人	青衿网络
162	地推专员	金水区	2020-07-23	6k-10k	6k-10k 经验不限 / 不限	推广 市场 线下拓展 线下推广	“付出等于你的回报”	其他 / 未融资 / 500-2000人	咻电科技
163	市场活动策划	金水区	2020-08-29	4k-6k	4k-6k 经验在校/应届 / 不限	市场推广 消费者分析 营销策划 活动策划	“领导奈斯、员工旅游、节日福利、零食下午茶”	电商,其他 / 不需要融资 / 15-50人	大同家政
164	行政人事主管	金水区	2020-09-15	4k-8k	4k-8k 经验5-10年 / 不限	移动互联网 房产服务 人力资源规划 目标管理 决策能力 团队建设	“弹性工作 、节日福利 、全勤奖 、试用期全额”	电商、房产家居 / 未融资 / 15-50人	希幔网络
165	销售经理	郑东新区	2020-09-10	4k-8k	4k-8k 经验3-5年 / 不限	市场拓展 商务拓展 销售代表	“销售运营”	消费生活 / 未融资 / 2000人以上	天明物业管理
166	销售顾问	管城回族区	2020-12-02	5k-9k	5k-9k 经验不限 / 不限	物流	“影响别人”	物流丨运输 / 未融资 / 15-50人	全时汇货运
167	招生负责人	郑东新区	2020-09-29	20k-30k	20k-30k 经验不限 / 不限	教育 培训 创业 招生 运营 销售	“职业技术教育和高科技行业的广阔市场”	教育,软件开发 / 未融资 / 少于15人	慕朵文化传播
168	销售经理	金水区	2020-10-27	6k-9k	6k-9k 经验不限 / 不限	招聘 客户代表 销售 商务渠道 大客户销售	“职业”	其他 / 未融资 / 15-50人	泰拓建筑装饰
169	置业顾问	中原区	2020-09-26	4k-8k	4k-8k 经验不限 / 不限	信息安全 房产服务	“不试试怎么能知道下一个成功的是谁呢？”	房产家居 / 未融资 / 15-50人	方容房地产营销策划
170	产品经理	中原区	2020-09-09	4k-8k	4k-8k 经验不限 / 不限	房产服务 销售	“你的努力决定你的薪资”	房产家居 / 未融资 / 15-50人	方容房地产营销策划
171	社群运营	北环	2020-08-25	2k-4k	2k-4k 经验不限 / 不限	教育 用户增长 裂变拉新 微信运营	“超好的氛围和成长环境”	移动互联网,教育 / 上市公司 / 500-2000人	网易
172	信息流优化师	东明路	2020-10-30	9k-11k	9k-11k 经验1-3年 / 大专	移动互联网 房产服务	“钱多、事少”	企业服务,广告营销 / 不需要融资 / 150-500人	地标传媒
173	谷歌SEO/SEM/SNS	中原区	2020-08-24	8k-11k	8k-11k 经验1-3年 / 大专	电商 运营 SEM SEO 网络推广	“团队轻松活跃、晋升空间大”	电商 / 未融资 / 15-50人	德沃实业
174	社群运营	二七区	2020-12-10	5k-9k	5k-9k 经验1-3年 / 本科	教育	“领导超级nice”	教育 / 未融资 / 15-50人	上海烨伴教育科技有限公司北京分公司
175	新媒体编辑	金水区	2020-11-21	5k-10k	5k-10k 经验1-3年 / 大专	电商 软文	“高薪”	电商 / 不需要融资 / 150-500人	上九电商
176	信息流优化师	中原区	2020-10-22	8k-10k	8k-10k 经验1-3年 / 大专	电商 SEM SEO 网络推广	“晋升机制分明，有能力的来”	电子商务 / 未融资 / 150-500人	河南快抖文化传媒有限...
177	运营专员	中原区	2020-09-27	3k-5k	3k-5k 经验1-3年 / 本科	分类信息 本地生活 APP推广 销售支持 内容运营 APP运营	“双休，年轻化团队，福利待遇好，平台发展空间大”	消费生活 / 不需要融资 / 50-150人	郑州聚乐
178	SEM优化师	燕庄	2020-09-23	5k-8k	5k-8k 经验1-3年 / 本科	教育 SEM 推广	“30人的运营团队，赚钱的同时也能不断精进自己”	教育 / 不需要融资 / 150-500人	中宇博学教育
179	产品运营	郑东新区	2020-08-18	6k-8k	6k-8k 经验1-3年 / 本科	电商 教育 用户留存 品牌运营 B端用户运营	“五险一金”	移动互联网,企业服务 / 天使轮 / 50-150人	上海颠峰文化传播有限公司
180	淘宝运营	二七区	2020-07-21	8k-10k	8k-10k 经验1-3年 / 大专	移动互联网 运营 SEM APP推广	“单双轮休”	移动互联网,电商 / 不需要融资 / 50-150人	万动力
181	运营专员	管城回族区	2020-11-04	4k-7k	4k-7k 经验1-3年 / 大专	运营	“入职具有突出贡献具有入股机会”	其他 / 未融资 / 50-150人	蜀小仟餐饮管理
182	sem	东明路	2020-10-30	6k-8k	6k-8k 经验1-3年 / 大专		“钱多、事少”	企业服务,广告营销 / 不需要融资 / 150-500人	地标传媒
183	财务会计	金水区	2020-10-10	3k-5k	3k-5k 经验1-3年 / 大专	电商 会计	“财务会计”	电商 / 未融资 / 15-50人	锦速网络
184	seo	高新区	2020-10-23	5k-8k	5k-8k 经验1-3年 / 大专	技能培训 免费班车 带薪年假 绩效奖金	“五险一金、免费住宿、班车接送、福利餐厅”	电商 / 未融资 / 150-500人	郑州悉知
185	竞价专员	金水区	2020-10-22	5k-8k	5k-8k 经验1-3年 / 大专	SEM 竞价	“双休、社保、年假、职位晋升”	教育,移动互联网 / 未融资 / 150-500人	河南文都
186	招商经理	管城回族区	2020-10-19	4k-8k	4k-8k 经验1-3年 / 大专	大客户销售 区域销售	“发展潜力大”	消费生活 / 未融资 / 少于15人	豫米农业
187	阿里巴巴国际站运营	中原区	2020-09-18	5k-8k	5k-8k 经验1-3年 / 大专	电商 阿里国际站运营 阿里巴巴 国际站运营 跨境电商运营	“力美奇集团是河南省**家做游乐设备的企业”	电商 / 未融资 / 150-500人	力美奇游乐设备
188	跨境电商运营	中原区	2020-09-18	5k-8k	5k-8k 经验1-3年 / 大专	游乐设备 婴儿和宠物用品 国际站运营 阿里巴巴运营 淘宝天猫运营	“力美奇集团是河南**家做游乐设备出口企业”	电商 / 未融资 / 150-500人	力美奇游乐设备
189	诚聘sem竞价专员	郑东新区	2020-09-09	5k-7k	5k-7k 经验1-3年 / 大专	SEM SEO	“互联网公司，注重人才，氛围轻松”	软件开发 / 未融资 / 15-50人	安仕晶
190	信息流优化师	高新区	2020-08-31	6k-8k	6k-8k 经验1-3年 / 大专	电商	“上市公司 带薪年假 节假日福利”	电商 / 未融资 / 500-2000人	郑州吉客印
191	游戏活动运营	金水区	2020-08-24	4k-6k	4k-6k 经验1-3年 / 大专	游戏 活动策划 APP运营 活动运营	“五险一金,员工餐,免费体检,国内国外旅游”	游戏 / 未融资 / 50-150人	百易科技
192	运营客服	管城回族区	2020-08-13	4k-6k	4k-6k 经验1-3年 / 大专	电商 售前 淘宝客服 天猫客服 电商客服	“竞岗晋升”	广告营销,软件开发 / 不需要融资 / 50-150人	半岛科技
193	信息流广告优化师	金水区	2020-07-23	4k-8k	4k-8k 经验1-3年 / 大专	网络推广 数据分析	“扁平化管理，弹性工作时间”	广告营销,电商 / 未融资 / 150-500人	惠达广告
194	信息流广告优化师	高新区	2020-07-16	4k-8k	4k-8k 经验1-3年 / 大专	电商 SEM SEO 海外市场推广	“扁平式管，缴纳五险一金”	电商 / 未融资 / 500-2000人	郑州吉客印
195	在线客服	金水区	2020-07-07	4k-8k	4k-8k 经验1-3年 / 大专	移动互联网 医疗健康	“周末双休 年终奖金 绩效奖金”	电商 / 不需要融资 / 50-150人	百子湾
196	产品运营	金水区	10:22发布	5k-10k	5k-10k 经验1-3年 / 本科	移动互联网 数据分析 策略运营	“五险一金、带薪年假、节日福利、”	移动互联网,消费生活 / B轮 / 500-2000人	UU跑腿
197	策略产品经理	中原区	2天前发布	10k-15k	10k-15k 经验3-5年 / 大专	移动产品/APP 推荐 用户增长 移动产品	“五险一金+双休+年终奖+项目奖金”	移动互联网,游戏 / B轮 / 500-2000人	安徽省刀锋网络科技有限公司
198	市场部经理（双休+五险+大牛带队+丰富福利）	中原区	2天前发布	16k-20k	16k-20k 经验3-5年 / 大专	部门管理 领导力	“双向晋升通道，团队管理，定期团建，”	移动互联网,游戏 / B轮 / 500-2000人	安徽省刀锋网络科技有限公司
199	项目经理	高新区	2020-12-15	8k-15k	8k-15k 经验3-5年 / 大专	信息安全 政务 项目管理 过程管理 需求分析	“政府主导、自研项目、六险一金、提供食宿”	信息安全 / 不需要融资 / 50-150人	崤云安全
200	算法工程师（中级、高级）	郑东新区	2020-11-16	15k-30k	15k-30k 经验1-3年 / 本科	算法工程师	“五险一金 住房餐贴 带薪年假 交通补助”	金融 / 上市公司 / 2000人以上	中原银行
201	市场调研	航空港区	2020-12-04	8k-10k	8k-10k 经验3-5年 / 本科	信息收集 数据分析 竞品调研	“工作弹性 管理正规”	电商,数据服务 / 上市公司 / 2000人以上	富士康科技集团
202	客户经理	祭城	2020-08-08	6k-7k	6k-7k 经验在校/应届 / 本科	教育 移动互联网	“五险一金、工作餐、图书馆、健身房等等”	教育,移动互联网 / 不需要融资 / 150-500人	校信通
203	数据运营专员	金水区	2020-08-24	4k-6k	4k-6k 经验1-3年 / 大专	移动互联网 活动运营 游戏运营 APP运营 数据分析	“五险一金 免费午餐 体检 节假日福利 年终奖”	游戏 / 未融资 / 50-150人	百易科技
204	在线客服	金水区	2020-07-07	4k-8k	4k-8k 经验1-3年 / 大专	移动互联网 医疗健康	“周末双休 年终奖金 绩效奖金”	电商 / 不需要融资 / 50-150人	百子湾
205	产品运营	金水区	10:22发布	5k-10k	5k-10k 经验1-3年 / 本科	移动互联网 数据分析 策略运营	“五险一金、带薪年假、节日福利、”	移动互联网,消费生活 / B轮 / 500-2000人	UU跑腿
206	策略产品经理	中原区	2天前发布	10k-15k	10k-15k 经验3-5年 / 大专	移动产品/APP 推荐 用户增长 移动产品	“五险一金+双休+年终奖+项目奖金”	移动互联网,游戏 / B轮 / 500-2000人	安徽省刀锋网络科技有限公司
207	市场部经理（双休+五险+大牛带队+丰富福利）	中原区	2天前发布	16k-20k	16k-20k 经验3-5年 / 大专	部门管理 领导力	“双向晋升通道，团队管理，定期团建，”	移动互联网,游戏 / B轮 / 500-2000人	安徽省刀锋网络科技有限公司
208	项目经理	高新区	2020-12-15	8k-15k	8k-15k 经验3-5年 / 大专	信息安全 政务 项目管理 过程管理 需求分析	“政府主导、自研项目、六险一金、提供食宿”	信息安全 / 不需要融资 / 50-150人	崤云安全
209	算法工程师（中级、高级）	郑东新区	2020-11-16	15k-30k	15k-30k 经验1-3年 / 本科	算法工程师	“五险一金 住房餐贴 带薪年假 交通补助”	金融 / 上市公司 / 2000人以上	中原银行
210	市场调研	航空港区	2020-12-04	8k-10k	8k-10k 经验3-5年 / 本科	信息收集 数据分析 竞品调研	“工作弹性 管理正规”	电商,数据服务 / 上市公司 / 2000人以上	富士康科技集团
211	客户经理	祭城	2020-08-08	6k-7k	6k-7k 经验在校/应届 / 本科	教育 移动互联网	“五险一金、工作餐、图书馆、健身房等等”	教育,移动互联网 / 不需要融资 / 150-500人	校信通
212	数据运营专员	金水区	2020-08-24	4k-6k	4k-6k 经验1-3年 / 大专	移动互联网 活动运营 游戏运营 APP运营 数据分析	“五险一金 免费午餐 体检 节假日福利 年终奖”	游戏 / 未融资 / 50-150人	百易科技
213	在线客服	金水区	2020-07-07	4k-8k	4k-8k 经验1-3年 / 大专	移动互联网 医疗健康	“周末双休 年终奖金 绩效奖金”	电商 / 不需要融资 / 50-150人	百子湾
214	产品运营	金水区	10:22发布	5k-10k	5k-10k 经验1-3年 / 本科	移动互联网 数据分析 策略运营	“五险一金、带薪年假、节日福利、”	移动互联网,消费生活 / B轮 / 500-2000人	UU跑腿
215	策略产品经理	中原区	2天前发布	10k-15k	10k-15k 经验3-5年 / 大专	移动产品/APP 推荐 用户增长 移动产品	“五险一金+双休+年终奖+项目奖金”	移动互联网,游戏 / B轮 / 500-2000人	安徽省刀锋网络科技有限公司
216	市场部经理（双休+五险+大牛带队+丰富福利）	中原区	2天前发布	16k-20k	16k-20k 经验3-5年 / 大专	部门管理 领导力	“双向晋升通道，团队管理，定期团建，”	移动互联网,游戏 / B轮 / 500-2000人	安徽省刀锋网络科技有限公司
217	项目经理	高新区	2020-12-15	8k-15k	8k-15k 经验3-5年 / 大专	信息安全 政务 项目管理 过程管理 需求分析	“政府主导、自研项目、六险一金、提供食宿”	信息安全 / 不需要融资 / 50-150人	崤云安全
218	算法工程师（中级、高级）	郑东新区	2020-11-16	15k-30k	15k-30k 经验1-3年 / 本科	算法工程师	“五险一金 住房餐贴 带薪年假 交通补助”	金融 / 上市公司 / 2000人以上	中原银行
219	市场调研	航空港区	2020-12-04	8k-10k	8k-10k 经验3-5年 / 本科	信息收集 数据分析 竞品调研	“工作弹性 管理正规”	电商,数据服务 / 上市公司 / 2000人以上	富士康科技集团
220	客户经理	祭城	2020-08-08	6k-7k	6k-7k 经验在校/应届 / 本科	教育 移动互联网	“五险一金、工作餐、图书馆、健身房等等”	教育,移动互联网 / 不需要融资 / 150-500人	校信通
221	数据运营专员	金水区	2020-08-24	4k-6k	4k-6k 经验1-3年 / 大专	移动互联网 活动运营 游戏运营 APP运营 数据分析	“五险一金 免费午餐 体检 节假日福利 年终奖”	游戏 / 未融资 / 50-150人	百易科技
222	在线客服	金水区	2020-07-07	4k-8k	4k-8k 经验1-3年 / 大专	移动互联网 医疗健康	“周末双休 年终奖金 绩效奖金”	电商 / 不需要融资 / 50-150人	百子湾
223	产品运营	金水区	10:22发布	5k-10k	5k-10k 经验1-3年 / 本科	移动互联网 数据分析 策略运营	“五险一金、带薪年假、节日福利、”	移动互联网,消费生活 / B轮 / 500-2000人	UU跑腿
224	策略产品经理	中原区	2天前发布	10k-15k	10k-15k 经验3-5年 / 大专	移动产品/APP 推荐 用户增长 移动产品	“五险一金+双休+年终奖+项目奖金”	移动互联网,游戏 / B轮 / 500-2000人	安徽省刀锋网络科技有限公司
225	市场部经理（双休+五险+大牛带队+丰富福利）	中原区	2天前发布	16k-20k	16k-20k 经验3-5年 / 大专	部门管理 领导力	“双向晋升通道，团队管理，定期团建，”	移动互联网,游戏 / B轮 / 500-2000人	安徽省刀锋网络科技有限公司
226	项目经理	高新区	2020-12-15	8k-15k	8k-15k 经验3-5年 / 大专	信息安全 政务 项目管理 过程管理 需求分析	“政府主导、自研项目、六险一金、提供食宿”	信息安全 / 不需要融资 / 50-150人	崤云安全
227	算法工程师（中级、高级）	郑东新区	2020-11-16	15k-30k	15k-30k 经验1-3年 / 本科	算法工程师	“五险一金 住房餐贴 带薪年假 交通补助”	金融 / 上市公司 / 2000人以上	中原银行
228	市场调研	航空港区	2020-12-04	8k-10k	8k-10k 经验3-5年 / 本科	信息收集 数据分析 竞品调研	“工作弹性 管理正规”	电商,数据服务 / 上市公司 / 2000人以上	富士康科技集团
229	客户经理	祭城	2020-08-08	6k-7k	6k-7k 经验在校/应届 / 本科	教育 移动互联网	“五险一金、工作餐、图书馆、健身房等等”	教育,移动互联网 / 不需要融资 / 150-500人	校信通
230	数据运营专员	金水区	2020-08-24	4k-6k	4k-6k 经验1-3年 / 大专	移动互联网 活动运营 游戏运营 APP运营 数据分析	“五险一金 免费午餐 体检 节假日福利 年终奖”	游戏 / 未融资 / 50-150人	百易科技
231	在线客服	金水区	2020-07-07	4k-8k	4k-8k 经验1-3年 / 大专	移动互联网 医疗健康	“周末双休 年终奖金 绩效奖金”	电商 / 不需要融资 / 50-150人	百子湾
232	产品运营	金水区	10:22发布	5k-10k	5k-10k 经验1-3年 / 本科	移动互联网 数据分析 策略运营	“五险一金、带薪年假、节日福利、”	移动互联网,消费生活 / B轮 / 500-2000人	UU跑腿
233	策略产品经理	中原区	2天前发布	10k-15k	10k-15k 经验3-5年 / 大专	移动产品/APP 推荐 用户增长 移动产品	“五险一金+双休+年终奖+项目奖金”	移动互联网,游戏 / B轮 / 500-2000人	安徽省刀锋网络科技有限公司
234	市场部经理（双休+五险+大牛带队+丰富福利）	中原区	2天前发布	16k-20k	16k-20k 经验3-5年 / 大专	部门管理 领导力	“双向晋升通道，团队管理，定期团建，”	移动互联网,游戏 / B轮 / 500-2000人	安徽省刀锋网络科技有限公司
235	项目经理	高新区	2020-12-15	8k-15k	8k-15k 经验3-5年 / 大专	信息安全 政务 项目管理 过程管理 需求分析	“政府主导、自研项目、六险一金、提供食宿”	信息安全 / 不需要融资 / 50-150人	崤云安全
236	算法工程师（中级、高级）	郑东新区	2020-11-16	15k-30k	15k-30k 经验1-3年 / 本科	算法工程师	“五险一金 住房餐贴 带薪年假 交通补助”	金融 / 上市公司 / 2000人以上	中原银行
237	市场调研	航空港区	2020-12-04	8k-10k	8k-10k 经验3-5年 / 本科	信息收集 数据分析 竞品调研	“工作弹性 管理正规”	电商,数据服务 / 上市公司 / 2000人以上	富士康科技集团
238	客户经理	祭城	2020-08-08	6k-7k	6k-7k 经验在校/应届 / 本科	教育 移动互联网	“五险一金、工作餐、图书馆、健身房等等”	教育,移动互联网 / 不需要融资 / 150-500人	校信通
239	数据运营专员	金水区	2020-08-24	4k-6k	4k-6k 经验1-3年 / 大专	移动互联网 活动运营 游戏运营 APP运营 数据分析	“五险一金 免费午餐 体检 节假日福利 年终奖”	游戏 / 未融资 / 50-150人	百易科技
240	在线客服	金水区	2020-07-07	4k-8k	4k-8k 经验1-3年 / 大专	移动互联网 医疗健康	“周末双休 年终奖金 绩效奖金”	电商 / 不需要融资 / 50-150人	百子湾
241	产品运营	金水区	10:22发布	5k-10k	5k-10k 经验1-3年 / 本科	移动互联网 数据分析 策略运营	“五险一金、带薪年假、节日福利、”	移动互联网,消费生活 / B轮 / 500-2000人	UU跑腿
242	策略产品经理	中原区	2天前发布	10k-15k	10k-15k 经验3-5年 / 大专	移动产品/APP 推荐 用户增长 移动产品	“五险一金+双休+年终奖+项目奖金”	移动互联网,游戏 / B轮 / 500-2000人	安徽省刀锋网络科技有限公司
243	市场部经理（双休+五险+大牛带队+丰富福利）	中原区	2天前发布	16k-20k	16k-20k 经验3-5年 / 大专	部门管理 领导力	“双向晋升通道，团队管理，定期团建，”	移动互联网,游戏 / B轮 / 500-2000人	安徽省刀锋网络科技有限公司
244	项目经理	高新区	2020-12-15	8k-15k	8k-15k 经验3-5年 / 大专	信息安全 政务 项目管理 过程管理 需求分析	“政府主导、自研项目、六险一金、提供食宿”	信息安全 / 不需要融资 / 50-150人	崤云安全
245	算法工程师（中级、高级）	郑东新区	2020-11-16	15k-30k	15k-30k 经验1-3年 / 本科	算法工程师	“五险一金 住房餐贴 带薪年假 交通补助”	金融 / 上市公司 / 2000人以上	中原银行
246	市场调研	航空港区	2020-12-04	8k-10k	8k-10k 经验3-5年 / 本科	信息收集 数据分析 竞品调研	“工作弹性 管理正规”	电商,数据服务 / 上市公司 / 2000人以上	富士康科技集团
247	客户经理	祭城	2020-08-08	6k-7k	6k-7k 经验在校/应届 / 本科	教育 移动互联网	“五险一金、工作餐、图书馆、健身房等等”	教育,移动互联网 / 不需要融资 / 150-500人	校信通
248	数据运营专员	金水区	2020-08-24	4k-6k	4k-6k 经验1-3年 / 大专	移动互联网 活动运营 游戏运营 APP运营 数据分析	“五险一金 免费午餐 体检 节假日福利 年终奖”	游戏 / 未融资 / 50-150人	百易科技
249	在线客服	金水区	2020-07-07	4k-8k	4k-8k 经验1-3年 / 大专	移动互联网 医疗健康	“周末双休 年终奖金 绩效奖金”	电商 / 不需要融资 / 50-150人	百子湾
250	产品运营	金水区	10:22发布	5k-10k	5k-10k 经验1-3年 / 本科	移动互联网 数据分析 策略运营	“五险一金、带薪年假、节日福利、”	移动互联网,消费生活 / B轮 / 500-2000人	UU跑腿
251	策略产品经理	中原区	2天前发布	10k-15k	10k-15k 经验3-5年 / 大专	移动产品/APP 推荐 用户增长 移动产品	“五险一金+双休+年终奖+项目奖金”	移动互联网,游戏 / B轮 / 500-2000人	安徽省刀锋网络科技有限公司
252	市场部经理（双休+五险+大牛带队+丰富福利）	中原区	2天前发布	16k-20k	16k-20k 经验3-5年 / 大专	部门管理 领导力	“双向晋升通道，团队管理，定期团建，”	移动互联网,游戏 / B轮 / 500-2000人	安徽省刀锋网络科技有限公司
253	项目经理	高新区	2020-12-15	8k-15k	8k-15k 经验3-5年 / 大专	信息安全 政务 项目管理 过程管理 需求分析	“政府主导、自研项目、六险一金、提供食宿”	信息安全 / 不需要融资 / 50-150人	崤云安全
254	算法工程师（中级、高级）	郑东新区	2020-11-16	15k-30k	15k-30k 经验1-3年 / 本科	算法工程师	“五险一金 住房餐贴 带薪年假 交通补助”	金融 / 上市公司 / 2000人以上	中原银行
255	市场调研	航空港区	2020-12-04	8k-10k	8k-10k 经验3-5年 / 本科	信息收集 数据分析 竞品调研	“工作弹性 管理正规”	电商,数据服务 / 上市公司 / 2000人以上	富士康科技集团
256	客户经理	祭城	2020-08-08	6k-7k	6k-7k 经验在校/应届 / 本科	教育 移动互联网	“五险一金、工作餐、图书馆、健身房等等”	教育,移动互联网 / 不需要融资 / 150-500人	校信通
257	数据运营专员	金水区	2020-08-24	4k-6k	4k-6k 经验1-3年 / 大专	移动互联网 活动运营 游戏运营 APP运营 数据分析	“五险一金 免费午餐 体检 节假日福利 年终奖”	游戏 / 未融资 / 50-150人	百易科技
